Player,FGA,3P,3PA,2P,2PA,FT,FTA,ORB,DRB,TRB,AST,STL,BLK,TOV,PF,PTS
AJ Hammons,0.26,0.08,0.07,0.15,0.2,0.11,0.24,0.05,0.26,0.22,0.08,0.0,0.6,0.27,0.31,0.27
Aaron Brooks,0.38,0.17,0.16,0.22,0.23,0.08,0.11,0.02,0.09,0.08,0.44,0.09,0.06,0.3,0.26,0.37
Aaron Gordon,0.39,0.11,0.12,0.3,0.26,0.14,0.21,0.06,0.25,0.22,0.25,0.08,0.17,0.2,0.16,0.42
Aaron Harrison,0.27,0.09,0.16,0.07,0.11,0.1,0.18,0.02,0.15,0.12,0.14,0.12,0.08,0.08,0.25,0.21
Aaron Holiday,0.36,0.16,0.15,0.21,0.21,0.1,0.12,0.01,0.13,0.1,0.4,0.11,0.08,0.22,0.19,0.37
Aaron Jackson,0.26,0.08,0.11,0.13,0.14,0.06,0.12,0.06,0.04,0.09,0.08,0.0,0.0,0.11,0.26,0.21
Abdel Nader,0.3,0.13,0.14,0.18,0.16,0.09,0.14,0.02,0.18,0.14,0.11,0.09,0.19,0.19,0.21,0.32
Adam Mokoka,0.24,0.14,0.14,0.11,0.12,0.04,0.08,0.06,0.05,0.09,0.11,0.12,0.0,0.08,0.33,0.26
Admiral Schofield,0.25,0.15,0.16,0.1,0.08,0.06,0.09,0.02,0.16,0.12,0.13,0.05,0.06,0.07,0.3,0.24
Adreian Payne,0.31,0.06,0.08,0.22,0.24,0.11,0.16,0.04,0.27,0.22,0.16,0.1,0.17,0.27,0.38,0.3
Al Horford,0.36,0.11,0.11,0.31,0.25,0.08,0.11,0.05,0.26,0.22,0.39,0.08,0.29,0.19,0.14,0.4
Al Jefferson,0.47,0.0,0.0,0.53,0.47,0.13,0.19,0.06,0.34,0.28,0.18,0.08,0.23,0.14,0.28,0.49
Al-Farouq Aminu,0.28,0.14,0.14,0.14,0.14,0.1,0.13,0.04,0.3,0.24,0.14,0.11,0.17,0.17,0.15,0.29
Alan Anderson,0.28,0.15,0.16,0.12,0.11,0.09,0.12,0.01,0.14,0.1,0.15,0.05,0.0,0.07,0.27,0.28
Alan Williams,0.37,0.0,0.0,0.41,0.37,0.2,0.32,0.13,0.44,0.42,0.13,0.14,0.35,0.24,0.4,0.43
Alec Burks,0.4,0.15,0.14,0.26,0.26,0.22,0.27,0.02,0.21,0.17,0.25,0.1,0.06,0.21,0.17,0.44
Alec Peters,0.33,0.23,0.26,0.1,0.07,0.07,0.09,0.04,0.19,0.16,0.15,0.02,0.06,0.07,0.12,0.33
Alen Smailagic,0.29,0.06,0.09,0.28,0.19,0.22,0.28,0.07,0.18,0.19,0.26,0.06,0.23,0.32,0.22,0.39
Alex Abrines,0.28,0.23,0.21,0.07,0.07,0.06,0.08,0.02,0.1,0.09,0.09,0.09,0.04,0.1,0.24,0.3
Alex Caruso,0.26,0.1,0.09,0.16,0.16,0.12,0.17,0.02,0.13,0.11,0.35,0.15,0.12,0.24,0.2,0.29
Alex Len,0.33,0.04,0.04,0.34,0.29,0.18,0.27,0.11,0.33,0.32,0.14,0.06,0.33,0.26,0.29,0.4
Alex Poythress,0.28,0.1,0.09,0.22,0.19,0.09,0.14,0.08,0.19,0.21,0.13,0.06,0.15,0.11,0.31,0.32
Alex Stepheson,0.38,0.0,0.0,0.28,0.38,0.11,0.33,0.26,0.18,0.38,0.06,0.03,0.5,0.0,0.37,0.28
Alexis Ajinca,0.34,0.0,0.01,0.37,0.34,0.11,0.13,0.08,0.34,0.31,0.08,0.08,0.31,0.24,0.34,0.35
Alfonzo McKinnie,0.28,0.11,0.11,0.21,0.16,0.06,0.11,0.07,0.23,0.22,0.09,0.07,0.1,0.16,0.29,0.3
Alize Johnson,0.26,0.05,0.05,0.15,0.19,0.13,0.21,0.1,0.38,0.37,0.14,0.05,0.25,0.13,0.23,0.23
Allen Crabbe,0.32,0.19,0.18,0.15,0.14,0.09,0.11,0.01,0.16,0.12,0.13,0.07,0.08,0.12,0.19,0.35
Allonzo Trier,0.36,0.11,0.11,0.27,0.25,0.24,0.3,0.02,0.16,0.13,0.25,0.06,0.08,0.32,0.19,0.44
Alonzo Gee,0.16,0.03,0.04,0.16,0.12,0.06,0.09,0.04,0.17,0.15,0.13,0.12,0.08,0.14,0.24,0.18
Amar'e Stoudemire,0.29,0.0,0.0,0.37,0.29,0.13,0.18,0.08,0.3,0.29,0.1,0.06,0.42,0.24,0.28,0.36
Amile Jefferson,0.21,0.0,0.0,0.24,0.21,0.17,0.3,0.11,0.29,0.32,0.12,0.07,0.31,0.09,0.24,0.27
Amir Coffey,0.34,0.1,0.12,0.23,0.22,0.07,0.14,0.02,0.12,0.1,0.26,0.1,0.08,0.18,0.28,0.33
Amir Johnson,0.24,0.03,0.03,0.28,0.2,0.09,0.13,0.09,0.26,0.26,0.25,0.1,0.29,0.22,0.31,0.29
Anderson Varejao,0.24,0.0,0.0,0.23,0.23,0.14,0.21,0.08,0.31,0.28,0.23,0.1,0.17,0.18,0.33,0.24
Andre Drummond,0.38,0.0,0.01,0.46,0.38,0.16,0.33,0.15,0.47,0.46,0.16,0.15,0.35,0.3,0.22,0.44
Andre Iguodala,0.2,0.08,0.09,0.16,0.12,0.07,0.09,0.03,0.19,0.16,0.38,0.11,0.19,0.16,0.14,0.24
Andre Ingram,0.29,0.17,0.15,0.09,0.14,0.08,0.08,0.02,0.11,0.1,0.26,0.16,0.29,0.21,0.09,0.28
Andre Miller,0.23,0.02,0.02,0.29,0.21,0.1,0.13,0.02,0.13,0.11,0.53,0.1,0.0,0.3,0.23,0.29
Andre Roberson,0.19,0.06,0.07,0.16,0.12,0.04,0.08,0.05,0.18,0.17,0.1,0.12,0.23,0.09,0.2,0.19
Andrea Bargnani,0.44,0.02,0.02,0.44,0.41,0.14,0.17,0.04,0.16,0.15,0.08,0.02,0.1,0.18,0.21,0.43
Andrew Bogut,0.18,0.0,0.0,0.24,0.18,0.02,0.06,0.09,0.4,0.35,0.29,0.07,0.5,0.27,0.34,0.2
Andrew Goudelock,0.4,0.05,0.18,0.36,0.22,0.13,0.16,0.02,0.02,0.03,0.23,0.38,0.25,0.58,0.18,0.41
Andrew Harrison,0.28,0.1,0.11,0.16,0.18,0.19,0.25,0.02,0.12,0.1,0.39,0.1,0.1,0.23,0.28,0.31
Andrew Nicholson,0.36,0.12,0.12,0.28,0.24,0.09,0.13,0.04,0.28,0.22,0.1,0.08,0.19,0.19,0.24,0.37
Andrew White,0.35,0.25,0.24,0.08,0.11,0.02,0.04,0.02,0.22,0.17,0.08,0.04,0.06,0.14,0.13,0.3
Andrew Wiggins,0.48,0.1,0.11,0.39,0.36,0.22,0.29,0.03,0.13,0.12,0.19,0.08,0.12,0.23,0.13,0.52
Anfernee Simons,0.38,0.14,0.16,0.22,0.21,0.1,0.13,0.02,0.13,0.1,0.19,0.05,0.04,0.18,0.21,0.37
Angel Delgado,0.33,0.0,0.0,0.15,0.33,0.13,0.27,0.13,0.2,0.27,0.0,0.2,0.0,0.0,0.3,0.18
Ante Zizic,0.31,0.0,0.0,0.4,0.31,0.17,0.24,0.1,0.29,0.29,0.13,0.04,0.23,0.21,0.25,0.41
Anthony Bennett,0.34,0.13,0.18,0.19,0.17,0.19,0.27,0.08,0.31,0.29,0.1,0.08,0.08,0.19,0.16,0.37
Anthony Brown,0.23,0.11,0.13,0.09,0.1,0.04,0.06,0.02,0.17,0.13,0.11,0.08,0.04,0.11,0.14,0.19
Anthony Davis,0.54,0.06,0.07,0.57,0.48,0.37,0.46,0.07,0.36,0.31,0.21,0.12,0.5,0.24,0.15,0.69
Anthony Morrow,0.36,0.21,0.21,0.16,0.15,0.07,0.08,0.01,0.06,0.06,0.08,0.08,0.06,0.06,0.14,0.36
Anthony Tolliver,0.25,0.21,0.19,0.07,0.06,0.08,0.11,0.03,0.19,0.16,0.13,0.06,0.12,0.12,0.18,0.29
Antonio Blakeney,0.47,0.13,0.13,0.33,0.35,0.14,0.2,0.01,0.17,0.12,0.15,0.04,0.04,0.16,0.12,0.45
Antonius Cleveland,0.2,0.05,0.03,0.11,0.17,0.07,0.13,0.03,0.15,0.13,0.05,0.15,0.38,0.2,0.41,0.18
Anzejs Pasecniks,0.27,0.0,0.01,0.32,0.26,0.16,0.26,0.1,0.22,0.25,0.13,0.06,0.19,0.22,0.39,0.33
Archie Goodwin,0.37,0.06,0.09,0.32,0.28,0.25,0.36,0.03,0.15,0.13,0.31,0.07,0.08,0.34,0.16,0.42
Arinze Onuaku,0.14,0.0,0.0,0.13,0.14,0.0,0.0,0.06,0.21,0.23,0.17,0.0,0.21,0.23,0.26,0.13
Aron Baynes,0.3,0.05,0.05,0.3,0.26,0.13,0.16,0.09,0.29,0.29,0.15,0.03,0.27,0.21,0.32,0.34
Arron Afflalo,0.3,0.11,0.1,0.21,0.2,0.09,0.11,0.01,0.14,0.1,0.16,0.03,0.02,0.13,0.14,0.32
Austin Rivers,0.34,0.16,0.16,0.2,0.18,0.1,0.14,0.01,0.11,0.08,0.25,0.09,0.06,0.18,0.19,0.36
Avery Bradley,0.38,0.16,0.15,0.26,0.24,0.07,0.08,0.02,0.12,0.11,0.18,0.11,0.04,0.2,0.17,0.38
Axel Toupane,0.23,0.12,0.13,0.09,0.1,0.07,0.1,0.02,0.11,0.09,0.12,0.07,0.17,0.06,0.29,0.22
BJ Johnson,0.37,0.14,0.12,0.2,0.26,0.16,0.18,0.04,0.21,0.18,0.07,0.12,0.0,0.26,0.11,0.36
Bam Adebayo,0.28,0.0,0.01,0.35,0.28,0.19,0.27,0.08,0.33,0.3,0.33,0.09,0.27,0.28,0.2,0.37
Ben Bentil,0.3,0.0,0.09,0.0,0.21,0.0,0.0,0.0,0.32,0.21,0.0,0.0,0.0,0.37,0.21,0.0
Ben McLemore,0.34,0.2,0.19,0.17,0.16,0.09,0.12,0.02,0.13,0.11,0.13,0.09,0.08,0.2,0.24,0.37
Ben Moore,0.0,0.0,0.0,0.0,0.0,0.0,0.0,0.0,0.17,0.11,0.32,0.0,0.0,0.0,1.0,0.0
Ben Simmons,0.35,0.0,0.0,0.44,0.35,0.17,0.28,0.06,0.27,0.24,0.67,0.15,0.17,0.41,0.18,0.43
Beno Udrih,0.31,0.06,0.06,0.26,0.25,0.08,0.09,0.01,0.14,0.11,0.56,0.06,0.0,0.29,0.15,0.31
Billy Garrett,0.43,0.0,0.13,0.4,0.3,0.13,0.13,0.0,0.08,0.05,0.33,0.04,0.1,0.12,0.11,0.37
Bismack Biyombo,0.2,0.0,0.0,0.25,0.2,0.16,0.24,0.1,0.34,0.33,0.1,0.03,0.46,0.19,0.26,0.27
Blake Griffin,0.5,0.13,0.13,0.42,0.37,0.29,0.38,0.04,0.27,0.22,0.43,0.06,0.08,0.33,0.17,0.59
Boban Marjanovic,0.41,0.0,0.01,0.53,0.4,0.31,0.41,0.14,0.42,0.41,0.15,0.06,0.31,0.29,0.28,0.58
Bobby Brown,0.49,0.33,0.32,0.17,0.19,0.04,0.04,0.0,0.08,0.06,0.33,0.06,0.0,0.22,0.09,0.43
Bobby Portis,0.44,0.13,0.12,0.36,0.32,0.11,0.14,0.08,0.31,0.29,0.17,0.08,0.1,0.21,0.2,0.45
Bogdan Bogdanovic,0.41,0.21,0.19,0.23,0.21,0.11,0.13,0.02,0.15,0.11,0.36,0.11,0.06,0.22,0.17,0.43
Bojan Bogdanovic,0.39,0.19,0.17,0.25,0.22,0.18,0.21,0.02,0.16,0.12,0.16,0.06,0.02,0.23,0.13,0.47
Bol Bol,0.32,0.13,0.11,0.26,0.22,0.18,0.23,0.06,0.24,0.22,0.21,0.08,0.54,0.46,0.29,0.42
Bonzie Colson,0.4,0.14,0.21,0.19,0.18,0.17,0.18,0.08,0.35,0.31,0.1,0.15,0.06,0.13,0.08,0.37
Boris Diaw,0.27,0.05,0.06,0.25,0.21,0.07,0.08,0.04,0.16,0.14,0.37,0.05,0.08,0.27,0.15,0.28
Brad Wanamaker,0.28,0.09,0.08,0.21,0.19,0.18,0.19,0.01,0.14,0.11,0.4,0.13,0.04,0.22,0.22,0.34
Bradley Beal,0.52,0.21,0.19,0.38,0.33,0.23,0.29,0.02,0.14,0.12,0.37,0.1,0.08,0.28,0.14,0.62
Brandan Wright,0.28,0.0,0.0,0.38,0.28,0.11,0.18,0.07,0.2,0.21,0.1,0.08,0.44,0.1,0.21,0.36
Branden Dawson,0.17,0.0,0.0,0.14,0.17,0.08,0.08,0.06,0.09,0.14,0.0,0.0,0.31,0.0,0.14,0.15
Brandon Bass,0.26,0.0,0.0,0.33,0.26,0.21,0.24,0.08,0.21,0.21,0.14,0.08,0.27,0.14,0.19,0.36
Brandon Clarke,0.37,0.05,0.05,0.48,0.32,0.13,0.17,0.07,0.3,0.26,0.17,0.08,0.27,0.16,0.17,0.49
Brandon Goodwin,0.44,0.17,0.2,0.26,0.25,0.14,0.17,0.02,0.2,0.16,0.38,0.06,0.08,0.24,0.23,0.43
Brandon Ingram,0.4,0.1,0.1,0.34,0.31,0.21,0.28,0.02,0.2,0.16,0.29,0.07,0.15,0.29,0.18,0.46
Brandon Jennings,0.32,0.14,0.16,0.14,0.16,0.13,0.17,0.01,0.14,0.11,0.61,0.11,0.04,0.28,0.14,0.31
Brandon Knight,0.44,0.17,0.18,0.26,0.26,0.16,0.19,0.02,0.12,0.1,0.36,0.08,0.06,0.32,0.16,0.44
Brandon Paul,0.22,0.06,0.09,0.15,0.12,0.07,0.16,0.01,0.17,0.12,0.19,0.13,0.08,0.22,0.22,0.23
Brandon Rush,0.22,0.15,0.13,0.08,0.09,0.03,0.04,0.02,0.17,0.14,0.15,0.07,0.17,0.11,0.1,0.22
Brandon Sampson,0.28,0.15,0.14,0.18,0.14,0.04,0.05,0.01,0.09,0.07,0.13,0.12,0.1,0.23,0.21,0.3
Brian Bowen,0.33,0.0,0.06,0.22,0.25,0.0,0.0,0.04,0.29,0.23,0.0,0.0,0.29,0.16,0.22,0.17
Brian Roberts,0.32,0.09,0.09,0.24,0.23,0.17,0.19,0.01,0.12,0.09,0.36,0.07,0.0,0.21,0.14,0.36
Briante Weber,0.24,0.02,0.04,0.2,0.19,0.07,0.11,0.04,0.15,0.14,0.29,0.2,0.1,0.21,0.2,0.21
Brice Johnson,0.45,0.0,0.0,0.44,0.45,0.04,0.08,0.1,0.32,0.31,0.06,0.29,0.44,0.23,0.26,0.39
Brook Lopez,0.43,0.14,0.15,0.35,0.29,0.18,0.23,0.04,0.21,0.19,0.17,0.07,0.5,0.22,0.21,0.5
Bruce Brown,0.25,0.05,0.06,0.19,0.18,0.08,0.12,0.03,0.18,0.15,0.29,0.1,0.17,0.19,0.25,0.24
Bruno Caboclo,0.3,0.15,0.16,0.16,0.15,0.09,0.11,0.07,0.21,0.21,0.17,0.09,0.33,0.21,0.23,0.31
Bruno Fernando,0.28,0.02,0.06,0.32,0.23,0.08,0.14,0.09,0.27,0.28,0.21,0.08,0.19,0.26,0.34,0.31
Bryce Cotton,0.24,0.0,0.08,0.23,0.18,0.0,0.0,0.0,0.0,0.0,0.23,0.24,0.0,0.49,0.09,0.18
Bryce Dejean-Jones,0.25,0.13,0.12,0.12,0.13,0.08,0.15,0.03,0.22,0.17,0.16,0.11,0.04,0.16,0.14,0.26
Bryn Forbes,0.34,0.21,0.19,0.17,0.16,0.07,0.08,0.01,0.12,0.09,0.2,0.06,0.0,0.13,0.16,0.37
Buddy Hield,0.48,0.29,0.24,0.25,0.24,0.09,0.11,0.03,0.18,0.15,0.23,0.08,0.08,0.24,0.16,0.52
CJ McCollum,0.52,0.2,0.18,0.38,0.35,0.14,0.17,0.02,0.13,0.11,0.3,0.08,0.08,0.22,0.16,0.56
CJ Miles,0.4,0.28,0.27,0.14,0.14,0.12,0.14,0.01,0.15,0.12,0.11,0.09,0.1,0.13,0.21,0.43
CJ Watson,0.23,0.08,0.09,0.12,0.14,0.11,0.12,0.02,0.12,0.09,0.34,0.12,0.04,0.18,0.18,0.23
CJ Wilcox,0.36,0.14,0.13,0.19,0.21,0.07,0.1,0.02,0.1,0.08,0.24,0.15,0.12,0.13,0.19,0.3
CJ Williams,0.28,0.09,0.11,0.21,0.16,0.03,0.04,0.01,0.1,0.08,0.18,0.13,0.1,0.12,0.21,0.27
Caleb Martin,0.27,0.17,0.12,0.11,0.15,0.1,0.14,0.03,0.14,0.12,0.21,0.12,0.17,0.18,0.23,0.32
Caleb Swanigan,0.24,0.0,0.02,0.23,0.22,0.09,0.14,0.09,0.36,0.33,0.23,0.07,0.08,0.46,0.44,0.24
Cam Reddish,0.36,0.15,0.16,0.19,0.19,0.13,0.17,0.02,0.18,0.14,0.16,0.12,0.15,0.26,0.19,0.36
Cameron Bairstow,0.39,0.05,0.05,0.28,0.33,0.14,0.14,0.04,0.34,0.28,0.15,0.05,0.27,0.14,0.43,0.3
Cameron Johnson,0.32,0.25,0.22,0.12,0.11,0.07,0.09,0.04,0.16,0.15,0.16,0.08,0.15,0.11,0.16,0.36
Cameron Payne,0.37,0.16,0.15,0.22,0.22,0.06,0.07,0.02,0.15,0.12,0.44,0.12,0.08,0.24,0.22,0.34
Cameron Reynolds,0.3,0.23,0.2,0.1,0.1,0.06,0.07,0.01,0.15,0.12,0.15,0.07,0.06,0.09,0.23,0.33
Caris LeVert,0.42,0.14,0.15,0.31,0.28,0.16,0.22,0.03,0.17,0.14,0.4,0.12,0.08,0.3,0.17,0.45
Carl Landry,0.44,0.04,0.02,0.52,0.42,0.24,0.32,0.09,0.26,0.26,0.17,0.06,0.1,0.16,0.27,0.56
Carmelo Anthony,0.49,0.15,0.15,0.34,0.34,0.19,0.23,0.03,0.24,0.19,0.21,0.08,0.1,0.21,0.18,0.52
Caron Butler,0.34,0.06,0.11,0.28,0.23,0.12,0.13,0.03,0.15,0.12,0.17,0.14,0.06,0.08,0.24,0.32
Carsen Edwards,0.37,0.18,0.22,0.12,0.15,0.08,0.11,0.02,0.18,0.14,0.18,0.09,0.08,0.17,0.21,0.32
Cedi Osman,0.32,0.16,0.16,0.19,0.17,0.09,0.13,0.02,0.18,0.14,0.21,0.08,0.02,0.19,0.19,0.35
Chandler Hutchison,0.27,0.06,0.06,0.24,0.21,0.1,0.16,0.04,0.26,0.21,0.12,0.11,0.08,0.14,0.17,0.29
Chandler Parsons,0.35,0.16,0.16,0.22,0.2,0.09,0.12,0.01,0.2,0.14,0.26,0.09,0.1,0.21,0.16,0.37
Channing Frye,0.33,0.24,0.21,0.14,0.12,0.07,0.08,0.02,0.26,0.2,0.13,0.08,0.19,0.16,0.23,0.37
Charles Cooke,0.38,0.1,0.21,0.08,0.17,0.07,0.14,0.0,0.1,0.07,0.1,0.1,0.0,0.13,0.0,0.16
Charlie Brown,0.48,0.21,0.22,0.17,0.25,0.25,0.25,0.05,0.08,0.1,0.14,0.15,0.38,0.3,0.17,0.45
Charlie Villanueva,0.49,0.21,0.26,0.28,0.23,0.07,0.07,0.04,0.3,0.23,0.1,0.08,0.15,0.19,0.23,0.43
Chase Budinger,0.26,0.08,0.09,0.19,0.16,0.08,0.11,0.05,0.17,0.16,0.21,0.11,0.1,0.2,0.14,0.27
Chasson Randle,0.29,0.17,0.15,0.14,0.14,0.16,0.2,0.01,0.1,0.09,0.35,0.11,0.06,0.23,0.28,0.35
Cheick Diallo,0.31,0.0,0.0,0.41,0.31,0.13,0.18,0.08,0.4,0.35,0.1,0.08,0.25,0.2,0.28,0.4
Chimezie Metu,0.4,0.0,0.02,0.38,0.38,0.19,0.23,0.08,0.28,0.28,0.27,0.12,0.29,0.38,0.17,0.39
Chinanu Onuaku,0.16,0.0,0.0,0.22,0.16,0.11,0.11,0.04,0.22,0.19,0.16,0.12,0.12,0.39,0.31,0.22
Chris Andersen,0.18,0.02,0.03,0.19,0.15,0.14,0.19,0.09,0.25,0.25,0.09,0.12,0.29,0.12,0.22,0.23
Chris Bosh,0.43,0.13,0.12,0.35,0.31,0.24,0.31,0.03,0.29,0.22,0.21,0.07,0.12,0.18,0.12,0.52
Chris Boucher,0.38,0.13,0.16,0.29,0.22,0.21,0.26,0.13,0.32,0.34,0.08,0.08,0.62,0.14,0.33,0.46
Chris Chiozza,0.34,0.18,0.18,0.14,0.16,0.02,0.02,0.02,0.16,0.13,0.58,0.14,0.06,0.29,0.2,0.31
Chris Clemons,0.49,0.36,0.36,0.16,0.12,0.07,0.07,0.01,0.14,0.1,0.26,0.1,0.17,0.28,0.21,0.51
Chris Copeland,0.32,0.17,0.23,0.11,0.09,0.06,0.09,0.0,0.09,0.06,0.22,0.05,0.0,0.12,0.24,0.29
Chris Johnson,0.23,0.1,0.11,0.11,0.11,0.08,0.1,0.03,0.18,0.16,0.14,0.12,0.19,0.2,0.26,0.22
Chris Kaman,0.39,0.04,0.03,0.39,0.34,0.06,0.06,0.06,0.24,0.21,0.29,0.04,0.1,0.29,0.29,0.36
Chris McCullough,0.34,0.1,0.09,0.28,0.26,0.09,0.16,0.08,0.2,0.21,0.1,0.17,0.25,0.13,0.22,0.33
Chris Paul,0.42,0.18,0.16,0.29,0.26,0.23,0.25,0.02,0.2,0.15,0.75,0.17,0.04,0.3,0.17,0.51
Chris Silva,0.23,0.0,0.01,0.31,0.21,0.2,0.31,0.18,0.28,0.37,0.18,0.08,0.48,0.36,0.54,0.35
Christian Wood,0.38,0.1,0.1,0.39,0.28,0.27,0.37,0.08,0.32,0.3,0.1,0.08,0.33,0.24,0.17,0.53
Chuck Hayes,0.08,0.0,0.0,0.09,0.08,0.17,0.17,0.0,0.5,0.33,0.24,0.0,0.0,0.5,0.56,0.15
Cleanthony Early,0.26,0.06,0.1,0.12,0.16,0.04,0.04,0.02,0.21,0.16,0.13,0.03,0.17,0.22,0.22,0.18
Cliff Alexander,0.27,0.0,0.0,0.3,0.27,0.0,0.0,0.04,0.17,0.18,0.0,0.07,0.33,0.09,0.05,0.24
Clint Capela,0.32,0.0,0.0,0.46,0.32,0.13,0.23,0.13,0.37,0.38,0.1,0.08,0.42,0.2,0.22,0.43
Coby White,0.47,0.22,0.22,0.24,0.25,0.12,0.16,0.02,0.18,0.14,0.3,0.09,0.02,0.27,0.16,0.46
Cody Martin,0.23,0.06,0.09,0.18,0.14,0.09,0.15,0.04,0.2,0.18,0.3,0.12,0.08,0.19,0.19,0.24
Cody Zeller,0.28,0.01,0.02,0.33,0.26,0.18,0.24,0.09,0.26,0.27,0.17,0.1,0.25,0.18,0.26,0.36
Cole Aldrich,0.24,0.0,0.0,0.3,0.24,0.11,0.17,0.1,0.34,0.33,0.15,0.16,0.46,0.24,0.37,0.29
Collin Sexton,0.48,0.13,0.11,0.39,0.37,0.18,0.22,0.02,0.1,0.09,0.26,0.07,0.02,0.29,0.16,0.52
Corey Brewer,0.29,0.08,0.11,0.21,0.18,0.11,0.15,0.03,0.15,0.13,0.18,0.18,0.08,0.17,0.25,0.29
Cory Jefferson,0.45,0.0,0.02,0.4,0.42,0.16,0.26,0.13,0.29,0.32,0.0,0.0,0.12,0.0,0.36,0.41
Cory Joseph,0.28,0.06,0.08,0.21,0.2,0.08,0.1,0.02,0.14,0.12,0.38,0.11,0.06,0.19,0.15,0.28
Coty Clarke,0.65,1.0,0.35,0.0,0.35,0.0,0.0,0.0,0.22,0.15,0.0,0.0,0.0,0.6,0.0,0.91
Courtney Lee,0.29,0.13,0.11,0.2,0.18,0.08,0.09,0.01,0.12,0.1,0.2,0.11,0.08,0.13,0.12,0.32
Cristiano Felicio,0.22,0.0,0.01,0.28,0.21,0.12,0.18,0.11,0.25,0.28,0.13,0.06,0.1,0.17,0.22,0.28
D'Angelo Russell,0.53,0.24,0.23,0.32,0.3,0.15,0.2,0.02,0.16,0.13,0.52,0.12,0.04,0.4,0.15,0.55
DJ Augustin,0.31,0.17,0.15,0.16,0.16,0.18,0.22,0.01,0.1,0.09,0.48,0.08,0.0,0.24,0.12,0.38
DJ Stephens,0.29,0.0,0.0,0.32,0.29,0.0,0.0,0.0,0.0,0.0,0.0,0.42,0.0,0.57,0.0,0.26
DJ Wilson,0.3,0.14,0.16,0.16,0.15,0.07,0.1,0.05,0.3,0.24,0.16,0.05,0.12,0.17,0.22,0.3
DaQuan Jeffries,0.29,0.1,0.13,0.25,0.16,0.07,0.09,0.02,0.17,0.13,0.13,0.08,0.06,0.08,0.31,0.32
Dahntay Jones,0.41,0.06,0.08,0.33,0.33,0.11,0.15,0.04,0.14,0.13,0.16,0.06,0.27,0.08,0.29,0.37
Dairis Bertans,0.28,0.17,0.2,0.03,0.08,0.0,0.0,0.01,0.07,0.06,0.17,0.02,0.0,0.06,0.1,0.18
Dakari Johnson,0.25,0.0,0.0,0.3,0.25,0.16,0.23,0.1,0.18,0.21,0.17,0.12,0.44,0.08,0.39,0.32
Damian Jones,0.2,0.0,0.01,0.29,0.19,0.13,0.18,0.08,0.2,0.22,0.12,0.08,0.38,0.14,0.37,0.3
Damian Lillard,0.54,0.25,0.24,0.34,0.31,0.35,0.39,0.02,0.16,0.12,0.54,0.08,0.08,0.31,0.12,0.68
Damien Inglis,0.23,0.07,0.08,0.14,0.15,0.1,0.1,0.01,0.27,0.21,0.18,0.12,0.19,0.31,0.18,0.21
Damien Wilkins,0.26,0.07,0.11,0.14,0.14,0.05,0.05,0.04,0.11,0.1,0.17,0.04,0.1,0.16,0.11,0.19
Damion Lee,0.36,0.16,0.17,0.21,0.19,0.14,0.16,0.02,0.22,0.17,0.22,0.12,0.04,0.18,0.18,0.39
Damjan Rudez,0.25,0.19,0.2,0.06,0.07,0.03,0.03,0.01,0.08,0.08,0.15,0.08,0.0,0.16,0.24,0.24
Damyean Dotson,0.35,0.18,0.18,0.19,0.18,0.07,0.09,0.01,0.17,0.13,0.2,0.09,0.04,0.14,0.14,0.35
Daniel Gafford,0.22,0.0,0.0,0.35,0.22,0.1,0.19,0.08,0.14,0.18,0.1,0.07,0.69,0.2,0.36,0.33
Daniel Hamilton,0.3,0.12,0.12,0.17,0.18,0.02,0.04,0.04,0.27,0.22,0.37,0.1,0.0,0.3,0.19,0.27
Daniel Ochefu,0.36,0.0,0.0,0.34,0.36,0.0,0.05,0.08,0.35,0.31,0.14,0.08,0.0,0.2,0.52,0.3
Daniel Theis,0.27,0.06,0.06,0.29,0.21,0.12,0.16,0.09,0.26,0.27,0.2,0.08,0.38,0.16,0.36,0.35
Danilo Gallinari,0.4,0.2,0.18,0.24,0.22,0.34,0.38,0.02,0.22,0.17,0.21,0.07,0.06,0.17,0.11,0.54
Danny Green,0.28,0.2,0.18,0.1,0.1,0.04,0.04,0.02,0.17,0.14,0.17,0.12,0.23,0.16,0.16,0.29
Dante Cunningham,0.21,0.1,0.1,0.14,0.12,0.04,0.06,0.04,0.19,0.16,0.1,0.07,0.15,0.08,0.17,0.23
Dante Exum,0.31,0.09,0.1,0.23,0.21,0.14,0.18,0.02,0.14,0.11,0.33,0.08,0.08,0.29,0.23,0.34
Danuel House,0.28,0.18,0.18,0.13,0.1,0.09,0.12,0.03,0.18,0.14,0.13,0.09,0.1,0.12,0.16,0.33
Dario Saric,0.38,0.16,0.16,0.24,0.21,0.14,0.17,0.06,0.26,0.23,0.23,0.07,0.06,0.26,0.19,0.42
Darius Bazley,0.28,0.13,0.12,0.14,0.16,0.08,0.11,0.03,0.28,0.22,0.11,0.07,0.29,0.16,0.11,0.28
Darius Garland,0.38,0.17,0.16,0.22,0.22,0.07,0.08,0.02,0.07,0.06,0.36,0.07,0.02,0.33,0.12,0.36
Darius Miller,0.26,0.22,0.2,0.08,0.07,0.07,0.07,0.01,0.1,0.08,0.2,0.06,0.08,0.13,0.2,0.3
Darrell Arthur,0.33,0.13,0.11,0.23,0.21,0.06,0.07,0.05,0.2,0.18,0.17,0.1,0.25,0.2,0.28,0.33
Darren Collison,0.33,0.12,0.09,0.27,0.24,0.15,0.17,0.01,0.11,0.09,0.49,0.12,0.02,0.22,0.14,0.39
Darrun Hilliard,0.32,0.09,0.12,0.19,0.2,0.13,0.17,0.01,0.14,0.09,0.25,0.07,0.0,0.26,0.19,0.31
Daryl Macon,0.29,0.17,0.13,0.11,0.16,0.07,0.14,0.02,0.14,0.11,0.23,0.03,0.0,0.32,0.21,0.28
David Lee,0.31,0.0,0.0,0.41,0.31,0.12,0.17,0.11,0.31,0.31,0.25,0.07,0.21,0.24,0.22,0.38
David Nwaba,0.25,0.04,0.05,0.24,0.21,0.14,0.22,0.05,0.2,0.18,0.15,0.1,0.15,0.16,0.23,0.31
David Stockton,0.33,0.67,0.33,0.0,0.0,0.87,0.87,0.0,0.0,0.0,0.0,0.0,0.0,0.4,0.75,1.0
David West,0.33,0.0,0.01,0.41,0.32,0.11,0.13,0.05,0.26,0.23,0.38,0.12,0.4,0.27,0.26,0.38
Davis Bertans,0.33,0.29,0.24,0.09,0.09,0.08,0.11,0.02,0.19,0.15,0.17,0.07,0.17,0.13,0.19,0.39
Davon Reed,0.3,0.12,0.15,0.12,0.16,0.07,0.08,0.01,0.21,0.16,0.15,0.12,0.08,0.17,0.14,0.23
De'Aaron Fox,0.44,0.09,0.09,0.38,0.35,0.22,0.31,0.02,0.14,0.11,0.57,0.14,0.1,0.36,0.19,0.48
De'Andre Hunter,0.34,0.15,0.15,0.19,0.19,0.11,0.14,0.02,0.18,0.14,0.16,0.07,0.06,0.2,0.21,0.35
De'Anthony Melton,0.31,0.09,0.11,0.19,0.19,0.1,0.14,0.03,0.2,0.16,0.44,0.2,0.15,0.29,0.23,0.3
DeAndre Jordan,0.22,0.0,0.0,0.34,0.22,0.17,0.32,0.12,0.49,0.44,0.15,0.06,0.35,0.21,0.19,0.35
DeAndre Liggins,0.17,0.07,0.06,0.09,0.1,0.03,0.07,0.02,0.15,0.12,0.18,0.17,0.12,0.16,0.25,0.15
DeAndre' Bembry,0.29,0.06,0.08,0.24,0.21,0.07,0.12,0.03,0.22,0.18,0.28,0.16,0.15,0.29,0.21,0.29
DeJuan Blair,0.31,0.0,0.0,0.3,0.31,0.06,0.11,0.09,0.26,0.27,0.15,0.12,0.1,0.27,0.54,0.26
DeMar DeRozan,0.51,0.04,0.05,0.51,0.46,0.35,0.42,0.02,0.18,0.14,0.41,0.09,0.06,0.28,0.14,0.61
DeMarcus Cousins,0.55,0.13,0.13,0.47,0.42,0.39,0.52,0.06,0.41,0.33,0.36,0.13,0.31,0.47,0.25,0.68
DeMarre Carroll,0.33,0.17,0.17,0.16,0.16,0.16,0.21,0.04,0.22,0.19,0.15,0.1,0.08,0.16,0.18,0.37
DeVaughn Akoon-Purcell,0.45,0.0,0.19,0.29,0.29,0.07,0.19,0.03,0.19,0.19,0.83,0.29,0.0,0.39,0.44,0.29
Dean Wade,0.19,0.1,0.05,0.23,0.14,0.0,0.03,0.03,0.33,0.27,0.1,0.1,0.38,0.13,0.27,0.26
Deandre Ayton,0.42,0.0,0.01,0.54,0.41,0.12,0.17,0.11,0.35,0.34,0.17,0.08,0.27,0.24,0.21,0.49
Dejounte Murray,0.36,0.04,0.04,0.33,0.32,0.12,0.16,0.05,0.28,0.24,0.42,0.18,0.1,0.31,0.19,0.36
Delon Wright,0.3,0.09,0.09,0.22,0.21,0.13,0.17,0.04,0.18,0.16,0.42,0.15,0.15,0.2,0.14,0.34
Demetrius Jackson,0.27,0.11,0.1,0.22,0.17,0.12,0.19,0.06,0.12,0.13,0.38,0.18,0.0,0.31,0.18,0.32
Deng Adel,0.19,0.09,0.12,0.07,0.07,0.04,0.04,0.02,0.12,0.1,0.09,0.03,0.15,0.12,0.16,0.15
Dennis Schroder,0.5,0.14,0.14,0.38,0.36,0.18,0.22,0.02,0.14,0.11,0.5,0.09,0.06,0.37,0.17,0.52
Dennis Smith,0.46,0.13,0.15,0.31,0.31,0.13,0.2,0.03,0.14,0.12,0.49,0.12,0.08,0.4,0.19,0.43
Denzel Valentine,0.35,0.21,0.2,0.15,0.15,0.03,0.05,0.02,0.23,0.17,0.29,0.1,0.04,0.19,0.21,0.34
Deonte Burton,0.34,0.1,0.13,0.21,0.21,0.05,0.09,0.02,0.18,0.14,0.13,0.08,0.27,0.19,0.24,0.28
Deron Williams,0.37,0.13,0.14,0.24,0.23,0.14,0.17,0.01,0.12,0.09,0.56,0.08,0.04,0.3,0.18,0.39
Derrick Favors,0.34,0.01,0.02,0.42,0.32,0.14,0.21,0.1,0.28,0.29,0.14,0.09,0.33,0.18,0.19,0.41
Derrick Jones,0.26,0.06,0.08,0.24,0.18,0.13,0.18,0.07,0.17,0.18,0.1,0.11,0.23,0.1,0.23,0.31
Derrick Rose,0.51,0.06,0.08,0.48,0.44,0.18,0.21,0.02,0.12,0.11,0.44,0.07,0.06,0.31,0.09,0.53
Derrick Walton,0.16,0.12,0.11,0.05,0.05,0.06,0.08,0.01,0.11,0.09,0.3,0.09,0.08,0.09,0.17,0.19
Derrick White,0.32,0.11,0.1,0.25,0.21,0.16,0.2,0.02,0.18,0.14,0.42,0.1,0.23,0.22,0.19,0.38
Derrick Williams,0.36,0.1,0.11,0.29,0.25,0.22,0.31,0.03,0.24,0.19,0.13,0.05,0.04,0.17,0.13,0.43
Devin Booker,0.51,0.17,0.16,0.39,0.35,0.31,0.34,0.01,0.14,0.11,0.4,0.08,0.06,0.39,0.21,0.61
Devin Harris,0.32,0.14,0.16,0.18,0.16,0.19,0.23,0.01,0.14,0.11,0.32,0.12,0.08,0.22,0.24,0.37
Devin Robinson,0.32,0.0,0.01,0.42,0.3,0.16,0.27,0.08,0.23,0.23,0.17,0.13,0.44,0.06,0.27,0.41
Devon Hall,0.36,0.15,0.2,0.06,0.16,0.11,0.19,0.03,0.1,0.08,0.46,0.16,0.1,0.27,0.15,0.22
Devontae Cacok,0.67,0.0,0.0,0.75,0.67,0.0,0.0,0.22,0.5,0.56,0.32,0.0,0.0,0.0,0.0,0.61
Devonte' Graham,0.41,0.25,0.24,0.14,0.16,0.16,0.19,0.02,0.11,0.09,0.58,0.09,0.06,0.29,0.12,0.43
Devyn Marble,0.28,0.1,0.12,0.12,0.16,0.09,0.2,0.02,0.18,0.16,0.13,0.17,0.0,0.09,0.22,0.21
Dewan Hernandez,0.49,0.12,0.06,0.34,0.43,0.21,0.34,0.17,0.48,0.49,0.3,0.12,0.0,0.42,0.48,0.44
Dewayne Dedmon,0.29,0.07,0.08,0.28,0.2,0.1,0.13,0.08,0.38,0.33,0.13,0.09,0.35,0.22,0.3,0.34
Deyonta Davis,0.26,0.0,0.0,0.36,0.26,0.08,0.13,0.08,0.28,0.26,0.1,0.05,0.38,0.13,0.32,0.32
Diamond Stone,0.56,0.0,0.0,0.26,0.56,0.36,0.36,0.03,0.31,0.26,0.0,0.0,0.23,0.36,0.46,0.37
Dillon Brooks,0.41,0.15,0.15,0.27,0.26,0.13,0.17,0.02,0.12,0.11,0.17,0.08,0.08,0.21,0.26,0.42
Dion Waiters,0.41,0.17,0.16,0.24,0.24,0.1,0.14,0.01,0.13,0.1,0.29,0.1,0.08,0.26,0.16,0.4
Dirk Nowitzki,0.45,0.18,0.17,0.31,0.28,0.15,0.17,0.02,0.31,0.22,0.16,0.06,0.19,0.12,0.17,0.48
Domantas Sabonis,0.36,0.03,0.04,0.39,0.32,0.17,0.23,0.08,0.35,0.31,0.29,0.07,0.12,0.3,0.26,0.43
Donald Sloan,0.26,0.08,0.08,0.2,0.19,0.12,0.16,0.01,0.18,0.13,0.58,0.07,0.04,0.24,0.12,0.3
Donatas Motiejunas,0.34,0.08,0.1,0.28,0.24,0.12,0.2,0.06,0.21,0.21,0.21,0.11,0.1,0.31,0.29,0.34
Donovan Mitchell,0.56,0.21,0.2,0.39,0.36,0.22,0.27,0.02,0.15,0.12,0.34,0.12,0.06,0.32,0.18,0.61
Donta Hall,0.16,0.0,0.0,0.26,0.16,0.13,0.27,0.11,0.27,0.28,0.08,0.06,0.35,0.17,0.39,0.27
Donte DiVincenzo,0.33,0.15,0.17,0.21,0.16,0.08,0.11,0.04,0.23,0.2,0.28,0.16,0.1,0.23,0.18,0.35
Donte Grantham,1.0,0.0,1.0,0.0,0.0,0.0,0.0,0.0,0.0,0.0,0.0,0.0,0.0,0.0,0.0,0.0
Dorian Finney-Smith,0.24,0.13,0.13,0.14,0.11,0.07,0.09,0.06,0.18,0.18,0.14,0.08,0.12,0.13,0.19,0.26
Doug McDermott,0.33,0.17,0.15,0.21,0.18,0.08,0.09,0.02,0.14,0.11,0.12,0.02,0.04,0.11,0.16,0.38
Dragan Bender,0.25,0.14,0.15,0.11,0.1,0.05,0.07,0.03,0.24,0.19,0.18,0.04,0.23,0.22,0.22,0.24
Draymond Green,0.26,0.09,0.1,0.19,0.16,0.12,0.16,0.04,0.31,0.24,0.62,0.15,0.27,0.33,0.19,0.29
Drew Eubanks,0.24,0.0,0.0,0.34,0.23,0.16,0.21,0.09,0.33,0.3,0.17,0.07,0.44,0.28,0.29,0.35
Drew Gooden,0.33,0.06,0.14,0.2,0.21,0.06,0.1,0.09,0.28,0.28,0.11,0.09,0.29,0.16,0.29,0.24
Duje Dukan,0.42,0.24,0.21,0.0,0.21,0.0,0.0,0.08,0.12,0.17,0.12,0.12,0.0,0.0,0.19,0.23
Duncan Robinson,0.31,0.35,0.28,0.06,0.04,0.06,0.07,0.0,0.15,0.11,0.13,0.06,0.06,0.12,0.19,0.4
Dusty Hannahs,0.53,0.14,0.2,0.28,0.33,0.21,0.21,0.0,0.08,0.05,0.35,0.06,0.0,0.08,0.11,0.46
Dwayne Bacon,0.32,0.09,0.09,0.22,0.23,0.09,0.11,0.01,0.2,0.14,0.17,0.08,0.04,0.16,0.18,0.3
Dwight Buycks,0.46,0.1,0.11,0.35,0.36,0.16,0.19,0.03,0.1,0.09,0.39,0.14,0.04,0.36,0.2,0.46
Dwight Howard,0.29,0.0,0.0,0.41,0.29,0.22,0.41,0.11,0.42,0.4,0.12,0.08,0.38,0.3,0.25,0.42
Dwight Powell,0.27,0.05,0.05,0.31,0.22,0.18,0.24,0.08,0.25,0.25,0.14,0.11,0.19,0.14,0.25,0.38
Dwyane Wade,0.5,0.06,0.08,0.45,0.43,0.23,0.3,0.04,0.17,0.15,0.42,0.11,0.17,0.36,0.14,0.53
Dzanan Musa,0.38,0.1,0.17,0.23,0.21,0.17,0.24,0.04,0.2,0.18,0.24,0.08,0.0,0.3,0.12,0.37
E'Twaun Moore,0.34,0.13,0.12,0.26,0.22,0.05,0.07,0.02,0.11,0.09,0.23,0.08,0.08,0.16,0.17,0.36
Ed Davis,0.2,0.0,0.0,0.26,0.2,0.12,0.2,0.13,0.39,0.39,0.11,0.08,0.25,0.18,0.32,0.27
Edmond Sumner,0.32,0.1,0.12,0.21,0.19,0.1,0.17,0.03,0.11,0.11,0.29,0.12,0.19,0.2,0.24,0.3
Edy Tavares,0.23,0.0,0.0,0.34,0.23,0.05,0.21,0.1,0.31,0.32,0.11,0.04,0.88,0.26,0.23,0.29
Ekpe Udoh,0.17,0.0,0.0,0.22,0.17,0.1,0.16,0.08,0.2,0.21,0.2,0.15,0.69,0.12,0.28,0.23
Elfrid Payton,0.36,0.05,0.06,0.33,0.3,0.11,0.17,0.04,0.18,0.15,0.66,0.12,0.1,0.33,0.16,0.36
Elie Okobo,0.28,0.11,0.12,0.16,0.16,0.11,0.14,0.02,0.15,0.11,0.4,0.1,0.04,0.26,0.22,0.28
Elijah Millsap,0.24,0.0,0.07,0.12,0.17,0.13,0.2,0.04,0.25,0.21,0.29,0.1,0.08,0.22,0.41,0.18
Elliot Williams,0.22,0.06,0.09,0.05,0.13,0.13,0.18,0.02,0.1,0.09,0.25,0.0,0.0,0.09,0.1,0.16
Elton Brand,0.32,0.0,0.01,0.31,0.32,0.08,0.08,0.04,0.36,0.28,0.24,0.12,0.29,0.18,0.32,0.28
Emanuel Terry,0.3,0.0,0.0,0.38,0.3,0.18,0.34,0.13,0.25,0.3,0.26,0.39,0.0,0.37,0.38,0.39
Emeka Okafor,0.27,0.0,0.0,0.3,0.27,0.11,0.12,0.13,0.31,0.34,0.06,0.07,0.54,0.14,0.2,0.29
Emmanuel Mudiay,0.43,0.11,0.12,0.3,0.31,0.16,0.22,0.02,0.16,0.12,0.45,0.09,0.1,0.37,0.15,0.42
Enes Kanter,0.41,0.02,0.01,0.52,0.41,0.21,0.26,0.14,0.37,0.39,0.14,0.06,0.17,0.28,0.22,0.53
Eric Bledsoe,0.44,0.14,0.15,0.34,0.29,0.23,0.29,0.02,0.18,0.14,0.52,0.15,0.12,0.37,0.17,0.53
Eric Gordon,0.43,0.28,0.27,0.18,0.16,0.14,0.17,0.01,0.1,0.08,0.2,0.07,0.1,0.2,0.14,0.47
Eric Mika,0.16,0.0,0.0,0.24,0.16,0.21,0.21,0.11,0.4,0.37,0.0,0.0,0.0,0.0,0.59,0.29
Eric Moreland,0.15,0.0,0.0,0.18,0.15,0.03,0.07,0.1,0.38,0.35,0.25,0.11,0.46,0.21,0.32,0.16
Eric Paschall,0.39,0.06,0.08,0.38,0.31,0.19,0.26,0.05,0.18,0.17,0.21,0.06,0.06,0.23,0.17,0.46
Erick Green,0.3,0.06,0.13,0.19,0.19,0.08,0.08,0.06,0.1,0.15,0.18,0.07,0.0,0.0,0.19,0.27
Erik McCree,0.25,0.0,0.1,0.0,0.1,0.0,0.0,0.0,0.15,0.1,0.0,0.3,0.0,0.4,0.0,0.0
Ersan Ilyasova,0.36,0.15,0.15,0.23,0.21,0.12,0.17,0.07,0.25,0.24,0.14,0.08,0.1,0.18,0.23,0.39
Evan Fournier,0.41,0.19,0.18,0.28,0.24,0.16,0.19,0.01,0.12,0.09,0.28,0.09,0.02,0.22,0.18,0.47
Evan Turner,0.3,0.03,0.05,0.28,0.26,0.11,0.13,0.02,0.21,0.16,0.38,0.08,0.08,0.26,0.16,0.31
Festus Ezeli,0.3,0.0,0.0,0.36,0.3,0.18,0.35,0.12,0.32,0.34,0.12,0.08,0.5,0.19,0.27,0.38
Frank Jackson,0.4,0.14,0.16,0.26,0.24,0.11,0.14,0.02,0.13,0.11,0.19,0.08,0.0,0.2,0.19,0.4
Frank Kaminsky,0.38,0.16,0.16,0.24,0.22,0.14,0.2,0.04,0.22,0.18,0.21,0.07,0.15,0.17,0.16,0.41
Frank Mason,0.39,0.1,0.11,0.28,0.28,0.18,0.24,0.02,0.15,0.12,0.48,0.12,0.1,0.29,0.18,0.4
Frank Ntilikina,0.29,0.1,0.11,0.17,0.19,0.07,0.08,0.02,0.12,0.1,0.41,0.12,0.1,0.27,0.26,0.26
Fred VanVleet,0.37,0.19,0.18,0.19,0.19,0.13,0.16,0.01,0.15,0.11,0.49,0.12,0.1,0.22,0.17,0.4
Furkan Korkmaz,0.36,0.25,0.22,0.14,0.14,0.11,0.13,0.02,0.17,0.12,0.17,0.08,0.04,0.13,0.17,0.39
Gabe Vincent,0.44,0.21,0.32,0.05,0.12,0.0,0.0,0.0,0.1,0.06,0.21,0.19,0.0,0.04,0.17,0.24
Garrett Temple,0.28,0.15,0.15,0.13,0.13,0.08,0.11,0.02,0.14,0.11,0.22,0.12,0.12,0.16,0.2,0.29
Garrison Mathews,0.25,0.25,0.21,0.06,0.05,0.27,0.3,0.02,0.12,0.1,0.13,0.09,0.06,0.12,0.32,0.39
Gary Clark,0.24,0.2,0.21,0.05,0.03,0.03,0.03,0.05,0.21,0.18,0.09,0.07,0.29,0.07,0.18,0.23
Gary Harris,0.35,0.15,0.14,0.25,0.21,0.11,0.13,0.02,0.1,0.09,0.21,0.12,0.04,0.17,0.14,0.39
Gary Neal,0.4,0.14,0.12,0.3,0.28,0.12,0.14,0.02,0.13,0.1,0.16,0.08,0.0,0.14,0.15,0.44
Gary Payton,0.29,0.07,0.1,0.19,0.18,0.03,0.06,0.06,0.19,0.18,0.32,0.19,0.12,0.19,0.29,0.25
Gary Trent,0.34,0.22,0.2,0.14,0.14,0.05,0.07,0.02,0.09,0.08,0.13,0.09,0.08,0.07,0.14,0.36
George Hill,0.31,0.14,0.13,0.21,0.18,0.12,0.16,0.02,0.14,0.11,0.33,0.1,0.06,0.18,0.16,0.37
George King,0.0,0.0,0.0,0.0,0.0,0.0,0.0,0.0,0.25,0.17,0.0,0.0,0.0,0.0,0.0,0.0
Georges Niang,0.35,0.25,0.22,0.16,0.13,0.06,0.06,0.02,0.2,0.15,0.17,0.06,0.08,0.16,0.2,0.38
Georgios Papagiannis,0.3,0.0,0.01,0.35,0.29,0.05,0.07,0.08,0.27,0.26,0.17,0.05,0.38,0.27,0.26,0.31
Gerald Green,0.4,0.25,0.24,0.18,0.15,0.09,0.11,0.02,0.16,0.12,0.1,0.08,0.12,0.14,0.19,0.41
Gerald Henderson,0.35,0.1,0.1,0.26,0.25,0.16,0.21,0.02,0.16,0.13,0.17,0.07,0.06,0.17,0.16,0.38
Gian Clavell,0.29,0.29,0.23,0.0,0.04,0.07,0.07,0.01,0.15,0.11,0.13,0.1,0.0,0.13,0.28,0.29
Giannis Antetokounmpo,0.48,0.06,0.07,0.54,0.41,0.34,0.47,0.06,0.37,0.3,0.44,0.12,0.33,0.37,0.21,0.65
Glenn Robinson,0.29,0.1,0.09,0.21,0.19,0.08,0.11,0.04,0.17,0.15,0.12,0.09,0.08,0.1,0.12,0.31
Goga Bitadze,0.32,0.03,0.09,0.29,0.23,0.09,0.14,0.06,0.26,0.23,0.13,0.07,0.6,0.23,0.31,0.33
Goran Dragic,0.43,0.13,0.13,0.33,0.3,0.18,0.24,0.02,0.15,0.12,0.48,0.08,0.04,0.32,0.18,0.48
Gordon Hayward,0.41,0.14,0.14,0.31,0.27,0.23,0.28,0.02,0.21,0.16,0.32,0.09,0.06,0.24,0.12,0.5
Gorgui Dieng,0.28,0.04,0.04,0.29,0.24,0.14,0.17,0.07,0.3,0.27,0.18,0.12,0.31,0.2,0.24,0.33
Grant Williams,0.21,0.06,0.09,0.13,0.11,0.08,0.11,0.06,0.17,0.17,0.19,0.08,0.25,0.19,0.36,0.2
Grayson Allen,0.38,0.23,0.21,0.18,0.17,0.15,0.19,0.01,0.13,0.09,0.19,0.04,0.04,0.24,0.19,0.43
Greg Monroe,0.39,0.0,0.0,0.48,0.39,0.19,0.26,0.1,0.32,0.31,0.25,0.12,0.17,0.29,0.19,0.47
Greg Smith,0.17,0.0,0.0,0.21,0.17,0.07,0.17,0.07,0.24,0.21,0.08,0.06,0.06,0.14,0.34,0.2
Greivis Vasquez,0.29,0.1,0.15,0.13,0.14,0.09,0.12,0.01,0.13,0.1,0.55,0.07,0.0,0.33,0.21,0.25
Guerschon Yabusele,0.29,0.13,0.14,0.17,0.15,0.12,0.18,0.08,0.2,0.21,0.17,0.09,0.23,0.24,0.24,0.32
Hamidou Diallo,0.33,0.04,0.06,0.29,0.27,0.11,0.18,0.06,0.2,0.18,0.1,0.12,0.1,0.22,0.28,0.32
Harrison Barnes,0.39,0.13,0.12,0.3,0.28,0.17,0.2,0.03,0.18,0.15,0.15,0.06,0.04,0.14,0.1,0.44
Harry Giles,0.41,0.0,0.01,0.48,0.4,0.13,0.18,0.07,0.3,0.27,0.28,0.11,0.21,0.31,0.41,0.44
Hassan Whiteside,0.37,0.0,0.0,0.49,0.37,0.17,0.28,0.13,0.48,0.44,0.08,0.07,0.67,0.24,0.22,0.47
Haywood Highsmith,0.25,0.07,0.12,0.17,0.12,0.0,0.1,0.0,0.19,0.12,0.14,0.08,0.0,0.1,0.06,0.2
Henry Ellenson,0.43,0.18,0.19,0.22,0.24,0.13,0.17,0.03,0.34,0.26,0.16,0.07,0.0,0.22,0.17,0.4
Henry Sims,0.29,0.0,0.0,0.29,0.29,0.19,0.22,0.08,0.29,0.27,0.09,0.09,0.4,0.19,0.31,0.31
Hollis Thompson,0.3,0.17,0.17,0.12,0.14,0.07,0.09,0.02,0.16,0.13,0.13,0.06,0.08,0.11,0.2,0.3
Ian Clark,0.37,0.15,0.15,0.24,0.21,0.07,0.09,0.01,0.13,0.1,0.25,0.08,0.04,0.21,0.19,0.38
Ian Mahinmi,0.23,0.0,0.01,0.28,0.22,0.16,0.25,0.09,0.27,0.27,0.15,0.12,0.31,0.24,0.34,0.31
Ignas Brazdeikis,0.41,0.05,0.17,0.23,0.24,0.13,0.21,0.03,0.08,0.1,0.19,0.0,0.12,0.13,0.11,0.29
Ike Anigbogu,0.35,0.0,0.0,0.26,0.35,0.31,0.31,0.15,0.23,0.35,0.11,0.12,0.88,0.31,0.09,0.32
Iman Shumpert,0.26,0.13,0.14,0.12,0.12,0.06,0.08,0.02,0.16,0.13,0.19,0.12,0.08,0.17,0.19,0.25
Isaac Bonga,0.19,0.06,0.06,0.16,0.13,0.12,0.14,0.06,0.18,0.18,0.18,0.12,0.15,0.18,0.28,0.23
Isaac Humphries,0.38,0.15,0.2,0.12,0.18,0.0,0.0,0.07,0.19,0.2,0.0,0.05,0.0,0.0,0.28,0.24
Isaiah Briscoe,0.24,0.06,0.06,0.18,0.19,0.06,0.1,0.01,0.19,0.13,0.44,0.07,0.06,0.22,0.27,0.22
Isaiah Canaan,0.33,0.2,0.21,0.11,0.12,0.14,0.16,0.01,0.12,0.09,0.26,0.1,0.04,0.2,0.16,0.35
Isaiah Hartenstein,0.22,0.0,0.02,0.28,0.2,0.13,0.17,0.11,0.27,0.28,0.18,0.09,0.4,0.26,0.45,0.3
Isaiah Hicks,0.29,0.02,0.03,0.29,0.26,0.12,0.17,0.05,0.2,0.18,0.2,0.02,0.17,0.24,0.41,0.31
Isaiah Roby,0.08,0.0,0.0,0.0,0.08,0.0,0.0,0.0,0.28,0.19,0.0,0.0,0.0,0.32,0.18,0.0
Isaiah Taylor,0.32,0.05,0.07,0.26,0.26,0.16,0.23,0.02,0.09,0.08,0.48,0.08,0.08,0.28,0.22,0.33
Isaiah Thomas,0.53,0.22,0.21,0.34,0.32,0.35,0.4,0.02,0.1,0.08,0.51,0.08,0.02,0.36,0.15,0.64
Isaiah Whitehead,0.33,0.09,0.09,0.24,0.23,0.12,0.14,0.02,0.15,0.12,0.33,0.09,0.15,0.37,0.24,0.32
Ish Smith,0.4,0.06,0.08,0.34,0.32,0.09,0.12,0.02,0.16,0.12,0.56,0.09,0.08,0.23,0.15,0.38
Ivan Rabb,0.29,0.0,0.01,0.36,0.28,0.12,0.17,0.1,0.29,0.29,0.2,0.06,0.15,0.22,0.26,0.36
Ivica Zubac,0.33,0.0,0.0,0.42,0.33,0.18,0.23,0.12,0.35,0.35,0.16,0.04,0.38,0.22,0.28,0.42
JJ Barea,0.44,0.19,0.18,0.28,0.27,0.11,0.13,0.01,0.15,0.11,0.68,0.06,0.0,0.33,0.12,0.45
JJ Hickson,0.35,0.0,0.0,0.41,0.35,0.21,0.47,0.09,0.32,0.3,0.16,0.1,0.25,0.22,0.23,0.43
JJ O'Brien,0.17,0.0,0.0,0.0,0.17,0.0,0.0,0.0,0.25,0.17,0.0,0.5,0.0,0.0,0.38,0.0
JJ Redick,0.41,0.28,0.22,0.2,0.19,0.19,0.21,0.01,0.11,0.08,0.21,0.05,0.02,0.18,0.13,0.52
JP Macura,0.5,0.0,0.22,0.38,0.28,0.0,0.0,0.0,0.25,0.17,0.33,0.0,0.0,0.0,0.0,0.3
JR Smith,0.31,0.21,0.2,0.11,0.11,0.03,0.05,0.01,0.12,0.09,0.17,0.09,0.06,0.11,0.18,0.31
Ja Morant,0.45,0.08,0.09,0.42,0.36,0.23,0.29,0.02,0.15,0.12,0.67,0.08,0.06,0.42,0.12,0.52
JaKarr Sampson,0.27,0.04,0.05,0.27,0.22,0.12,0.18,0.04,0.21,0.18,0.11,0.08,0.23,0.18,0.29,0.31
JaMychal Green,0.29,0.1,0.09,0.24,0.21,0.11,0.15,0.08,0.3,0.28,0.13,0.08,0.12,0.21,0.28,0.34
JaVale McGee,0.36,0.0,0.01,0.51,0.35,0.11,0.19,0.12,0.32,0.33,0.08,0.08,0.62,0.22,0.3,0.46
Jabari Bird,0.23,0.06,0.06,0.23,0.17,0.11,0.23,0.06,0.17,0.17,0.2,0.07,0.08,0.28,0.12,0.31
Jabari Parker,0.43,0.08,0.08,0.42,0.35,0.15,0.2,0.05,0.22,0.2,0.21,0.09,0.1,0.24,0.17,0.48
Jack Cooley,0.31,0.0,0.0,0.34,0.31,0.32,0.43,0.16,0.28,0.35,0.21,0.02,0.0,0.13,0.34,0.42
Jacob Evans,0.31,0.08,0.09,0.17,0.22,0.08,0.09,0.03,0.13,0.11,0.25,0.08,0.21,0.23,0.26,0.24
Jacob Pullen,0.35,0.0,0.15,0.34,0.15,0.0,0.0,0.0,0.0,0.0,0.0,0.0,0.0,0.6,0.0,0.32
Jacob Wiley,0.12,0.09,0.06,0.0,0.06,0.06,0.12,0.06,0.41,0.33,0.17,0.09,0.0,0.0,0.28,0.11
Jae Crowder,0.33,0.19,0.19,0.17,0.14,0.14,0.17,0.03,0.22,0.17,0.17,0.12,0.1,0.16,0.18,0.37
Jahlil Okafor,0.43,0.0,0.01,0.52,0.42,0.16,0.23,0.08,0.25,0.24,0.14,0.04,0.33,0.29,0.24,0.49
Jake Layman,0.33,0.13,0.15,0.23,0.18,0.07,0.12,0.04,0.15,0.14,0.1,0.09,0.17,0.14,0.2,0.35
Jakob Poeltl,0.23,0.0,0.0,0.32,0.23,0.07,0.14,0.12,0.25,0.29,0.17,0.08,0.46,0.19,0.29,0.3
Jalen Brunson,0.36,0.11,0.11,0.29,0.25,0.11,0.15,0.02,0.15,0.11,0.45,0.08,0.04,0.23,0.17,0.4
Jalen Jones,0.32,0.14,0.14,0.18,0.19,0.16,0.23,0.06,0.18,0.18,0.07,0.1,0.06,0.17,0.28,0.35
Jalen Lecque,0.31,0.0,0.12,0.28,0.19,0.12,0.12,0.0,0.09,0.06,0.17,0.0,0.0,0.24,0.21,0.28
Jalen McDaniels,0.24,0.1,0.08,0.19,0.16,0.1,0.12,0.05,0.25,0.22,0.13,0.08,0.08,0.16,0.27,0.28
Jamal Crawford,0.42,0.16,0.17,0.26,0.25,0.17,0.19,0.01,0.08,0.06,0.33,0.08,0.06,0.24,0.12,0.44
Jamal Murray,0.44,0.17,0.18,0.3,0.27,0.16,0.18,0.03,0.15,0.12,0.37,0.09,0.08,0.26,0.14,0.48
Jameel Warney,0.44,0.0,0.0,0.57,0.44,0.22,0.38,0.14,0.28,0.33,0.0,0.0,0.0,0.13,0.18,0.58
Jameer Nelson,0.28,0.13,0.13,0.15,0.15,0.05,0.06,0.02,0.12,0.1,0.52,0.08,0.02,0.26,0.21,0.27
Jamel Artis,0.29,0.08,0.1,0.18,0.18,0.06,0.08,0.02,0.19,0.13,0.18,0.02,0.08,0.11,0.09,0.25
James Anderson,0.25,0.1,0.12,0.14,0.13,0.06,0.08,0.02,0.15,0.12,0.16,0.08,0.17,0.22,0.18,0.22
James Ennis,0.25,0.11,0.12,0.18,0.13,0.12,0.14,0.05,0.17,0.16,0.13,0.08,0.1,0.16,0.24,0.3
James Harden,0.57,0.29,0.29,0.34,0.29,0.51,0.59,0.02,0.23,0.18,0.66,0.15,0.15,0.53,0.17,0.79
James Johnson,0.33,0.1,0.11,0.28,0.22,0.11,0.17,0.03,0.21,0.17,0.35,0.11,0.27,0.3,0.22,0.37
James Jones,0.27,0.26,0.21,0.08,0.08,0.09,0.11,0.01,0.14,0.1,0.1,0.07,0.17,0.09,0.23,0.33
James Michael McAdoo,0.29,0.04,0.02,0.32,0.26,0.13,0.26,0.09,0.18,0.21,0.15,0.12,0.4,0.21,0.26,0.33
James Nunnally,0.34,0.21,0.25,0.1,0.09,0.09,0.09,0.0,0.07,0.04,0.21,0.04,0.0,0.06,0.23,0.32
James Webb,0.2,0.1,0.16,0.04,0.04,0.0,0.0,0.07,0.2,0.2,0.1,0.02,0.0,0.13,0.19,0.12
James Young,0.23,0.11,0.15,0.09,0.08,0.06,0.08,0.03,0.14,0.11,0.08,0.08,0.0,0.11,0.18,0.22
Jamil Wilson,0.29,0.28,0.23,0.09,0.07,0.01,0.03,0.01,0.15,0.11,0.11,0.05,0.21,0.11,0.28,0.35
Jared Cunningham,0.26,0.1,0.1,0.12,0.16,0.17,0.26,0.01,0.13,0.1,0.15,0.1,0.0,0.21,0.22,0.27
Jared Dudley,0.22,0.13,0.12,0.12,0.09,0.06,0.08,0.02,0.18,0.14,0.24,0.09,0.08,0.17,0.23,0.25
Jared Harper,0.48,0.0,0.26,0.25,0.26,0.0,0.0,0.0,0.0,0.0,0.0,0.0,0.0,0.0,0.0,0.23
Jared Sullinger,0.42,0.04,0.06,0.37,0.36,0.11,0.16,0.1,0.37,0.34,0.27,0.12,0.17,0.22,0.26,0.39
Jared Terrell,0.36,0.11,0.15,0.17,0.2,0.05,0.1,0.01,0.08,0.05,0.33,0.08,0.1,0.36,0.31,0.25
Jarell Eddie,0.39,0.27,0.3,0.07,0.09,0.16,0.16,0.02,0.19,0.14,0.05,0.09,0.0,0.07,0.07,0.37
Jarell Martin,0.29,0.06,0.06,0.24,0.23,0.13,0.16,0.06,0.22,0.22,0.11,0.08,0.19,0.2,0.31,0.31
Jaren Jackson,0.43,0.17,0.16,0.33,0.26,0.18,0.24,0.04,0.19,0.17,0.13,0.09,0.42,0.24,0.32,0.52
Jarnell Stokes,0.25,0.0,0.0,0.32,0.25,0.14,0.28,0.07,0.21,0.25,0.31,0.22,0.0,0.0,0.32,0.36
Jaron Blossomgame,0.24,0.07,0.09,0.19,0.15,0.05,0.06,0.06,0.25,0.22,0.09,0.06,0.15,0.1,0.09,0.23
Jarred Vanderbilt,0.24,0.0,0.02,0.28,0.22,0.14,0.19,0.1,0.29,0.27,0.14,0.22,0.19,0.49,0.28,0.29
Jarrell Brantley,0.29,0.08,0.13,0.17,0.16,0.02,0.04,0.02,0.28,0.21,0.32,0.08,0.42,0.3,0.17,0.23
Jarrett Allen,0.26,0.0,0.01,0.36,0.25,0.18,0.26,0.1,0.33,0.32,0.14,0.06,0.44,0.2,0.21,0.38
Jarrett Culver,0.38,0.12,0.15,0.24,0.23,0.08,0.16,0.05,0.15,0.14,0.21,0.12,0.19,0.22,0.19,0.35
Jarrett Jack,0.31,0.06,0.07,0.24,0.24,0.12,0.14,0.01,0.17,0.12,0.64,0.08,0.02,0.32,0.16,0.31
Jarrod Uthoff,0.33,0.11,0.11,0.24,0.23,0.08,0.12,0.06,0.16,0.17,0.17,0.06,0.15,0.08,0.13,0.32
Jason Smith,0.37,0.06,0.05,0.35,0.31,0.09,0.12,0.05,0.23,0.22,0.13,0.07,0.4,0.21,0.34,0.38
Jason Terry,0.22,0.17,0.16,0.08,0.06,0.03,0.04,0.01,0.09,0.07,0.21,0.12,0.08,0.13,0.16,0.23
Jason Thompson,0.23,0.03,0.03,0.22,0.2,0.16,0.22,0.07,0.33,0.29,0.17,0.09,0.29,0.12,0.38,0.28
Javonte Green,0.27,0.06,0.07,0.25,0.19,0.12,0.18,0.05,0.21,0.19,0.14,0.15,0.15,0.2,0.21,0.32
Jawun Evans,0.32,0.06,0.07,0.21,0.25,0.09,0.12,0.01,0.15,0.11,0.38,0.14,0.04,0.23,0.28,0.25
Jaxson Hayes,0.24,0.0,0.01,0.36,0.24,0.22,0.36,0.09,0.22,0.24,0.15,0.08,0.4,0.19,0.33,0.4
Jaylen Adams,0.25,0.16,0.18,0.07,0.09,0.03,0.05,0.02,0.17,0.14,0.43,0.09,0.06,0.26,0.23,0.23
Jaylen Brown,0.39,0.15,0.14,0.3,0.25,0.14,0.22,0.03,0.2,0.17,0.15,0.1,0.08,0.23,0.21,0.45
Jaylen Hoard,0.32,0.0,0.02,0.34,0.28,0.15,0.26,0.14,0.27,0.32,0.11,0.15,0.0,0.16,0.26,0.33
Jaylen Morris,0.32,0.07,0.09,0.25,0.23,0.02,0.03,0.02,0.22,0.17,0.25,0.09,0.06,0.22,0.06,0.27
Jaylen Nowell,0.35,0.06,0.17,0.24,0.18,0.22,0.22,0.02,0.1,0.09,0.37,0.06,0.08,0.08,0.16,0.34
Jayson Tatum,0.43,0.16,0.14,0.32,0.29,0.18,0.23,0.02,0.24,0.19,0.2,0.12,0.19,0.21,0.15,0.49
Jeff Ayres,0.22,0.0,0.02,0.25,0.21,0.13,0.13,0.03,0.26,0.21,0.13,0.0,0.23,0.26,0.39,0.26
Jeff Green,0.35,0.12,0.12,0.26,0.22,0.18,0.21,0.03,0.17,0.14,0.16,0.08,0.12,0.18,0.18,0.4
Jeff Teague,0.36,0.1,0.1,0.28,0.26,0.23,0.27,0.01,0.13,0.1,0.65,0.12,0.08,0.33,0.16,0.42
Jeff Withey,0.24,0.0,0.01,0.29,0.24,0.14,0.19,0.1,0.27,0.26,0.06,0.09,0.58,0.16,0.26,0.3
Jemerrio Jones,0.23,0.04,0.07,0.16,0.16,0.02,0.03,0.11,0.35,0.34,0.26,0.15,0.25,0.13,0.16,0.17
Jerami Grant,0.29,0.09,0.09,0.24,0.19,0.16,0.23,0.04,0.18,0.16,0.11,0.08,0.33,0.14,0.21,0.36
Jeremiah Martin,0.54,0.16,0.18,0.43,0.36,0.22,0.29,0.01,0.14,0.1,0.52,0.22,0.15,0.14,0.16,0.59
Jeremy Evans,0.19,0.03,0.06,0.19,0.13,0.12,0.17,0.05,0.25,0.22,0.03,0.08,0.27,0.14,0.16,0.26
Jeremy Lamb,0.42,0.13,0.14,0.32,0.28,0.17,0.2,0.02,0.24,0.19,0.21,0.1,0.12,0.16,0.17,0.46
Jeremy Lin,0.38,0.13,0.13,0.27,0.26,0.24,0.29,0.02,0.17,0.13,0.43,0.1,0.12,0.32,0.21,0.45
Jeremy Pargo,0.5,0.19,0.16,0.41,0.34,0.0,0.04,0.02,0.07,0.07,0.52,0.06,0.0,0.36,0.41,0.51
Jerian Grant,0.29,0.1,0.11,0.19,0.18,0.13,0.17,0.02,0.13,0.11,0.46,0.12,0.04,0.22,0.19,0.31
Jerome Robinson,0.32,0.15,0.16,0.17,0.16,0.07,0.11,0.01,0.18,0.13,0.23,0.09,0.1,0.18,0.27,0.3
Jerryd Bayless,0.3,0.17,0.15,0.14,0.15,0.08,0.11,0.02,0.12,0.09,0.31,0.08,0.02,0.19,0.18,0.31
Jevon Carter,0.28,0.18,0.17,0.09,0.12,0.06,0.08,0.03,0.13,0.12,0.29,0.15,0.15,0.18,0.21,0.27
Jimmer Fredette,0.41,0.04,0.18,0.26,0.23,0.23,0.26,0.01,0.11,0.09,0.33,0.13,0.0,0.34,0.19,0.34
Jimmy Butler,0.42,0.08,0.08,0.37,0.34,0.36,0.43,0.04,0.18,0.16,0.4,0.15,0.1,0.21,0.1,0.54
Joakim Noah,0.23,0.0,0.0,0.25,0.23,0.12,0.2,0.13,0.38,0.38,0.37,0.09,0.31,0.28,0.29,0.26
Jodie Meeks,0.35,0.19,0.19,0.17,0.17,0.17,0.2,0.01,0.15,0.11,0.17,0.09,0.04,0.14,0.11,0.4
Joe Chealey,0.24,0.0,0.1,0.06,0.15,0.1,0.1,0.0,0.0,0.0,0.14,0.29,0.0,0.2,0.16,0.09
Joe Harris,0.33,0.22,0.18,0.18,0.15,0.08,0.09,0.02,0.16,0.13,0.19,0.06,0.06,0.19,0.18,0.4
Joe Ingles,0.27,0.2,0.17,0.11,0.1,0.06,0.08,0.01,0.18,0.13,0.42,0.12,0.06,0.26,0.16,0.31
Joe Johnson,0.32,0.13,0.12,0.21,0.2,0.07,0.09,0.01,0.16,0.12,0.26,0.06,0.02,0.19,0.12,0.33
Joe Young,0.4,0.1,0.13,0.26,0.27,0.09,0.12,0.01,0.16,0.12,0.3,0.11,0.0,0.23,0.16,0.36
Joel Anthony,0.12,0.0,0.0,0.16,0.12,0.11,0.14,0.07,0.24,0.24,0.05,0.05,0.67,0.14,0.28,0.17
Joel Bolomboy,0.24,0.06,0.06,0.26,0.18,0.12,0.27,0.12,0.27,0.29,0.06,0.12,0.15,0.16,0.09,0.3
Joel Embiid,0.55,0.1,0.12,0.51,0.43,0.45,0.57,0.08,0.45,0.38,0.29,0.08,0.44,0.46,0.25,0.71
Joffrey Lauvergne,0.35,0.04,0.06,0.34,0.29,0.12,0.14,0.09,0.29,0.28,0.18,0.07,0.06,0.23,0.21,0.38
John Collins,0.4,0.07,0.07,0.46,0.33,0.18,0.24,0.1,0.31,0.31,0.16,0.07,0.29,0.24,0.24,0.52
John Henson,0.28,0.02,0.01,0.33,0.26,0.11,0.18,0.08,0.27,0.26,0.17,0.08,0.52,0.2,0.28,0.33
John Holland,0.34,0.17,0.2,0.06,0.13,0.12,0.14,0.03,0.15,0.14,0.08,0.12,0.1,0.17,0.13,0.29
John Jenkins,0.33,0.13,0.13,0.2,0.19,0.09,0.11,0.02,0.15,0.11,0.2,0.02,0.0,0.18,0.08,0.34
John Konchar,0.2,0.09,0.05,0.24,0.15,0.02,0.02,0.09,0.24,0.26,0.36,0.12,0.17,0.17,0.09,0.27
John Lucas,0.36,0.0,0.09,0.21,0.27,0.0,0.0,0.0,0.0,0.0,0.26,0.54,0.0,0.0,0.0,0.16
John Wall,0.49,0.11,0.11,0.4,0.38,0.24,0.31,0.02,0.15,0.12,0.81,0.15,0.17,0.44,0.12,0.54
Johnathan Motley,0.43,0.0,0.02,0.52,0.41,0.24,0.39,0.1,0.3,0.3,0.21,0.08,0.08,0.34,0.31,0.55
Johnathan Williams,0.26,0.0,0.01,0.35,0.25,0.13,0.23,0.13,0.24,0.29,0.1,0.04,0.21,0.14,0.32,0.33
Johnny O'Bryant,0.31,0.05,0.03,0.25,0.28,0.09,0.11,0.08,0.21,0.22,0.13,0.05,0.06,0.18,0.27,0.28
Jon Leuer,0.34,0.07,0.08,0.31,0.26,0.11,0.14,0.06,0.27,0.24,0.16,0.06,0.12,0.19,0.21,0.37
Jonah Bolden,0.25,0.15,0.15,0.17,0.1,0.04,0.09,0.08,0.27,0.25,0.17,0.09,0.44,0.21,0.35,0.29
Jonas Jerebko,0.26,0.13,0.12,0.16,0.14,0.09,0.1,0.06,0.26,0.23,0.17,0.06,0.1,0.12,0.24,0.29
Jonas Valanciunas,0.38,0.02,0.02,0.48,0.36,0.19,0.25,0.11,0.41,0.38,0.13,0.05,0.31,0.26,0.24,0.49
Jonathan Gibson,0.43,0.22,0.21,0.22,0.22,0.16,0.22,0.0,0.13,0.09,0.31,0.09,0.0,0.34,0.21,0.47
Jonathan Isaac,0.31,0.11,0.12,0.22,0.19,0.11,0.13,0.05,0.25,0.21,0.12,0.12,0.44,0.17,0.18,0.33
Jonathon Simmons,0.34,0.09,0.09,0.28,0.25,0.16,0.22,0.02,0.14,0.12,0.26,0.09,0.08,0.26,0.22,0.37
Jordan Adams,0.4,0.0,0.07,0.3,0.33,0.4,0.67,0.0,0.2,0.13,0.57,0.6,0.0,0.53,0.3,0.42
Jordan Bell,0.24,0.0,0.01,0.3,0.23,0.08,0.13,0.08,0.26,0.26,0.31,0.1,0.5,0.23,0.22,0.29
Jordan Bone,0.38,0.11,0.19,0.12,0.19,0.0,0.0,0.0,0.11,0.08,0.43,0.06,0.0,0.16,0.26,0.21
Jordan Clarkson,0.48,0.17,0.17,0.34,0.31,0.14,0.17,0.03,0.12,0.11,0.25,0.1,0.02,0.24,0.13,0.51
Jordan Crawford,0.49,0.26,0.22,0.32,0.28,0.09,0.11,0.01,0.1,0.08,0.4,0.08,0.04,0.23,0.16,0.55
Jordan Farmar,0.34,0.17,0.17,0.18,0.18,0.06,0.06,0.02,0.1,0.09,0.4,0.16,0.04,0.26,0.16,0.34
Jordan Hamilton,0.38,0.13,0.15,0.27,0.24,0.09,0.14,0.04,0.25,0.2,0.24,0.08,0.08,0.22,0.18,0.38
Jordan Hill,0.36,0.0,0.0,0.41,0.36,0.11,0.17,0.1,0.29,0.3,0.16,0.08,0.19,0.24,0.23,0.38
Jordan Loyd,0.32,0.18,0.15,0.14,0.18,0.35,0.39,0.02,0.23,0.18,0.31,0.0,0.0,0.18,0.19,0.47
Jordan McLaughlin,0.3,0.14,0.13,0.22,0.17,0.09,0.13,0.01,0.11,0.08,0.61,0.17,0.04,0.2,0.11,0.35
Jordan McRae,0.43,0.14,0.14,0.29,0.29,0.19,0.24,0.02,0.18,0.13,0.29,0.08,0.1,0.2,0.19,0.45
Jordan Mickey,0.29,0.0,0.04,0.27,0.25,0.11,0.19,0.08,0.28,0.27,0.11,0.04,0.4,0.21,0.24,0.29
Jordan Poole,0.39,0.17,0.21,0.16,0.19,0.15,0.19,0.01,0.13,0.09,0.31,0.08,0.06,0.23,0.16,0.36
Jordan Sibert,0.25,0.71,0.25,0.0,0.0,0.0,0.0,0.0,0.0,0.0,0.0,0.0,0.0,0.0,0.0,0.68
Jorge Gutierrez,0.17,0.0,0.04,0.22,0.15,0.31,0.34,0.0,0.18,0.12,0.77,0.12,0.0,0.39,0.09,0.32
Jose Calderon,0.22,0.1,0.1,0.13,0.12,0.04,0.06,0.02,0.14,0.11,0.43,0.08,0.04,0.19,0.17,0.23
Josh Gray,0.39,0.07,0.12,0.19,0.28,0.13,0.21,0.02,0.12,0.11,0.37,0.21,0.15,0.43,0.19,0.29
Josh Hart,0.28,0.17,0.17,0.13,0.11,0.09,0.12,0.03,0.24,0.19,0.16,0.11,0.12,0.14,0.19,0.31
Josh Huestis,0.19,0.1,0.11,0.06,0.08,0.02,0.04,0.04,0.18,0.17,0.06,0.04,0.31,0.11,0.18,0.16
Josh Jackson,0.45,0.1,0.12,0.34,0.33,0.17,0.24,0.04,0.2,0.18,0.22,0.12,0.19,0.31,0.24,0.44
Josh Magette,0.23,0.09,0.1,0.09,0.13,0.06,0.08,0.01,0.12,0.1,0.7,0.12,0.08,0.2,0.18,0.2
Josh McRoberts,0.27,0.08,0.08,0.17,0.19,0.07,0.09,0.05,0.2,0.18,0.38,0.08,0.1,0.21,0.22,0.24
Josh Okogie,0.28,0.08,0.11,0.18,0.16,0.17,0.22,0.04,0.16,0.15,0.17,0.13,0.12,0.18,0.21,0.3
Josh Reaves,0.31,0.0,0.07,0.26,0.26,0.14,0.14,0.03,0.11,0.11,0.33,0.0,0.0,0.0,0.39,0.26
Josh Richardson,0.34,0.15,0.14,0.21,0.2,0.11,0.14,0.02,0.12,0.11,0.27,0.11,0.17,0.2,0.18,0.37
Josh Smith,0.4,0.13,0.16,0.22,0.23,0.08,0.16,0.06,0.23,0.22,0.29,0.12,0.4,0.33,0.31,0.34
Jrue Holiday,0.46,0.13,0.14,0.37,0.32,0.14,0.19,0.02,0.15,0.13,0.57,0.13,0.15,0.33,0.16,0.49
Juan Hernangomez,0.26,0.14,0.14,0.14,0.12,0.11,0.15,0.05,0.24,0.21,0.13,0.08,0.08,0.12,0.17,0.3
Juan Toscano-Anderson,0.23,0.08,0.09,0.18,0.15,0.02,0.04,0.03,0.24,0.19,0.27,0.14,0.15,0.23,0.25,0.23
Julian Washburn,0.19,0.06,0.09,0.09,0.09,0.03,0.03,0.03,0.19,0.16,0.16,0.15,0.06,0.11,0.14,0.14
Julius Randle,0.42,0.04,0.05,0.43,0.37,0.24,0.33,0.08,0.35,0.31,0.28,0.08,0.12,0.34,0.24,0.5
Julyan Stone,0.08,0.11,0.08,0.0,0.0,0.0,0.03,0.0,0.24,0.17,0.41,0.08,0.1,0.16,0.27,0.1
Justin Anderson,0.34,0.13,0.17,0.21,0.18,0.14,0.18,0.04,0.22,0.19,0.15,0.09,0.17,0.18,0.21,0.36
Justin Hamilton,0.32,0.14,0.15,0.23,0.17,0.07,0.09,0.06,0.25,0.22,0.14,0.08,0.29,0.16,0.17,0.34
Justin Harper,0.34,0.28,0.24,0.11,0.1,0.02,0.05,0.02,0.09,0.1,0.07,0.03,0.0,0.39,0.16,0.34
Justin Holiday,0.31,0.18,0.18,0.13,0.13,0.08,0.11,0.02,0.17,0.13,0.17,0.13,0.15,0.16,0.15,0.32
Justin Jackson,0.3,0.13,0.14,0.19,0.15,0.06,0.08,0.02,0.16,0.13,0.14,0.06,0.08,0.08,0.14,0.3
Justin James,0.36,0.09,0.12,0.24,0.23,0.09,0.19,0.03,0.16,0.14,0.22,0.09,0.23,0.12,0.18,0.36
Justin Patton,0.39,0.06,0.13,0.29,0.26,0.04,0.07,0.06,0.25,0.22,0.32,0.17,0.0,0.14,0.46,0.3
Justin Robinson,0.24,0.16,0.11,0.08,0.15,0.0,0.0,0.02,0.11,0.11,0.42,0.0,0.15,0.22,0.08,0.23
Justin Wright-Foreman,0.45,0.13,0.22,0.24,0.22,0.14,0.18,0.0,0.16,0.11,0.46,0.13,0.0,0.29,0.24,0.39
Justise Winslow,0.3,0.08,0.08,0.22,0.22,0.08,0.13,0.04,0.23,0.19,0.27,0.09,0.1,0.21,0.2,0.29
Jusuf Nurkic,0.43,0.0,0.01,0.48,0.42,0.21,0.31,0.11,0.36,0.35,0.25,0.11,0.44,0.36,0.29,0.48
Juwan Morgan,0.19,0.05,0.06,0.21,0.14,0.03,0.06,0.08,0.21,0.22,0.13,0.0,0.12,0.19,0.32,0.24
KJ McDaniels,0.32,0.1,0.13,0.24,0.2,0.16,0.18,0.05,0.19,0.16,0.1,0.11,0.27,0.23,0.24,0.36
KZ Okpala,0.19,0.0,0.04,0.26,0.15,0.08,0.16,0.04,0.23,0.19,0.11,0.23,0.29,0.16,0.18,0.24
Kadeem Allen,0.32,0.1,0.09,0.23,0.23,0.18,0.23,0.02,0.13,0.11,0.48,0.11,0.1,0.27,0.23,0.37
Kalin Lucas,0.17,0.0,0.17,0.0,0.0,0.67,0.67,0.0,0.75,0.5,0.48,0.0,0.0,0.0,0.38,0.3
Karl-Anthony Towns,0.46,0.12,0.11,0.46,0.36,0.24,0.29,0.09,0.38,0.34,0.23,0.07,0.33,0.29,0.22,0.6
Kawhi Leonard,0.54,0.17,0.15,0.46,0.38,0.34,0.39,0.04,0.25,0.2,0.3,0.17,0.17,0.24,0.12,0.68
Kay Felder,0.43,0.06,0.08,0.29,0.35,0.18,0.24,0.01,0.15,0.11,0.4,0.13,0.08,0.36,0.2,0.38
Keita Bates-Diop,0.3,0.1,0.12,0.2,0.18,0.12,0.17,0.04,0.2,0.17,0.1,0.09,0.23,0.1,0.13,0.32
Keith Appling,0.3,0.0,0.11,0.17,0.19,0.15,0.15,0.0,0.05,0.04,0.1,0.11,0.0,0.44,0.42,0.2
Kelan Martin,0.36,0.14,0.19,0.21,0.17,0.12,0.12,0.02,0.25,0.19,0.13,0.04,0.15,0.16,0.22,0.36
Keldon Johnson,0.29,0.13,0.07,0.31,0.22,0.24,0.29,0.03,0.24,0.19,0.14,0.13,0.04,0.18,0.21,0.47
Kelly Olynyk,0.34,0.17,0.16,0.23,0.18,0.14,0.18,0.05,0.27,0.22,0.27,0.1,0.15,0.27,0.28,0.42
Kelly Oubre,0.37,0.14,0.15,0.24,0.22,0.16,0.21,0.03,0.2,0.17,0.1,0.11,0.15,0.17,0.24,0.41
Kemba Walker,0.52,0.24,0.22,0.31,0.29,0.25,0.3,0.02,0.15,0.11,0.45,0.11,0.08,0.26,0.1,0.6
Kendall Marshall,0.29,0.11,0.12,0.15,0.17,0.04,0.06,0.01,0.1,0.07,0.52,0.12,0.06,0.42,0.17,0.25
Kendrick Nunn,0.46,0.2,0.2,0.3,0.27,0.09,0.1,0.01,0.12,0.09,0.33,0.08,0.04,0.23,0.18,0.47
Kendrick Perkins,0.14,0.0,0.0,0.17,0.14,0.04,0.09,0.05,0.27,0.23,0.17,0.06,0.15,0.3,0.26,0.15
Kenneth Faried,0.35,0.0,0.01,0.44,0.34,0.18,0.27,0.14,0.31,0.34,0.12,0.07,0.25,0.19,0.23,0.43
Kenrich Williams,0.22,0.11,0.13,0.1,0.09,0.03,0.04,0.05,0.23,0.21,0.21,0.11,0.17,0.12,0.22,0.2
Kent Bazemore,0.36,0.15,0.15,0.22,0.21,0.14,0.18,0.02,0.2,0.16,0.26,0.15,0.17,0.28,0.21,0.39
Kentavious Caldwell-Pope,0.34,0.17,0.16,0.2,0.18,0.12,0.15,0.02,0.13,0.11,0.17,0.12,0.04,0.14,0.13,0.37
Kevin Durant,0.52,0.18,0.16,0.46,0.35,0.33,0.37,0.01,0.3,0.21,0.44,0.08,0.31,0.33,0.12,0.69
Kevin Garnett,0.21,0.0,0.0,0.22,0.21,0.06,0.08,0.03,0.37,0.27,0.31,0.14,0.15,0.11,0.28,0.2
Kevin Hervey,0.52,0.17,0.38,0.18,0.13,0.0,0.0,0.02,0.32,0.23,0.28,0.06,0.15,0.0,0.18,0.3
Kevin Huerter,0.33,0.2,0.18,0.16,0.15,0.05,0.06,0.02,0.15,0.12,0.33,0.09,0.1,0.21,0.17,0.34
Kevin Knox,0.4,0.17,0.17,0.2,0.23,0.13,0.19,0.02,0.2,0.16,0.12,0.07,0.12,0.19,0.19,0.38
Kevin Love,0.43,0.21,0.2,0.24,0.23,0.25,0.29,0.06,0.41,0.33,0.21,0.07,0.1,0.27,0.15,0.52
Kevin Martin,0.38,0.13,0.12,0.21,0.26,0.28,0.31,0.01,0.13,0.1,0.16,0.08,0.04,0.2,0.17,0.42
Kevin Porter,0.36,0.13,0.14,0.26,0.23,0.13,0.17,0.02,0.18,0.14,0.27,0.12,0.1,0.32,0.26,0.39
Kevin Seraphin,0.38,0.0,0.0,0.4,0.37,0.06,0.09,0.06,0.27,0.25,0.17,0.05,0.4,0.24,0.28,0.35
Kevon Looney,0.24,0.0,0.01,0.29,0.22,0.09,0.14,0.11,0.22,0.27,0.21,0.11,0.33,0.14,0.31,0.29
Khem Birch,0.2,0.0,0.0,0.25,0.2,0.16,0.23,0.11,0.25,0.28,0.17,0.08,0.25,0.13,0.24,0.27
Khris Middleton,0.44,0.17,0.16,0.32,0.29,0.2,0.23,0.02,0.21,0.16,0.35,0.12,0.04,0.28,0.18,0.52
Khyri Thomas,0.33,0.15,0.19,0.12,0.15,0.08,0.11,0.01,0.1,0.08,0.11,0.12,0.1,0.11,0.27,0.28
Kirk Hinrich,0.21,0.1,0.09,0.08,0.11,0.04,0.04,0.01,0.14,0.11,0.33,0.07,0.0,0.2,0.23,0.2
Klay Thompson,0.51,0.28,0.23,0.32,0.28,0.11,0.13,0.01,0.15,0.11,0.19,0.08,0.12,0.19,0.12,0.58
Kobe Bryant,0.6,0.21,0.25,0.32,0.35,0.25,0.31,0.02,0.17,0.13,0.29,0.09,0.06,0.29,0.14,0.57
Kobi Simmons,0.29,0.05,0.06,0.24,0.23,0.08,0.08,0.02,0.08,0.08,0.31,0.08,0.08,0.27,0.21,0.28
Kosta Koufos,0.29,0.0,0.0,0.36,0.29,0.06,0.11,0.1,0.31,0.31,0.13,0.08,0.25,0.16,0.27,0.31
Kostas Antetokounmpo,0.21,0.0,0.0,0.21,0.21,0.18,0.41,0.07,0.1,0.14,0.2,0.21,0.0,0.28,0.16,0.27
Kostas Papanikolaou,0.22,0.1,0.11,0.1,0.11,0.06,0.09,0.03,0.16,0.13,0.15,0.13,0.12,0.28,0.18,0.21
Kris Dunn,0.33,0.07,0.08,0.26,0.26,0.07,0.11,0.02,0.18,0.14,0.49,0.18,0.12,0.3,0.28,0.31
Kris Humphries,0.34,0.1,0.11,0.22,0.23,0.17,0.22,0.08,0.3,0.28,0.12,0.07,0.21,0.17,0.24,0.36
Kristaps Porzingis,0.49,0.16,0.16,0.36,0.33,0.22,0.28,0.06,0.29,0.24,0.13,0.07,0.48,0.22,0.23,0.54
Ky Bowman,0.31,0.09,0.11,0.22,0.21,0.07,0.08,0.02,0.15,0.12,0.37,0.13,0.06,0.28,0.23,0.3
Kyle Alexander,0.15,0.0,0.0,0.18,0.15,0.0,0.0,0.15,0.12,0.23,0.0,0.0,0.0,0.31,0.18,0.14
Kyle Anderson,0.22,0.03,0.04,0.23,0.19,0.09,0.13,0.03,0.25,0.2,0.29,0.15,0.23,0.18,0.16,0.25
Kyle Collinsworth,0.21,0.02,0.03,0.16,0.17,0.09,0.16,0.07,0.23,0.22,0.34,0.1,0.15,0.21,0.21,0.19
Kyle Guy,0.51,0.0,0.3,0.48,0.21,0.0,0.0,0.0,0.14,0.09,0.26,0.0,0.0,0.0,0.21,0.36
Kyle Korver,0.3,0.26,0.21,0.1,0.08,0.06,0.07,0.01,0.15,0.11,0.18,0.07,0.1,0.16,0.16,0.35
Kyle Kuzma,0.45,0.17,0.18,0.31,0.27,0.14,0.19,0.03,0.22,0.18,0.18,0.06,0.1,0.24,0.16,0.48
Kyle Lowry,0.39,0.24,0.21,0.19,0.17,0.23,0.28,0.02,0.18,0.14,0.58,0.12,0.08,0.32,0.18,0.48
Kyle O'Quinn,0.32,0.02,0.02,0.36,0.3,0.12,0.16,0.1,0.36,0.34,0.31,0.08,0.54,0.29,0.32,0.36
Kyle Singler,0.23,0.07,0.09,0.14,0.13,0.06,0.11,0.04,0.14,0.14,0.07,0.08,0.06,0.12,0.25,0.22
Kyle Wiltjer,0.32,0.28,0.29,0.0,0.03,0.07,0.07,0.1,0.19,0.22,0.1,0.19,0.25,0.51,0.22,0.27
Kyrie Irving,0.56,0.21,0.19,0.44,0.37,0.22,0.25,0.02,0.14,0.12,0.5,0.11,0.08,0.3,0.15,0.65
LaMarcus Aldridge,0.48,0.02,0.03,0.52,0.45,0.23,0.27,0.08,0.26,0.25,0.17,0.06,0.29,0.19,0.15,0.55
Lamar Patterson,0.22,0.08,0.13,0.08,0.09,0.07,0.11,0.01,0.18,0.13,0.29,0.06,0.0,0.26,0.27,0.19
Lance Stephenson,0.37,0.1,0.11,0.28,0.26,0.1,0.14,0.03,0.25,0.2,0.34,0.09,0.08,0.28,0.21,0.37
Lance Thomas,0.25,0.1,0.09,0.15,0.15,0.1,0.11,0.03,0.15,0.13,0.1,0.06,0.04,0.14,0.21,0.26
Landry Shamet,0.29,0.25,0.21,0.08,0.08,0.09,0.11,0.01,0.1,0.07,0.18,0.05,0.06,0.11,0.2,0.34
Langston Galloway,0.33,0.2,0.19,0.14,0.15,0.08,0.1,0.02,0.13,0.11,0.2,0.1,0.04,0.09,0.16,0.34
Larry Drew,0.34,0.12,0.13,0.13,0.21,0.0,0.0,0.04,0.0,0.04,0.4,0.0,0.0,0.17,0.19,0.22
Larry Nance,0.27,0.04,0.04,0.29,0.22,0.08,0.13,0.09,0.29,0.28,0.22,0.15,0.17,0.17,0.22,0.31
Larry Sanders,0.31,0.0,0.0,0.18,0.31,0.31,0.31,0.23,0.12,0.31,0.0,0.23,0.58,0.61,0.86,0.28
Lauri Markkanen,0.43,0.21,0.2,0.26,0.23,0.17,0.19,0.04,0.31,0.25,0.12,0.07,0.15,0.2,0.14,0.48
Lavoy Allen,0.22,0.0,0.0,0.24,0.22,0.06,0.09,0.11,0.23,0.26,0.16,0.05,0.21,0.16,0.21,0.22
LeBron James,0.52,0.13,0.14,0.51,0.39,0.26,0.37,0.03,0.29,0.23,0.68,0.11,0.15,0.42,0.11,0.66
Leandro Barbosa,0.37,0.1,0.1,0.3,0.27,0.09,0.11,0.02,0.13,0.11,0.23,0.12,0.04,0.19,0.21,0.38
London Perrantes,0.19,0.0,0.04,0.05,0.15,0.08,0.17,0.02,0.06,0.06,0.25,0.07,0.17,0.09,0.19,0.1
Lonnie Walker,0.37,0.12,0.11,0.26,0.26,0.1,0.13,0.02,0.18,0.14,0.2,0.11,0.1,0.17,0.18,0.36
Lonzo Ball,0.32,0.17,0.18,0.16,0.15,0.04,0.07,0.04,0.23,0.19,0.59,0.14,0.15,0.33,0.16,0.3
Lorenzo Brown,0.31,0.06,0.12,0.21,0.2,0.04,0.04,0.01,0.18,0.13,0.37,0.14,0.08,0.28,0.18,0.23
Lou Amundson,0.26,0.0,0.0,0.22,0.26,0.14,0.26,0.11,0.19,0.24,0.17,0.08,0.21,0.29,0.48,0.23
Lou Williams,0.49,0.18,0.18,0.32,0.31,0.37,0.43,0.02,0.12,0.09,0.44,0.09,0.06,0.34,0.11,0.61
Louis King,0.34,0.18,0.18,0.14,0.16,0.0,0.09,0.02,0.22,0.16,0.23,0.1,0.0,0.13,0.36,0.29
Luc Mbah a Moute,0.2,0.07,0.07,0.16,0.13,0.07,0.11,0.03,0.13,0.11,0.08,0.12,0.15,0.13,0.16,0.23
Lucas Nogueira,0.16,0.02,0.02,0.23,0.14,0.08,0.12,0.07,0.22,0.22,0.11,0.14,0.65,0.16,0.28,0.23
Luguentz Dort,0.27,0.1,0.12,0.16,0.14,0.11,0.13,0.03,0.1,0.1,0.1,0.12,0.04,0.1,0.27,0.27
Luis Montero,0.39,0.08,0.17,0.19,0.22,0.11,0.17,0.0,0.17,0.11,0.08,0.0,0.0,0.44,0.06,0.25
Luis Scola,0.36,0.1,0.1,0.28,0.26,0.08,0.12,0.06,0.26,0.24,0.13,0.08,0.12,0.19,0.26,0.37
Luka Doncic,0.56,0.21,0.24,0.38,0.32,0.36,0.48,0.04,0.33,0.26,0.63,0.09,0.06,0.47,0.15,0.68
Luka Samanic,0.33,0.17,0.17,0.1,0.17,0.12,0.16,0.02,0.28,0.21,0.36,0.0,0.33,0.18,0.28,0.3
Luke Babbitt,0.3,0.21,0.18,0.11,0.12,0.05,0.06,0.02,0.2,0.14,0.13,0.04,0.1,0.1,0.22,0.32
Luke Kennard,0.35,0.2,0.17,0.19,0.18,0.09,0.11,0.01,0.16,0.12,0.27,0.07,0.06,0.17,0.14,0.38
Luke Kornet,0.35,0.23,0.22,0.15,0.13,0.07,0.1,0.04,0.2,0.17,0.19,0.08,0.38,0.12,0.16,0.37
Luol Deng,0.3,0.1,0.11,0.22,0.19,0.1,0.13,0.04,0.22,0.19,0.15,0.1,0.1,0.13,0.11,0.32
Malachi Richardson,0.3,0.13,0.15,0.15,0.15,0.11,0.16,0.01,0.15,0.11,0.1,0.07,0.0,0.18,0.22,0.29
Malcolm Brogdon,0.38,0.13,0.12,0.3,0.26,0.14,0.16,0.03,0.16,0.13,0.44,0.09,0.06,0.23,0.15,0.43
Malcolm Delaney,0.3,0.1,0.1,0.18,0.2,0.13,0.17,0.01,0.13,0.1,0.45,0.1,0.04,0.29,0.19,0.29
Malcolm Miller,0.24,0.21,0.18,0.07,0.06,0.06,0.09,0.01,0.11,0.11,0.13,0.04,0.1,0.12,0.2,0.27
Malik Beasley,0.4,0.23,0.21,0.22,0.19,0.07,0.09,0.02,0.15,0.11,0.17,0.08,0.04,0.16,0.14,0.43
Malik Monk,0.45,0.21,0.24,0.24,0.22,0.13,0.15,0.02,0.14,0.11,0.29,0.07,0.08,0.26,0.17,0.45
Malik Newman,0.5,0.0,0.25,0.0,0.25,1.0,1.0,0.0,0.0,0.0,0.0,0.0,0.0,1.0,0.0,0.45
Mangok Mathiang,0.36,0.0,0.0,0.45,0.36,0.0,0.08,0.16,0.54,0.5,0.0,0.12,0.0,0.0,0.54,0.36
Manny Harris,0.61,0.0,0.08,0.29,0.52,0.16,0.32,0.13,0.36,0.36,0.23,0.0,0.0,0.32,0.08,0.29
Manu Ginobili,0.36,0.17,0.16,0.21,0.2,0.16,0.18,0.02,0.15,0.12,0.4,0.16,0.08,0.33,0.21,0.4
MarShon Brooks,0.47,0.16,0.15,0.36,0.32,0.15,0.2,0.04,0.12,0.12,0.25,0.11,0.08,0.24,0.16,0.52
Marc Gasol,0.39,0.1,0.1,0.31,0.29,0.19,0.24,0.03,0.3,0.22,0.37,0.08,0.27,0.27,0.18,0.44
Marcelo Huertas,0.27,0.06,0.08,0.2,0.2,0.07,0.08,0.02,0.12,0.1,0.6,0.1,0.04,0.36,0.19,0.24
Marcin Gortat,0.28,0.0,0.0,0.36,0.28,0.11,0.15,0.09,0.35,0.32,0.16,0.06,0.23,0.21,0.2,0.34
Marco Belinelli,0.37,0.2,0.19,0.19,0.18,0.14,0.16,0.01,0.12,0.09,0.21,0.07,0.04,0.16,0.12,0.41
Marcus Derrickson,0.49,0.42,0.29,0.19,0.2,0.13,0.17,0.11,0.12,0.2,0.05,0.0,0.12,0.2,0.29,0.63
Marcus Georges-Hunt,0.21,0.05,0.07,0.16,0.14,0.17,0.24,0.03,0.1,0.09,0.1,0.05,0.0,0.07,0.31,0.25
Marcus Morris,0.39,0.16,0.15,0.26,0.24,0.15,0.19,0.03,0.2,0.17,0.17,0.07,0.06,0.18,0.17,0.42
Marcus Paige,0.5,0.21,0.29,0.16,0.21,0.14,0.14,0.0,0.21,0.14,0.31,0.0,0.0,0.0,0.0,0.39
Marcus Smart,0.31,0.14,0.16,0.14,0.15,0.14,0.17,0.03,0.14,0.12,0.42,0.17,0.1,0.24,0.2,0.32
Marcus Thornton,0.45,0.21,0.21,0.24,0.24,0.11,0.12,0.03,0.15,0.13,0.21,0.12,0.04,0.18,0.19,0.44
Marial Shayok,0.43,0.21,0.21,0.06,0.21,0.23,0.28,0.03,0.32,0.26,0.08,0.0,0.21,0.46,0.32,0.36
Mario Chalmers,0.32,0.1,0.12,0.21,0.19,0.24,0.28,0.01,0.15,0.11,0.44,0.18,0.06,0.32,0.29,0.37
Mario Hezonja,0.34,0.13,0.14,0.22,0.2,0.1,0.13,0.02,0.22,0.17,0.2,0.12,0.08,0.23,0.21,0.34
Markel Brown,0.33,0.11,0.12,0.21,0.2,0.14,0.18,0.02,0.16,0.12,0.26,0.12,0.1,0.21,0.22,0.33
Markelle Fultz,0.39,0.05,0.06,0.36,0.33,0.11,0.17,0.03,0.15,0.13,0.52,0.13,0.06,0.28,0.19,0.38
Markieff Morris,0.38,0.12,0.12,0.29,0.27,0.12,0.16,0.04,0.25,0.21,0.19,0.09,0.15,0.24,0.26,0.41
Marko Guduric,0.33,0.16,0.17,0.16,0.16,0.09,0.11,0.03,0.18,0.16,0.26,0.08,0.15,0.29,0.16,0.32
Marques Bolden,0.0,0.0,0.0,0.0,0.0,0.0,0.0,0.0,1.0,0.67,0.0,1.0,0.0,0.0,0.75,0.0
Marquese Chriss,0.34,0.09,0.11,0.28,0.23,0.14,0.22,0.07,0.28,0.25,0.16,0.11,0.31,0.27,0.3,0.37
Marquis Teague,0.21,0.03,0.05,0.09,0.16,0.06,0.14,0.01,0.1,0.08,0.5,0.16,0.0,0.17,0.16,0.14
Marreese Speights,0.49,0.21,0.21,0.3,0.28,0.18,0.22,0.07,0.3,0.26,0.17,0.04,0.27,0.23,0.36,0.53
Marshall Plumlee,0.14,0.0,0.0,0.18,0.14,0.18,0.31,0.12,0.27,0.3,0.15,0.04,0.19,0.26,0.32,0.22
Marvin Bagley,0.46,0.06,0.06,0.47,0.4,0.21,0.31,0.1,0.3,0.3,0.11,0.06,0.27,0.23,0.19,0.53
Marvin Williams,0.3,0.17,0.16,0.16,0.14,0.09,0.11,0.04,0.24,0.2,0.13,0.09,0.19,0.1,0.14,0.33
Mason Plumlee,0.26,0.0,0.01,0.33,0.26,0.16,0.28,0.09,0.3,0.29,0.36,0.11,0.33,0.29,0.28,0.34
Matisse Thybulle,0.21,0.13,0.12,0.1,0.09,0.04,0.06,0.04,0.08,0.08,0.17,0.21,0.27,0.17,0.25,0.21
Matt Barnes,0.29,0.15,0.16,0.14,0.14,0.09,0.11,0.04,0.25,0.21,0.26,0.09,0.17,0.22,0.24,0.3
Matt Bonner,0.28,0.21,0.16,0.16,0.12,0.03,0.03,0.01,0.18,0.13,0.13,0.08,0.0,0.06,0.16,0.33
Matt Costello,0.12,0.0,0.0,0.14,0.12,0.0,0.0,0.02,0.38,0.28,0.17,0.18,0.46,0.1,0.51,0.11
Matt Mooney,0.21,0.0,0.11,0.09,0.11,0.0,0.0,0.0,0.25,0.17,0.12,0.32,0.31,0.0,0.09,0.1
Matt Thomas,0.34,0.29,0.22,0.12,0.11,0.04,0.06,0.02,0.18,0.14,0.13,0.06,0.0,0.14,0.19,0.42
Matt Williams,0.54,0.23,0.46,0.18,0.08,0.0,0.0,0.0,0.12,0.08,0.0,0.0,0.0,0.32,0.18,0.42
Matthew Dellavedova,0.26,0.12,0.12,0.13,0.14,0.08,0.08,0.01,0.11,0.09,0.56,0.08,0.0,0.27,0.21,0.26
Maurice Harkless,0.26,0.09,0.09,0.22,0.17,0.07,0.11,0.05,0.17,0.16,0.13,0.12,0.23,0.16,0.21,0.29
Maurice Ndour,0.26,0.0,0.02,0.26,0.24,0.12,0.16,0.07,0.19,0.19,0.06,0.14,0.15,0.16,0.19,0.27
Max Strus,0.5,0.0,0.17,0.75,0.33,0.33,0.33,0.17,0.0,0.17,0.0,0.0,0.0,0.0,0.38,0.76
Maxi Kleber,0.26,0.15,0.15,0.16,0.12,0.08,0.09,0.06,0.22,0.21,0.13,0.06,0.35,0.13,0.21,0.31
Melvin Frazier,0.32,0.14,0.14,0.19,0.19,0.03,0.1,0.03,0.08,0.09,0.05,0.15,0.12,0.13,0.23,0.29
Metta World Peace,0.33,0.13,0.16,0.11,0.16,0.13,0.19,0.03,0.17,0.14,0.13,0.12,0.12,0.13,0.25,0.28
Meyers Leonard,0.29,0.17,0.15,0.18,0.14,0.06,0.07,0.04,0.3,0.24,0.18,0.03,0.08,0.17,0.29,0.32
Mfiondu Kabengele,0.51,0.43,0.32,0.17,0.19,0.15,0.15,0.02,0.22,0.17,0.11,0.12,0.29,0.16,0.34,0.6
Michael Beasley,0.49,0.05,0.05,0.53,0.44,0.17,0.22,0.06,0.27,0.24,0.19,0.08,0.21,0.33,0.22,0.55
Michael Carter-Williams,0.33,0.04,0.06,0.26,0.26,0.16,0.21,0.04,0.2,0.17,0.44,0.15,0.23,0.3,0.24,0.32
Michael Frazier,0.2,0.08,0.16,0.04,0.04,0.12,0.19,0.01,0.09,0.07,0.05,0.05,0.0,0.14,0.34,0.17
Michael Gbinije,0.31,0.0,0.11,0.06,0.19,0.11,0.11,0.06,0.04,0.08,0.16,0.0,0.0,0.0,0.12,0.1
Michael Kidd-Gilchrist,0.28,0.02,0.01,0.29,0.26,0.14,0.18,0.06,0.22,0.21,0.13,0.09,0.19,0.12,0.2,0.31
Michael Porter,0.43,0.19,0.16,0.33,0.26,0.13,0.16,0.07,0.32,0.29,0.14,0.09,0.23,0.22,0.25,0.52
Mikal Bridges,0.24,0.11,0.11,0.16,0.12,0.09,0.11,0.03,0.15,0.12,0.19,0.16,0.12,0.12,0.18,0.28
Mike Conley,0.44,0.19,0.17,0.28,0.27,0.25,0.3,0.02,0.12,0.1,0.52,0.12,0.06,0.23,0.13,0.52
Mike Dunleavy,0.27,0.17,0.15,0.11,0.11,0.09,0.11,0.02,0.16,0.13,0.17,0.05,0.08,0.13,0.19,0.29
Mike James,0.47,0.1,0.14,0.32,0.32,0.19,0.24,0.02,0.17,0.13,0.52,0.12,0.08,0.29,0.16,0.44
Mike Miller,0.17,0.14,0.14,0.03,0.02,0.0,0.0,0.01,0.23,0.18,0.33,0.08,0.1,0.2,0.26,0.16
Mike Muscala,0.29,0.16,0.15,0.17,0.14,0.1,0.11,0.05,0.22,0.2,0.17,0.08,0.23,0.14,0.21,0.33
Mike Scott,0.32,0.17,0.15,0.2,0.17,0.06,0.08,0.04,0.22,0.19,0.15,0.05,0.08,0.14,0.21,0.35
Mike Tobey,0.16,0.0,0.0,0.09,0.16,0.0,0.0,0.08,0.06,0.12,0.11,0.0,0.0,0.16,0.18,0.07
Miles Bridges,0.34,0.13,0.13,0.24,0.21,0.09,0.11,0.04,0.22,0.18,0.16,0.08,0.21,0.16,0.15,0.35
Miles Plumlee,0.22,0.0,0.0,0.29,0.22,0.09,0.16,0.09,0.23,0.24,0.13,0.07,0.27,0.23,0.21,0.28
Milos Teodosic,0.31,0.21,0.2,0.12,0.11,0.07,0.08,0.01,0.14,0.11,0.53,0.06,0.04,0.38,0.23,0.34
Milton Doyle,0.38,0.1,0.18,0.16,0.19,0.07,0.13,0.02,0.18,0.14,0.23,0.14,0.12,0.07,0.23,0.25
Mindaugas Kuzminskas,0.36,0.15,0.16,0.22,0.2,0.11,0.13,0.05,0.11,0.12,0.19,0.08,0.1,0.19,0.17,0.38
Mirza Teletovic,0.42,0.29,0.27,0.16,0.15,0.11,0.14,0.02,0.21,0.17,0.13,0.05,0.08,0.17,0.22,0.46
Mitch Creek,0.33,0.0,0.04,0.38,0.29,0.21,0.29,0.12,0.19,0.25,0.36,0.12,0.0,0.09,0.14,0.4
Mitch McGary,0.33,0.0,0.06,0.38,0.28,0.11,0.28,0.06,0.29,0.25,0.16,0.0,0.21,0.44,0.31,0.33
Mitchell Robinson,0.23,0.0,0.0,0.37,0.23,0.12,0.2,0.13,0.26,0.31,0.08,0.11,0.75,0.11,0.33,0.35
Miye Oni,0.29,0.18,0.18,0.11,0.12,0.07,0.09,0.05,0.17,0.16,0.1,0.11,0.15,0.14,0.19,0.29
Mo Bamba,0.32,0.1,0.11,0.27,0.21,0.08,0.13,0.1,0.34,0.32,0.13,0.06,0.69,0.21,0.3,0.34
Mo Williams,0.41,0.14,0.14,0.28,0.27,0.1,0.11,0.01,0.13,0.1,0.37,0.05,0.04,0.31,0.19,0.41
Monta Ellis,0.33,0.07,0.09,0.26,0.25,0.11,0.14,0.01,0.13,0.1,0.37,0.15,0.1,0.29,0.16,0.34
Monte Morris,0.35,0.13,0.11,0.28,0.24,0.08,0.09,0.02,0.11,0.09,0.44,0.11,0.04,0.12,0.11,0.38
Montrezl Harrell,0.4,0.0,0.01,0.56,0.4,0.22,0.34,0.08,0.23,0.23,0.17,0.08,0.33,0.23,0.25,0.55
Moritz Wagner,0.34,0.1,0.12,0.29,0.22,0.19,0.23,0.06,0.27,0.24,0.17,0.08,0.21,0.33,0.37,0.42
Moses Brown,0.3,0.0,0.0,0.24,0.3,0.16,0.49,0.08,0.49,0.43,0.08,0.08,0.21,0.32,0.49,0.3
Mychal Mulder,0.33,0.22,0.26,0.11,0.07,0.09,0.12,0.01,0.15,0.11,0.11,0.03,0.02,0.1,0.22,0.34
Myke Henry,0.29,0.15,0.15,0.13,0.14,0.03,0.06,0.03,0.11,0.1,0.17,0.25,0.12,0.21,0.17,0.26
Myles Turner,0.35,0.08,0.08,0.32,0.28,0.16,0.21,0.05,0.27,0.24,0.12,0.08,0.56,0.19,0.22,0.41
Nassir Little,0.26,0.07,0.1,0.21,0.16,0.1,0.15,0.05,0.2,0.19,0.12,0.08,0.19,0.1,0.28,0.28
Nate Robinson,0.04,0.0,0.04,0.0,0.0,0.0,0.0,0.0,0.0,0.0,0.5,0.13,0.0,0.0,0.49,0.0
Nate Wolters,0.32,0.0,0.0,0.12,0.32,0.0,0.0,0.05,0.08,0.11,0.15,0.0,0.0,0.0,0.12,0.1
Naz Mitrou-Long,0.29,0.09,0.18,0.14,0.11,0.03,0.03,0.0,0.14,0.09,0.52,0.04,0.1,0.37,0.21,0.22
Naz Reid,0.49,0.19,0.19,0.31,0.3,0.14,0.22,0.07,0.27,0.25,0.21,0.11,0.31,0.17,0.38,0.49
Nazr Mohammed,0.26,0.0,0.0,0.36,0.26,0.21,0.21,0.05,0.24,0.21,0.0,0.0,0.0,0.63,0.48,0.38
Nemanja Bjelica,0.3,0.16,0.14,0.19,0.16,0.07,0.09,0.06,0.25,0.22,0.24,0.1,0.15,0.19,0.26,0.33
Nene,0.22,0.0,0.01,0.24,0.21,0.11,0.17,0.06,0.24,0.22,0.13,0.09,0.23,0.09,0.36,0.25
Nene Hilario,0.34,0.0,0.01,0.43,0.33,0.19,0.32,0.06,0.25,0.24,0.2,0.14,0.17,0.26,0.32,0.44
Nerlens Noel,0.27,0.0,0.0,0.35,0.27,0.13,0.19,0.09,0.3,0.29,0.14,0.18,0.5,0.24,0.28,0.34
Nick Collison,0.17,0.0,0.0,0.19,0.17,0.08,0.12,0.09,0.23,0.25,0.21,0.07,0.17,0.24,0.32,0.19
Nick Young,0.38,0.27,0.25,0.13,0.13,0.1,0.12,0.01,0.11,0.09,0.1,0.08,0.04,0.1,0.17,0.4
Nickeil Alexander-Walker,0.45,0.23,0.22,0.19,0.22,0.08,0.13,0.02,0.19,0.14,0.43,0.09,0.12,0.34,0.21,0.41
Nicolas Batum,0.32,0.14,0.14,0.19,0.18,0.12,0.14,0.02,0.22,0.17,0.44,0.09,0.12,0.28,0.11,0.34
Nicolas Brussino,0.27,0.16,0.19,0.1,0.09,0.07,0.09,0.04,0.2,0.19,0.25,0.1,0.08,0.18,0.17,0.26
Nicolas Claxton,0.26,0.02,0.04,0.31,0.22,0.11,0.22,0.1,0.2,0.23,0.25,0.02,0.29,0.19,0.16,0.32
Nicolas Laprovittola,0.27,0.17,0.16,0.14,0.11,0.11,0.11,0.01,0.08,0.06,0.47,0.06,0.08,0.46,0.26,0.31
Nicolo Melli,0.31,0.2,0.19,0.14,0.11,0.11,0.14,0.03,0.21,0.17,0.23,0.1,0.17,0.19,0.27,0.35
Nigel Hayes,0.27,0.09,0.13,0.13,0.14,0.02,0.04,0.03,0.22,0.18,0.15,0.04,0.17,0.06,0.15,0.2
Nigel Williams-Goss,0.32,0.11,0.14,0.14,0.18,0.08,0.08,0.04,0.12,0.12,0.34,0.18,0.15,0.24,0.27,0.26
Nik Stauskas,0.3,0.17,0.18,0.12,0.13,0.11,0.13,0.01,0.14,0.11,0.23,0.08,0.06,0.21,0.14,0.32
Nikola Jokic,0.43,0.09,0.09,0.44,0.33,0.21,0.25,0.09,0.36,0.33,0.54,0.12,0.19,0.34,0.22,0.53
Nikola Mirotic,0.41,0.25,0.23,0.2,0.18,0.15,0.19,0.04,0.31,0.25,0.14,0.09,0.21,0.19,0.19,0.46
Nikola Pekovic,0.32,0.0,0.0,0.28,0.32,0.2,0.26,0.05,0.14,0.14,0.2,0.02,0.0,0.24,0.31,0.32
Nikola Vucevic,0.51,0.07,0.08,0.51,0.43,0.12,0.16,0.08,0.39,0.34,0.31,0.09,0.25,0.23,0.17,0.53
Noah Vonleh,0.24,0.05,0.05,0.22,0.19,0.11,0.15,0.08,0.33,0.3,0.13,0.07,0.17,0.18,0.24,0.27
Norman Powell,0.37,0.15,0.16,0.25,0.21,0.14,0.17,0.02,0.17,0.13,0.2,0.11,0.08,0.21,0.19,0.42
Norris Cole,0.4,0.07,0.09,0.29,0.32,0.09,0.12,0.01,0.17,0.12,0.39,0.11,0.04,0.24,0.21,0.36
Norvel Pelle,0.21,0.0,0.0,0.23,0.21,0.06,0.12,0.08,0.34,0.31,0.09,0.03,1.0,0.33,0.53,0.22
OG Anunoby,0.27,0.13,0.13,0.18,0.14,0.06,0.09,0.04,0.18,0.15,0.12,0.12,0.12,0.16,0.2,0.31
OJ Mayo,0.29,0.14,0.15,0.14,0.15,0.06,0.08,0.01,0.12,0.1,0.31,0.13,0.06,0.27,0.26,0.27
Okaro White,0.19,0.09,0.09,0.09,0.1,0.08,0.09,0.06,0.18,0.17,0.11,0.05,0.12,0.12,0.23,0.19
Omari Johnson,0.28,0.15,0.16,0.14,0.12,0.0,0.0,0.05,0.14,0.15,0.27,0.08,0.0,0.17,0.18,0.27
Omari Spellman,0.32,0.14,0.14,0.19,0.18,0.12,0.16,0.09,0.24,0.24,0.16,0.1,0.21,0.2,0.18,0.35
Omer Asik,0.15,0.0,0.0,0.18,0.15,0.1,0.18,0.09,0.36,0.34,0.07,0.04,0.15,0.18,0.24,0.18
Omri Casspi,0.3,0.12,0.1,0.26,0.21,0.11,0.17,0.04,0.27,0.22,0.16,0.09,0.08,0.19,0.19,0.37
Orlando Johnson,0.34,0.06,0.1,0.16,0.24,0.12,0.16,0.04,0.17,0.14,0.06,0.08,0.21,0.17,0.2,0.23
Oshae Brissett,0.27,0.08,0.11,0.16,0.16,0.11,0.14,0.07,0.19,0.2,0.16,0.08,0.1,0.22,0.29,0.24
Otto Porter,0.34,0.16,0.13,0.26,0.21,0.08,0.11,0.04,0.22,0.19,0.17,0.13,0.12,0.11,0.15,0.39
PJ Dozier,0.39,0.11,0.12,0.27,0.26,0.09,0.13,0.03,0.18,0.16,0.4,0.09,0.12,0.26,0.23,0.37
PJ Hairston,0.31,0.16,0.19,0.12,0.12,0.08,0.1,0.02,0.18,0.13,0.09,0.08,0.08,0.12,0.24,0.28
PJ Tucker,0.2,0.12,0.11,0.09,0.08,0.05,0.07,0.05,0.22,0.19,0.13,0.12,0.1,0.13,0.19,0.21
PJ Washington,0.34,0.14,0.13,0.23,0.21,0.1,0.15,0.03,0.22,0.18,0.2,0.09,0.21,0.21,0.2,0.37
Pablo Prigioni,0.18,0.1,0.11,0.08,0.06,0.02,0.02,0.04,0.14,0.14,0.45,0.19,0.0,0.23,0.22,0.16
Pascal Siakam,0.38,0.1,0.1,0.36,0.28,0.16,0.2,0.05,0.25,0.21,0.25,0.09,0.21,0.23,0.21,0.45
Pat Connaughton,0.26,0.14,0.14,0.16,0.12,0.05,0.06,0.04,0.21,0.18,0.24,0.06,0.15,0.12,0.16,0.28
Patricio Garino,0.16,0.0,0.12,0.0,0.05,0.0,0.0,0.02,0.21,0.16,0.0,0.0,0.0,0.28,0.21,0.0
Patrick Beverley,0.26,0.16,0.14,0.12,0.12,0.07,0.09,0.04,0.2,0.17,0.37,0.12,0.1,0.18,0.26,0.28
Patrick McCaw,0.21,0.08,0.09,0.13,0.12,0.04,0.06,0.02,0.11,0.09,0.23,0.12,0.08,0.14,0.16,0.21
Patrick Patterson,0.24,0.17,0.16,0.09,0.09,0.06,0.06,0.04,0.2,0.17,0.13,0.08,0.12,0.11,0.14,0.25
Patty Mills,0.36,0.24,0.21,0.16,0.14,0.09,0.11,0.01,0.1,0.08,0.35,0.09,0.04,0.19,0.15,0.39
Pau Gasol,0.38,0.06,0.05,0.36,0.33,0.18,0.24,0.07,0.4,0.33,0.34,0.05,0.4,0.24,0.15,0.43
Paul George,0.51,0.25,0.22,0.31,0.29,0.28,0.33,0.02,0.24,0.19,0.3,0.16,0.08,0.33,0.18,0.61
Paul Millsap,0.39,0.1,0.09,0.33,0.29,0.22,0.29,0.07,0.27,0.25,0.25,0.13,0.27,0.26,0.21,0.46
Paul Pierce,0.31,0.17,0.19,0.12,0.12,0.09,0.1,0.01,0.22,0.16,0.16,0.08,0.08,0.2,0.25,0.3
Paul Watson,0.3,0.13,0.14,0.16,0.16,0.16,0.21,0.02,0.26,0.19,0.26,0.14,0.08,0.13,0.13,0.32
Paul Zipser,0.27,0.12,0.12,0.13,0.15,0.06,0.08,0.02,0.2,0.15,0.13,0.07,0.12,0.19,0.22,0.25
Phil Pressey,0.28,0.05,0.06,0.2,0.21,0.1,0.18,0.01,0.15,0.11,0.77,0.19,0.12,0.46,0.22,0.24
Pierre Jackson,0.47,0.11,0.13,0.26,0.33,0.15,0.17,0.01,0.14,0.11,0.65,0.06,0.0,0.16,0.13,0.38
Quincy Acy,0.26,0.16,0.15,0.12,0.11,0.11,0.13,0.04,0.24,0.2,0.1,0.08,0.19,0.14,0.26,0.3
Quincy Pondexter,0.22,0.05,0.08,0.14,0.14,0.19,0.25,0.03,0.19,0.16,0.17,0.09,0.0,0.19,0.21,0.27
Quinn Cook,0.39,0.19,0.17,0.26,0.22,0.04,0.06,0.02,0.15,0.12,0.33,0.06,0.0,0.21,0.18,0.41
Quinndary Weatherspoon,0.21,0.04,0.07,0.12,0.16,0.03,0.06,0.01,0.1,0.08,0.4,0.12,0.1,0.28,0.22,0.14
RJ Barrett,0.43,0.1,0.11,0.31,0.31,0.18,0.29,0.03,0.2,0.16,0.25,0.1,0.08,0.29,0.16,0.43
RJ Hunter,0.33,0.2,0.23,0.12,0.11,0.04,0.04,0.01,0.17,0.11,0.13,0.13,0.08,0.13,0.23,0.31
Rajon Rondo,0.31,0.08,0.09,0.23,0.22,0.04,0.08,0.03,0.21,0.17,0.83,0.15,0.02,0.39,0.16,0.29
Rakeem Christmas,0.2,0.0,0.0,0.21,0.2,0.19,0.27,0.12,0.2,0.25,0.04,0.04,0.21,0.16,0.39,0.26
Ramon Sessions,0.34,0.06,0.07,0.28,0.27,0.24,0.32,0.02,0.14,0.11,0.44,0.08,0.04,0.27,0.14,0.4
Randy Foye,0.28,0.13,0.15,0.11,0.12,0.08,0.09,0.01,0.15,0.11,0.29,0.08,0.12,0.22,0.18,0.26
Rashad Vaughn,0.28,0.14,0.16,0.11,0.12,0.02,0.03,0.01,0.12,0.09,0.12,0.1,0.12,0.1,0.17,0.23
Rasual Butler,0.24,0.09,0.12,0.17,0.13,0.04,0.06,0.01,0.19,0.13,0.15,0.09,0.4,0.09,0.05,0.26
Raul Neto,0.3,0.13,0.11,0.21,0.19,0.09,0.12,0.01,0.12,0.09,0.4,0.11,0.06,0.29,0.19,0.32
Rawle Alkins,0.32,0.07,0.1,0.19,0.22,0.13,0.2,0.09,0.19,0.22,0.31,0.02,0.0,0.27,0.13,0.28
Ray McCallum,0.31,0.1,0.09,0.19,0.22,0.05,0.07,0.02,0.13,0.09,0.37,0.08,0.12,0.21,0.14,0.26
Ray Spalding,0.32,0.0,0.02,0.38,0.29,0.06,0.17,0.1,0.34,0.32,0.11,0.17,0.42,0.22,0.34,0.33
Rayjon Tucker,0.28,0.07,0.1,0.22,0.16,0.25,0.3,0.02,0.15,0.12,0.07,0.0,0.0,0.2,0.14,0.35
Raymond Felton,0.33,0.11,0.12,0.23,0.22,0.09,0.11,0.02,0.15,0.12,0.37,0.1,0.08,0.21,0.16,0.32
Reggie Bullock,0.31,0.2,0.18,0.14,0.13,0.06,0.07,0.02,0.13,0.1,0.18,0.08,0.04,0.12,0.12,0.33
Reggie Hearn,0.31,0.37,0.31,0.0,0.0,0.0,0.0,0.0,0.0,0.0,0.0,0.0,0.0,0.0,0.0,0.4
Reggie Jackson,0.48,0.17,0.16,0.33,0.32,0.19,0.22,0.02,0.12,0.1,0.52,0.08,0.02,0.31,0.19,0.51
Reggie Williams,0.29,0.17,0.14,0.09,0.15,0.15,0.18,0.02,0.08,0.08,0.15,0.12,0.0,0.0,0.05,0.31
Richard Jefferson,0.22,0.13,0.12,0.12,0.1,0.09,0.13,0.02,0.15,0.11,0.14,0.07,0.04,0.13,0.21,0.26
Richaun Holmes,0.31,0.02,0.03,0.39,0.28,0.15,0.2,0.09,0.26,0.27,0.13,0.09,0.4,0.17,0.3,0.41
Ricky Rubio,0.32,0.1,0.1,0.21,0.21,0.21,0.24,0.02,0.18,0.14,0.71,0.17,0.02,0.34,0.19,0.36
Robert Covington,0.34,0.22,0.22,0.14,0.12,0.12,0.14,0.03,0.25,0.2,0.13,0.17,0.25,0.22,0.23,0.37
Robert Sacre,0.23,0.0,0.0,0.21,0.23,0.16,0.23,0.1,0.19,0.23,0.13,0.05,0.23,0.16,0.3,0.25
Robert Williams,0.21,0.0,0.0,0.32,0.21,0.09,0.14,0.1,0.31,0.31,0.16,0.13,0.81,0.18,0.29,0.31
Robin Lopez,0.33,0.02,0.02,0.38,0.31,0.09,0.12,0.1,0.18,0.21,0.14,0.02,0.35,0.22,0.17,0.36
Rodions Kurucs,0.32,0.13,0.14,0.21,0.18,0.1,0.13,0.04,0.22,0.19,0.14,0.1,0.12,0.24,0.26,0.34
Rodney Hood,0.39,0.18,0.17,0.24,0.22,0.13,0.16,0.01,0.14,0.11,0.19,0.08,0.06,0.16,0.18,0.42
Rodney McGruder,0.25,0.12,0.12,0.14,0.13,0.04,0.07,0.04,0.15,0.14,0.17,0.07,0.06,0.13,0.17,0.25
Rodney Purvis,0.37,0.13,0.18,0.18,0.19,0.09,0.1,0.01,0.13,0.09,0.17,0.03,0.08,0.13,0.2,0.3
Rodney Stuckey,0.35,0.06,0.08,0.27,0.28,0.22,0.27,0.01,0.16,0.12,0.33,0.09,0.04,0.26,0.13,0.37
Romeo Langford,0.22,0.05,0.07,0.14,0.15,0.11,0.14,0.04,0.1,0.11,0.1,0.05,0.12,0.1,0.19,0.2
Ron Baker,0.21,0.08,0.1,0.11,0.12,0.08,0.11,0.01,0.13,0.1,0.36,0.14,0.1,0.22,0.2,0.19
Rondae Hollis-Jefferson,0.34,0.02,0.03,0.32,0.3,0.21,0.28,0.07,0.28,0.25,0.24,0.12,0.17,0.23,0.21,0.37
Ronnie Price,0.24,0.14,0.16,0.08,0.09,0.04,0.07,0.02,0.09,0.08,0.36,0.18,0.08,0.22,0.29,0.23
Roy Hibbert,0.22,0.0,0.0,0.22,0.22,0.14,0.17,0.07,0.21,0.22,0.13,0.04,0.46,0.17,0.31,0.25
Royce O'Neale,0.21,0.12,0.11,0.11,0.09,0.06,0.07,0.01,0.26,0.19,0.24,0.1,0.1,0.14,0.22,0.23
Rudy Gay,0.42,0.1,0.11,0.36,0.31,0.17,0.21,0.04,0.27,0.22,0.21,0.11,0.17,0.26,0.18,0.47
Rudy Gobert,0.24,0.0,0.0,0.34,0.24,0.22,0.34,0.11,0.4,0.38,0.13,0.07,0.52,0.22,0.2,0.38
Rui Hachimura,0.38,0.05,0.06,0.36,0.32,0.16,0.19,0.05,0.22,0.2,0.17,0.08,0.04,0.14,0.16,0.41
Russ Smith,0.34,0.06,0.07,0.21,0.25,0.23,0.41,0.02,0.17,0.14,0.45,0.21,0.17,0.46,0.16,0.31
Russell Westbrook,0.6,0.12,0.14,0.49,0.45,0.33,0.43,0.05,0.33,0.27,0.8,0.15,0.06,0.53,0.18,0.67
Ryan Anderson,0.37,0.22,0.2,0.18,0.16,0.13,0.16,0.06,0.18,0.18,0.1,0.04,0.08,0.13,0.14,0.41
Ryan Arcidiacono,0.21,0.13,0.12,0.11,0.09,0.07,0.09,0.02,0.15,0.11,0.37,0.09,0.0,0.14,0.19,0.24
Ryan Broekhoff,0.29,0.27,0.22,0.08,0.07,0.07,0.09,0.02,0.22,0.17,0.16,0.06,0.06,0.14,0.17,0.34
Ryan Hollins,0.17,0.0,0.0,0.24,0.17,0.11,0.18,0.11,0.17,0.21,0.07,0.05,0.35,0.19,0.31,0.25
Ryan Kelly,0.3,0.05,0.08,0.2,0.22,0.14,0.22,0.04,0.3,0.24,0.13,0.08,0.21,0.14,0.16,0.28
Salah Mejri,0.19,0.02,0.02,0.24,0.18,0.1,0.17,0.11,0.34,0.34,0.12,0.1,0.56,0.2,0.36,0.26
Sam Dekker,0.3,0.07,0.1,0.26,0.21,0.07,0.11,0.06,0.2,0.19,0.15,0.1,0.1,0.13,0.14,0.32
Sasha Kaun,0.18,0.0,0.0,0.24,0.18,0.11,0.21,0.13,0.24,0.26,0.07,0.16,0.4,0.31,0.24,0.21
Sasha Vujacic,0.31,0.16,0.16,0.12,0.15,0.08,0.09,0.03,0.2,0.16,0.29,0.12,0.06,0.19,0.21,0.29
Scott Machado,0.31,0.12,0.04,0.38,0.25,0.08,0.08,0.0,0.0,0.0,0.48,0.12,0.0,0.0,0.24,0.47
Scotty Hopson,0.12,0.0,0.0,0.0,0.12,0.25,0.5,0.0,0.0,0.0,0.36,0.0,0.0,0.5,0.0,0.11
Sean Kilpatrick,0.43,0.17,0.19,0.26,0.24,0.21,0.26,0.01,0.19,0.14,0.21,0.08,0.04,0.27,0.14,0.48
Sekou Doumbouya,0.31,0.1,0.13,0.19,0.18,0.08,0.12,0.02,0.2,0.16,0.07,0.08,0.08,0.18,0.24,0.29
Semaj Christon,0.23,0.04,0.07,0.15,0.16,0.04,0.07,0.02,0.11,0.09,0.37,0.08,0.04,0.19,0.18,0.17
Semi Ojeleye,0.19,0.13,0.12,0.08,0.07,0.06,0.09,0.03,0.16,0.14,0.08,0.07,0.06,0.09,0.18,0.2
Serge Ibaka,0.4,0.11,0.11,0.36,0.29,0.09,0.12,0.06,0.28,0.25,0.1,0.05,0.35,0.21,0.22,0.44
Sergey Karasev,0.18,0.09,0.09,0.11,0.09,0.12,0.14,0.02,0.18,0.14,0.25,0.06,0.0,0.24,0.16,0.22
Sergio Rodriguez,0.36,0.18,0.17,0.17,0.19,0.03,0.03,0.01,0.13,0.1,0.65,0.09,0.04,0.34,0.14,0.32
Seth Curry,0.34,0.23,0.18,0.19,0.17,0.09,0.11,0.01,0.11,0.09,0.23,0.09,0.04,0.18,0.15,0.41
Shabazz Muhammad,0.41,0.08,0.09,0.37,0.31,0.2,0.27,0.06,0.15,0.16,0.08,0.05,0.04,0.16,0.12,0.46
Shabazz Napier,0.36,0.17,0.18,0.19,0.18,0.18,0.21,0.02,0.14,0.11,0.4,0.14,0.04,0.31,0.14,0.4
Shai Gilgeous-Alexander,0.38,0.09,0.09,0.33,0.29,0.19,0.24,0.02,0.18,0.14,0.31,0.12,0.15,0.23,0.14,0.44
Shake Milton,0.34,0.19,0.17,0.2,0.17,0.1,0.13,0.02,0.13,0.11,0.32,0.08,0.08,0.2,0.25,0.39
Shamorie Ponds,0.43,0.21,0.18,0.4,0.29,0.36,0.36,0.0,0.11,0.07,0.51,0.0,0.54,0.0,0.4,0.71
Shane Larkin,0.29,0.07,0.08,0.21,0.21,0.09,0.12,0.02,0.13,0.11,0.49,0.14,0.04,0.29,0.16,0.29
Shaquille Harrison,0.31,0.06,0.07,0.28,0.24,0.13,0.18,0.03,0.2,0.16,0.29,0.2,0.19,0.17,0.22,0.33
Shaun Livingston,0.25,0.0,0.01,0.3,0.24,0.08,0.11,0.03,0.13,0.12,0.37,0.11,0.12,0.19,0.21,0.28
Shawn Long,0.47,0.09,0.08,0.52,0.38,0.17,0.29,0.18,0.27,0.36,0.15,0.12,0.29,0.21,0.47,0.57
Shayne Whittington,0.27,0.0,0.05,0.27,0.22,0.03,0.1,0.12,0.25,0.29,0.19,0.05,0.12,0.48,0.38,0.25
Sheldon Mac,0.26,0.06,0.11,0.19,0.16,0.17,0.19,0.01,0.16,0.11,0.15,0.09,0.08,0.09,0.14,0.28
Shelvin Mack,0.33,0.1,0.11,0.24,0.22,0.09,0.13,0.01,0.14,0.11,0.47,0.12,0.04,0.29,0.16,0.33
Sindarius Thornwell,0.19,0.06,0.06,0.14,0.14,0.11,0.17,0.03,0.15,0.13,0.16,0.14,0.15,0.19,0.25,0.22
Skal Labissiere,0.34,0.03,0.03,0.35,0.3,0.14,0.18,0.09,0.26,0.26,0.17,0.07,0.29,0.23,0.27,0.37
Solomon Hill,0.22,0.12,0.12,0.11,0.1,0.08,0.09,0.03,0.18,0.15,0.2,0.1,0.1,0.16,0.18,0.23
Sonny Weems,0.22,0.07,0.09,0.12,0.14,0.03,0.05,0.02,0.14,0.1,0.27,0.05,0.0,0.34,0.21,0.2
Spencer Dinwiddie,0.4,0.16,0.17,0.25,0.22,0.26,0.33,0.02,0.14,0.11,0.55,0.08,0.08,0.28,0.2,0.47
Spencer Hawes,0.32,0.1,0.1,0.24,0.22,0.11,0.13,0.05,0.28,0.24,0.29,0.06,0.23,0.24,0.23,0.34
Stanley Johnson,0.32,0.11,0.13,0.19,0.19,0.09,0.12,0.02,0.2,0.16,0.2,0.13,0.08,0.23,0.21,0.29
Stanton Kidd,0.21,0.0,0.05,0.0,0.13,0.0,0.0,0.0,0.32,0.21,0.15,0.0,0.0,0.52,0.48,0.0
Stephen Curry,0.56,0.4,0.32,0.31,0.24,0.26,0.29,0.02,0.19,0.15,0.53,0.15,0.04,0.36,0.15,0.74
Stephen Zimmerman,0.28,0.0,0.0,0.2,0.28,0.07,0.11,0.11,0.34,0.32,0.1,0.05,0.4,0.14,0.36,0.19
Sterling Brown,0.3,0.14,0.15,0.18,0.15,0.06,0.08,0.03,0.25,0.2,0.18,0.09,0.1,0.18,0.2,0.3
Steve Blake,0.24,0.15,0.15,0.09,0.09,0.03,0.03,0.01,0.12,0.09,0.57,0.07,0.04,0.33,0.16,0.23
Steve Novak,0.38,0.31,0.32,0.06,0.05,0.06,0.06,0.0,0.16,0.11,0.0,0.0,0.0,0.11,0.12,0.39
Steven Adams,0.27,0.0,0.0,0.37,0.27,0.12,0.22,0.13,0.23,0.28,0.13,0.1,0.25,0.2,0.19,0.36
Sviatoslav Mykhailiuk,0.32,0.25,0.22,0.09,0.1,0.08,0.11,0.02,0.1,0.08,0.25,0.1,0.04,0.19,0.14,0.34
TJ Leaf,0.33,0.06,0.08,0.31,0.26,0.07,0.12,0.08,0.22,0.23,0.1,0.07,0.17,0.09,0.18,0.35
TJ McConnell,0.27,0.02,0.03,0.28,0.24,0.04,0.06,0.02,0.17,0.13,0.63,0.17,0.06,0.3,0.15,0.27
TJ Warren,0.44,0.07,0.08,0.44,0.37,0.14,0.18,0.04,0.15,0.14,0.12,0.11,0.15,0.14,0.18,0.5
Tacko Fall,0.43,0.0,0.0,0.77,0.43,0.04,0.17,0.02,0.64,0.45,0.06,0.07,0.96,0.34,0.48,0.64
Tahjere McCall,0.38,0.0,0.12,0.56,0.25,0.0,0.25,0.0,0.19,0.12,0.0,0.0,0.0,0.0,0.56,0.45
Taj Gibson,0.3,0.01,0.01,0.36,0.29,0.12,0.16,0.09,0.23,0.25,0.12,0.07,0.21,0.17,0.21,0.35
Talen Horton-Tucker,0.37,0.15,0.16,0.28,0.21,0.04,0.11,0.02,0.09,0.09,0.21,0.29,0.1,0.3,0.28,0.38
Tarik Black,0.24,0.0,0.01,0.3,0.24,0.12,0.21,0.12,0.29,0.31,0.09,0.09,0.33,0.21,0.38,0.3
Tariq Owens,0.34,0.0,0.14,0.14,0.2,0.28,0.28,0.14,0.09,0.2,0.0,0.18,0.0,0.0,0.14,0.24
Taurean Prince,0.39,0.23,0.22,0.18,0.17,0.1,0.12,0.02,0.22,0.17,0.2,0.09,0.1,0.27,0.19,0.4
Taurean Waller-Prince,0.36,0.17,0.16,0.21,0.21,0.13,0.16,0.02,0.2,0.16,0.22,0.11,0.15,0.3,0.18,0.39
Tayshaun Prince,0.16,0.02,0.02,0.16,0.14,0.02,0.02,0.02,0.12,0.1,0.13,0.08,0.08,0.09,0.09,0.14
Terance Mann,0.22,0.06,0.06,0.18,0.16,0.09,0.16,0.02,0.19,0.15,0.42,0.1,0.08,0.18,0.28,0.25
Terence Davis,0.36,0.22,0.2,0.2,0.16,0.08,0.09,0.04,0.23,0.2,0.27,0.09,0.08,0.27,0.22,0.41
Terrance Ferguson,0.21,0.13,0.14,0.08,0.06,0.03,0.04,0.02,0.07,0.07,0.1,0.08,0.06,0.1,0.27,0.21
Terrence Jones,0.37,0.06,0.07,0.34,0.31,0.16,0.24,0.06,0.25,0.22,0.12,0.08,0.31,0.17,0.16,0.4
Terrence Ross,0.41,0.23,0.22,0.2,0.18,0.1,0.12,0.01,0.16,0.12,0.13,0.12,0.12,0.14,0.14,0.44
Terry Rozier,0.38,0.19,0.18,0.19,0.2,0.11,0.13,0.03,0.2,0.16,0.34,0.11,0.06,0.19,0.13,0.38
Thabo Sefolosha,0.24,0.09,0.09,0.18,0.15,0.07,0.1,0.03,0.24,0.19,0.16,0.17,0.15,0.14,0.15,0.27
Thaddeus Young,0.35,0.06,0.06,0.35,0.29,0.06,0.1,0.07,0.22,0.22,0.19,0.15,0.1,0.2,0.16,0.36
Thanasis Antetokounmpo,0.39,0.0,0.08,0.44,0.31,0.1,0.26,0.08,0.15,0.18,0.33,0.15,0.12,0.33,0.33,0.42
Theo Pinson,0.4,0.13,0.22,0.16,0.18,0.12,0.12,0.03,0.2,0.16,0.38,0.13,0.06,0.36,0.2,0.31
Thomas Bryant,0.35,0.07,0.07,0.41,0.28,0.14,0.19,0.08,0.32,0.29,0.2,0.06,0.33,0.18,0.2,0.46
Thomas Robinson,0.33,0.0,0.0,0.36,0.33,0.11,0.24,0.14,0.36,0.39,0.13,0.12,0.25,0.32,0.29,0.34
Thomas Welsh,0.36,0.26,0.18,0.28,0.15,0.06,0.12,0.0,0.18,0.12,0.44,0.0,0.0,0.12,0.21,0.44
Thon Maker,0.27,0.1,0.11,0.18,0.16,0.13,0.19,0.06,0.22,0.2,0.13,0.08,0.38,0.14,0.29,0.31
Tiago Splitter,0.28,0.0,0.01,0.32,0.27,0.15,0.17,0.08,0.2,0.21,0.15,0.1,0.15,0.19,0.27,0.34
Tibor Pleiss,0.31,0.0,0.03,0.3,0.28,0.06,0.06,0.07,0.18,0.18,0.09,0.04,0.23,0.41,0.53,0.27
Tim Duncan,0.29,0.0,0.0,0.31,0.29,0.12,0.17,0.08,0.32,0.29,0.31,0.09,0.4,0.23,0.18,0.31
Tim Frazier,0.25,0.08,0.08,0.18,0.18,0.11,0.14,0.03,0.15,0.13,0.65,0.12,0.04,0.3,0.23,0.26
Tim Hardaway,0.43,0.21,0.22,0.24,0.21,0.17,0.2,0.01,0.15,0.11,0.21,0.08,0.02,0.17,0.14,0.48
Tim Quarterman,0.35,0.17,0.16,0.23,0.18,0.04,0.12,0.04,0.21,0.18,0.35,0.06,0.31,0.57,0.18,0.33
Timofey Mozgov,0.28,0.0,0.01,0.34,0.27,0.12,0.15,0.09,0.24,0.25,0.08,0.05,0.25,0.26,0.28,0.33
Timothe Luwawu-Cabarrot,0.32,0.16,0.17,0.16,0.15,0.15,0.17,0.02,0.16,0.12,0.14,0.08,0.04,0.2,0.28,0.34
Tobias Harris,0.43,0.14,0.14,0.34,0.29,0.16,0.19,0.03,0.25,0.19,0.21,0.08,0.1,0.17,0.14,0.48
Tomas Satoransky,0.25,0.09,0.08,0.2,0.17,0.11,0.13,0.04,0.14,0.13,0.5,0.12,0.04,0.22,0.18,0.29
Toney Douglas,0.34,0.14,0.15,0.19,0.19,0.13,0.16,0.02,0.15,0.12,0.37,0.15,0.04,0.2,0.24,0.35
Tony Allen,0.31,0.02,0.03,0.3,0.28,0.1,0.15,0.08,0.18,0.19,0.13,0.18,0.08,0.21,0.24,0.31
Tony Bradley,0.3,0.0,0.01,0.41,0.29,0.09,0.13,0.17,0.35,0.4,0.11,0.06,0.35,0.19,0.37,0.38
Tony Parker,0.38,0.04,0.04,0.38,0.34,0.13,0.17,0.01,0.11,0.08,0.54,0.08,0.04,0.27,0.12,0.39
Tony Snell,0.24,0.17,0.14,0.1,0.09,0.04,0.05,0.01,0.13,0.1,0.15,0.06,0.08,0.1,0.14,0.26
Tony Wroten,0.45,0.06,0.12,0.3,0.33,0.28,0.51,0.01,0.2,0.14,0.4,0.07,0.0,0.8,0.18,0.42
Torrey Craig,0.24,0.11,0.12,0.16,0.12,0.06,0.08,0.06,0.18,0.18,0.12,0.07,0.25,0.11,0.27,0.26
Trae Young,0.54,0.23,0.22,0.34,0.31,0.36,0.42,0.02,0.15,0.12,0.75,0.09,0.04,0.51,0.12,0.65
Travis Wear,0.31,0.21,0.21,0.08,0.11,0.07,0.07,0.0,0.25,0.16,0.09,0.04,0.17,0.12,0.3,0.3
Tremont Waters,0.42,0.1,0.2,0.19,0.21,0.13,0.13,0.0,0.15,0.1,0.4,0.25,0.15,0.52,0.25,0.3
Treveon Graham,0.24,0.13,0.12,0.11,0.12,0.08,0.1,0.04,0.15,0.14,0.14,0.08,0.04,0.1,0.22,0.24
Trevon Duval,0.5,0.43,0.15,0.34,0.35,0.0,0.0,0.0,0.22,0.15,1.0,0.0,0.0,0.0,0.0,0.77
Trevor Ariza,0.29,0.19,0.18,0.12,0.11,0.08,0.11,0.02,0.19,0.15,0.2,0.14,0.06,0.13,0.13,0.31
Trevor Booker,0.29,0.02,0.03,0.31,0.26,0.09,0.13,0.1,0.3,0.3,0.19,0.1,0.15,0.23,0.22,0.32
Trey Burke,0.45,0.16,0.15,0.32,0.3,0.11,0.14,0.02,0.1,0.08,0.43,0.08,0.04,0.22,0.14,0.47
Trey Lyles,0.36,0.14,0.14,0.24,0.21,0.1,0.14,0.04,0.29,0.23,0.17,0.07,0.17,0.18,0.19,0.37
Trey McKinney-Jones,0.0,0.0,0.0,0.0,0.0,0.0,0.0,0.0,0.0,0.0,0.0,0.0,0.0,0.0,0.0,0.0
Tristan Thompson,0.24,0.0,0.0,0.29,0.23,0.11,0.19,0.12,0.3,0.33,0.13,0.06,0.19,0.14,0.18,0.29
Troy Brown,0.34,0.1,0.1,0.26,0.24,0.12,0.14,0.04,0.25,0.21,0.29,0.13,0.04,0.18,0.18,0.35
Troy Caupain,0.5,0.36,0.2,0.28,0.3,0.0,0.0,0.05,0.19,0.2,0.71,0.15,0.0,0.0,0.0,0.57
Troy Daniels,0.38,0.3,0.28,0.1,0.1,0.06,0.08,0.01,0.11,0.09,0.11,0.06,0.04,0.16,0.18,0.4
Troy Williams,0.32,0.1,0.12,0.24,0.2,0.08,0.13,0.04,0.18,0.17,0.12,0.15,0.15,0.2,0.25,0.34
Ty Jerome,0.34,0.13,0.15,0.17,0.19,0.08,0.09,0.02,0.18,0.14,0.38,0.14,0.06,0.22,0.19,0.28
Ty Lawson,0.28,0.06,0.07,0.22,0.21,0.14,0.19,0.02,0.11,0.09,0.52,0.12,0.04,0.29,0.14,0.31
Tyler Cavanaugh,0.29,0.18,0.17,0.14,0.12,0.07,0.09,0.09,0.23,0.24,0.15,0.05,0.06,0.11,0.26,0.31
Tyler Cook,0.21,0.0,0.0,0.32,0.21,0.24,0.28,0.12,0.21,0.26,0.07,0.14,0.0,0.19,0.21,0.39
Tyler Davis,1.0,0.0,0.0,0.0,1.0,0.0,0.0,1.0,0.0,1.0,0.0,0.0,0.0,0.0,0.0,0.0
Tyler Dorsey,0.39,0.2,0.2,0.18,0.19,0.1,0.15,0.02,0.18,0.14,0.23,0.06,0.04,0.14,0.16,0.38
Tyler Ennis,0.32,0.09,0.09,0.25,0.24,0.06,0.09,0.02,0.13,0.11,0.43,0.12,0.06,0.26,0.23,0.31
Tyler Hansbrough,0.21,0.0,0.01,0.2,0.19,0.23,0.38,0.12,0.21,0.26,0.07,0.12,0.19,0.16,0.34,0.28
Tyler Herro,0.42,0.22,0.2,0.23,0.22,0.12,0.13,0.01,0.21,0.15,0.23,0.07,0.06,0.23,0.11,0.45
Tyler Johnson,0.35,0.14,0.14,0.22,0.21,0.13,0.17,0.02,0.15,0.12,0.28,0.1,0.15,0.18,0.17,0.38
Tyler Lydon,0.19,0.15,0.11,0.12,0.08,0.0,0.06,0.08,0.16,0.19,0.15,0.08,0.0,0.21,0.24,0.22
Tyler Ulis,0.35,0.07,0.08,0.27,0.27,0.09,0.12,0.01,0.09,0.08,0.55,0.13,0.04,0.29,0.16,0.33
Tyler Zeller,0.33,0.02,0.01,0.38,0.32,0.15,0.19,0.09,0.25,0.26,0.15,0.04,0.23,0.18,0.28,0.39
Tyreke Evans,0.47,0.17,0.16,0.32,0.32,0.19,0.24,0.02,0.2,0.16,0.45,0.12,0.08,0.32,0.16,0.5
Tyrone Wallace,0.31,0.02,0.04,0.28,0.26,0.13,0.18,0.02,0.16,0.14,0.22,0.1,0.1,0.23,0.24,0.31
Tyson Chandler,0.16,0.0,0.0,0.23,0.16,0.12,0.18,0.11,0.38,0.37,0.1,0.07,0.17,0.2,0.23,0.24
Tyus Jones,0.27,0.1,0.09,0.2,0.18,0.08,0.1,0.01,0.11,0.08,0.57,0.17,0.04,0.16,0.12,0.28
Udonis Haslem,0.25,0.0,0.06,0.19,0.18,0.08,0.14,0.04,0.35,0.28,0.12,0.04,0.1,0.11,0.25,0.21
Vander Blue,0.11,0.0,0.04,0.05,0.07,0.04,0.09,0.0,0.03,0.02,0.19,0.07,0.0,0.27,0.1,0.06
Vic Law,0.28,0.04,0.12,0.18,0.18,0.05,0.21,0.02,0.21,0.18,0.14,0.08,0.0,0.1,0.23,0.22
Victor Oladipo,0.46,0.16,0.16,0.34,0.31,0.17,0.22,0.02,0.19,0.15,0.33,0.16,0.1,0.28,0.16,0.51
Vince Carter,0.31,0.2,0.19,0.12,0.12,0.09,0.11,0.02,0.18,0.14,0.18,0.1,0.17,0.13,0.22,0.32
Vince Edwards,0.25,0.17,0.25,0.0,0.0,0.0,0.0,0.06,0.09,0.12,0.0,0.0,0.0,0.0,0.0,0.17
Vince Hunter,0.67,0.0,0.0,1.0,0.67,0.0,0.0,0.28,0.17,0.44,0.0,0.0,0.83,0.44,0.0,0.76
Vincent Poirier,0.27,0.0,0.02,0.27,0.26,0.1,0.1,0.1,0.35,0.34,0.19,0.05,0.5,0.27,0.42,0.29
Vlatko Cancar,0.34,0.09,0.12,0.28,0.19,0.19,0.19,0.12,0.19,0.22,0.17,0.09,0.23,0.24,0.35,0.34
Wade Baldwin,0.29,0.06,0.06,0.19,0.23,0.16,0.19,0.02,0.15,0.12,0.39,0.12,0.15,0.39,0.24,0.27
Walt Lemon,0.52,0.03,0.03,0.49,0.49,0.09,0.13,0.02,0.2,0.16,0.52,0.19,0.06,0.24,0.19,0.47
"Walt Lemon,",0.46,0.08,0.03,0.39,0.43,0.12,0.17,0.0,0.09,0.06,0.4,0.0,0.21,0.46,0.32,0.44
Wayne Ellington,0.35,0.27,0.25,0.1,0.1,0.06,0.07,0.01,0.13,0.1,0.13,0.09,0.04,0.1,0.12,0.37
Wayne Selden,0.34,0.13,0.14,0.21,0.21,0.11,0.14,0.02,0.12,0.11,0.22,0.08,0.08,0.26,0.2,0.35
Wendell Carter,0.3,0.01,0.02,0.33,0.28,0.17,0.22,0.09,0.31,0.3,0.16,0.08,0.31,0.23,0.3,0.36
Wenyen Gabriel,0.21,0.07,0.09,0.14,0.12,0.13,0.18,0.09,0.19,0.22,0.11,0.15,0.19,0.26,0.38,0.24
Wesley Iwundu,0.23,0.06,0.06,0.17,0.16,0.12,0.16,0.03,0.17,0.14,0.16,0.08,0.12,0.11,0.21,0.25
Wesley Johnson,0.27,0.13,0.15,0.13,0.12,0.04,0.06,0.02,0.21,0.16,0.1,0.14,0.25,0.13,0.23,0.26
Wesley Matthews,0.32,0.2,0.19,0.13,0.13,0.09,0.12,0.01,0.12,0.09,0.2,0.08,0.04,0.14,0.15,0.34
Will Barton,0.39,0.15,0.15,0.27,0.24,0.14,0.18,0.03,0.22,0.18,0.31,0.09,0.12,0.22,0.14,0.43
William Howard,0.31,0.0,0.31,0.0,0.0,0.0,0.0,0.0,0.23,0.15,0.22,0.0,0.0,0.31,0.18,0.0
Willie Cauley-Stein,0.32,0.0,0.01,0.39,0.32,0.13,0.21,0.08,0.29,0.27,0.2,0.12,0.25,0.17,0.23,0.37
Willie Reed,0.28,0.0,0.0,0.38,0.28,0.11,0.21,0.11,0.29,0.31,0.07,0.05,0.42,0.13,0.29,0.36
Willy Hernangomez,0.35,0.02,0.03,0.41,0.33,0.19,0.28,0.13,0.37,0.38,0.2,0.08,0.21,0.31,0.25,0.43
Wilson Chandler,0.32,0.13,0.13,0.21,0.18,0.08,0.11,0.04,0.22,0.19,0.18,0.07,0.1,0.17,0.19,0.33
Xavier Munford,0.32,0.09,0.09,0.21,0.22,0.06,0.12,0.01,0.16,0.12,0.28,0.16,0.1,0.24,0.24,0.29
Xavier Rathan-Mayes,0.36,0.02,0.12,0.21,0.24,0.07,0.15,0.0,0.06,0.04,0.44,0.15,0.19,0.38,0.34,0.22
Xavier Silas,0.43,0.0,0.29,0.0,0.14,0.0,0.0,0.14,0.21,0.29,0.0,0.42,0.0,0.0,0.32,0.0
Yante Maten,0.31,0.0,0.08,0.18,0.23,0.0,0.0,0.08,0.23,0.23,0.0,0.23,0.0,0.0,0.0,0.14
Yogi Ferrell,0.33,0.15,0.15,0.19,0.18,0.1,0.12,0.01,0.13,0.1,0.33,0.09,0.04,0.18,0.16,0.35
Yuta Watanabe,0.31,0.06,0.08,0.21,0.21,0.07,0.12,0.04,0.21,0.18,0.13,0.11,0.08,0.09,0.16,0.24
Zach Collins,0.28,0.08,0.09,0.21,0.19,0.09,0.13,0.07,0.24,0.23,0.15,0.05,0.29,0.23,0.28,0.3
Zach LaVine,0.49,0.18,0.17,0.35,0.31,0.21,0.26,0.02,0.16,0.12,0.32,0.09,0.06,0.32,0.16,0.56
Zach Lofton,0.25,0.0,0.25,0.0,0.0,0.0,0.0,0.0,0.0,0.0,0.0,0.75,0.0,1.0,0.0,0.0
Zach Norvell,0.29,0.21,0.19,0.0,0.1,0.05,0.05,0.0,0.22,0.15,0.21,0.15,0.0,0.29,0.22,0.22
Zach Randolph,0.5,0.04,0.05,0.48,0.44,0.15,0.19,0.09,0.3,0.29,0.21,0.07,0.06,0.24,0.17,0.5
Zaza Pachulia,0.24,0.0,0.0,0.28,0.24,0.19,0.24,0.11,0.33,0.34,0.25,0.12,0.12,0.27,0.28,0.31
Zhaire Smith,0.32,0.13,0.14,0.16,0.18,0.11,0.16,0.02,0.12,0.11,0.23,0.11,0.15,0.22,0.18,0.31
Zhou Qi,0.26,0.04,0.15,0.1,0.11,0.12,0.18,0.04,0.18,0.18,0.04,0.04,0.79,0.3,0.24,0.18
Zion Williamson,0.54,0.02,0.02,0.69,0.52,0.34,0.53,0.1,0.2,0.22,0.21,0.08,0.1,0.36,0.14,0.73
Zylan Cheatham,0.17,0.0,0.02,0.26,0.16,0.0,0.0,0.06,0.18,0.17,0.17,0.05,0.12,0.31,0.44,0.21
