,Player,final_team,Pos,G,MP,PER,TS%,3PAr,TRB%,USG%,OWS,DWS,FGA,3P,3PA,2P,2PA,FT,FTA,ORB,DRB,TRB,AST,STL,BLK,TOV,PF,PTS
0,Steven Adams,OKC,C,0.933993399339934,0.7509755232351897,0.5470352206865805,0.6296296296296297,0.0,0.5519247985675918,0.233206106870229,0.5121765601217657,0.5916824196597353,0.27,0.0,0.0,0.6,0.52,0.22,0.34,0.88,0.39,0.56,0.09,0.43,0.33,0.3,0.31,0.32
1,Bam Adebayo,MIA,PF,0.41914191419141916,0.6055338772614403,0.5376727596968346,0.5925925925925926,0.02564102564102564,0.5975828111011638,0.3019083969465649,0.4223744292237444,0.6049149338374291,0.29,0.0,0.03,0.56,0.53,0.36,0.43,0.55,0.62,0.6,0.35,0.38,0.36,0.47,0.35,0.35
2,LaMarcus Aldridge,SAS,C,0.8547854785478548,0.8527846754168146,0.7115470352206866,0.4444444444444447,0.08974358974358974,0.4928379588182632,0.6293893129770992,0.5669710806697108,0.6427221172022685,0.74,0.06,0.1,0.9,0.94,0.43,0.43,0.55,0.46,0.48,0.15,0.19,0.39,0.28,0.2,0.63
3,Jarrett Allen,BRK,C,0.4158415841584158,0.5601277048598793,0.5769059295586269,0.7407407407407409,0.05128205128205128,0.6051924798567592,0.23091603053435117,0.471841704718417,0.5085066162570888,0.25,0.0,0.03,0.59,0.46,0.34,0.4,0.69,0.62,0.66,0.11,0.19,0.58,0.3,0.37,0.36
4,Al-Farouq Aminu,ORL,PF,0.7095709570957096,0.7094714437743881,0.2755238519839501,0.3333333333333335,0.6282051282051282,0.4565801253357207,0.20725190839694657,0.2656012176560122,0.4858223062381853,0.28,0.36,0.43,0.15,0.21,0.17,0.17,0.27,0.55,0.46,0.11,0.48,0.22,0.23,0.2,0.22
5,Justin Anderson,BRK,SF,0.429042904290429,0.164597374955658,0.2875613018279091,0.2962962962962964,0.6282051282051282,0.3393017009847807,0.34312977099236636,0.17960426179604266,0.14177693761814744,0.43,0.32,0.52,0.27,0.28,0.25,0.27,0.27,0.36,0.33,0.12,0.38,0.22,0.26,0.37,0.33
6,Kyle Anderson,MEM,PF,0.7854785478547854,0.4271018091521816,0.33259028087382975,0.4074074074074076,0.21794871794871795,0.3657117278424351,0.13854961832061066,0.2458143074581431,0.4914933837429112,0.16,0.08,0.12,0.32,0.32,0.15,0.17,0.2,0.44,0.35,0.31,0.71,0.31,0.26,0.24,0.16
7,Ryan Anderson,HOU,C,0.44554455445544555,0.6488116353316778,0.3285777975925101,0.4074074074074076,0.7564102564102564,0.3160250671441361,0.3274809160305343,0.3888888888888889,0.21928166351606806,0.48,0.56,0.63,0.21,0.26,0.24,0.22,0.35,0.28,0.3,0.06,0.1,0.11,0.16,0.18,0.41
8,Giannis Antetokounmpo,MIL,PF,0.9042904290429042,0.9166371053565093,0.9255461435577352,0.5925925925925926,0.1923076923076923,0.6025067144136079,0.7740458015267176,0.6978691019786911,0.8223062381852552,0.74,0.14,0.23,0.95,0.85,0.66,0.78,0.35,0.71,0.6,0.49,0.52,0.44,0.65,0.37,0.78
9,Carmelo Anthony,POR,PF,0.6468646864686468,0.8854203618304362,0.43869817209094963,0.2962962962962964,0.41025641025641024,0.3254252461951656,0.616412213740458,0.32572298325722987,0.3686200378071834,0.76,0.38,0.48,0.55,0.67,0.35,0.36,0.2,0.41,0.33,0.2,0.29,0.14,0.33,0.29,0.57
10,OG Anunoby,TOR,SF,0.37623762376237624,0.5267825470024831,0.22559072670530542,0.5185185185185185,0.6282051282051282,0.22247090420769913,0.16603053435114504,0.25722983257229837,0.45746691871455575,0.26,0.34,0.4,0.22,0.21,0.09,0.11,0.24,0.26,0.23,0.08,0.52,0.17,0.21,0.35,0.24
11,Ryan Arcidiacono,CHI,PG,0.22112211221122113,0.3944661227385598,0.18323673651359784,0.48148148148148134,0.7564102564102564,0.13070725156669652,0.06832061068702287,0.2861491628614916,0.15689981096408318,0.14,0.34,0.38,0.07,0.09,0.11,0.11,0.08,0.19,0.13,0.4,0.38,0.0,0.19,0.33,0.14
12,Trevor Ariza,POR,SF,0.8382838283828383,0.8893224547711953,0.2741863575568435,0.4074074074074076,0.8333333333333334,0.22963294538943593,0.1904580152671756,0.3188736681887367,0.4026465028355387,0.3,0.48,0.57,0.1,0.12,0.14,0.13,0.1,0.3,0.23,0.19,0.67,0.08,0.16,0.14,0.25
13,DJ Augustin,ORL,PG,0.8481848184818482,0.5196878325647392,0.3522068658047258,0.5185185185185185,0.6282051282051282,0.06803939122649956,0.3290076335877863,0.3493150684931507,0.19092627599243855,0.36,0.44,0.48,0.19,0.25,0.34,0.33,0.06,0.1,0.07,0.56,0.29,0.0,0.4,0.12,0.36
14,Deandre Ayton,PHO,C,0.0429042904290429,0.8119900673997872,0.6419973250111457,0.5555555555555555,0.01282051282051282,0.707699194270367,0.4736641221374046,0.40258751902587525,0.33459357277882795,0.6,0.0,0.02,0.94,0.85,0.22,0.24,0.73,0.67,0.7,0.14,0.29,0.36,0.4,0.39,0.54
15,Dwayne Bacon,CHO,SG,0.12871287128712872,0.2664065271372827,0.08203299152920196,0.11111111111111102,0.358974358974359,0.21978513876454792,0.25572519083969464,0.13470319634703198,0.10396975425330814,0.38,0.22,0.3,0.31,0.42,0.15,0.14,0.06,0.31,0.21,0.15,0.29,0.06,0.21,0.29,0.24
16,Lonzo Ball,NOP,PG,0.21782178217821782,0.8439162823696347,0.2929112795363353,0.14814814814814808,0.6923076923076923,0.3102059086839749,0.3061068702290076,0.15525114155251143,0.4102079395085066,0.39,0.42,0.56,0.18,0.23,0.05,0.07,0.22,0.39,0.32,0.69,0.67,0.19,0.58,0.22,0.24
17,Mo Bamba,ORL,C,0.0429042904290429,0.23412557644554804,0.46589389210878285,0.37037037037037057,0.4358974358974359,0.64816472694718,0.2954198473282442,0.20395738203957386,0.31568998109640833,0.39,0.24,0.33,0.4,0.37,0.12,0.18,0.67,0.64,0.66,0.1,0.19,0.92,0.33,0.67,0.3
18,JJ Barea,DAL,PG,0.49174917491749176,0.4583185526782546,0.46589389210878285,0.3333333333333335,0.5128205128205129,0.13876454789615042,0.5919847328244275,0.27549467275494677,0.14744801512287334,0.66,0.48,0.56,0.42,0.5,0.18,0.18,0.06,0.19,0.13,0.81,0.19,0.0,0.58,0.12,0.48
19,Harrison Barnes,SAC,PF,0.9075907590759076,0.8939340191557289,0.36781096745430225,0.4074074074074076,0.3974358974358974,0.24127126230975832,0.4396946564885496,0.33866057838660585,0.3175803402646503,0.54,0.32,0.37,0.46,0.52,0.31,0.3,0.18,0.28,0.23,0.12,0.19,0.06,0.19,0.04,0.45
20,Will Barton,DEN,SF,0.7524752475247525,0.7772259666548421,0.4141774409273295,0.37037037037037057,0.48717948717948717,0.29498657117278426,0.4389312977099237,0.3584474885844749,0.3119092627599244,0.54,0.38,0.46,0.4,0.45,0.26,0.27,0.18,0.36,0.29,0.33,0.38,0.17,0.35,0.16,0.43
21,Nicolas Batum,CHO,SF,0.6996699669966997,0.8400141894288753,0.3615693267944717,0.37037037037037057,0.6025641025641025,0.28290062667860344,0.3240458015267175,0.2914764079147641,0.4310018903591683,0.37,0.36,0.44,0.24,0.28,0.2,0.2,0.14,0.37,0.28,0.49,0.38,0.17,0.47,0.06,0.3
22,Aron Baynes,PHO,C,0.7722772277227723,0.3050727208229868,0.3771734284440482,0.4074074074074076,0.14102564102564102,0.5720680393912265,0.2763358778625954,0.26636225266362257,0.32892249527410206,0.34,0.12,0.15,0.46,0.48,0.23,0.23,0.63,0.52,0.57,0.12,0.05,0.36,0.33,0.73,0.3
23,Kent Bazemore,SAC,SF-SG,0.8316831683168316,0.6335579992905285,0.2764155149353545,0.2962962962962964,0.5384615384615384,0.23813786929274844,0.4129770992366412,0.13926940639269408,0.4347826086956522,0.48,0.38,0.48,0.31,0.38,0.25,0.27,0.1,0.33,0.24,0.27,0.71,0.22,0.47,0.39,0.37
24,Bradley Beal,WAS,SG,0.8481848184818482,0.9503369989357929,0.6116807846633971,0.5185185185185185,0.47435897435897434,0.14950760966875562,0.7110687022900763,0.528158295281583,0.3251417769376182,0.84,0.54,0.61,0.62,0.65,0.44,0.46,0.12,0.18,0.14,0.4,0.43,0.11,0.47,0.18,0.73
25,Malik Beasley,MIN,SG,0.40924092409240925,0.31784320681092587,0.2759696834596522,0.4074074074074076,0.641025641025641,0.14234556848701882,0.3564885496183206,0.24353120243531207,0.1720226843100189,0.55,0.58,0.64,0.3,0.32,0.1,0.11,0.08,0.19,0.14,0.14,0.33,0.06,0.21,0.18,0.44
26,Marco Belinelli,SAS,SG,0.8646864686468647,0.5012415750266052,0.27240303165403473,0.4074074074074076,0.6666666666666666,0.08952551477170996,0.37519083969465644,0.2473363774733638,0.1550094517958412,0.49,0.5,0.59,0.24,0.3,0.25,0.23,0.02,0.15,0.08,0.21,0.24,0.06,0.21,0.1,0.41
27,Jordan Bell,MEM,C-PF,0.19141914191419143,0.12593118126995384,0.4039233169861792,0.5185185185185185,0.05128205128205128,0.4883616830796777,0.17557251908396945,0.22450532724505332,0.21550094517958415,0.2,0.0,0.03,0.46,0.42,0.14,0.18,0.49,0.47,0.5,0.33,0.43,0.67,0.37,0.43,0.22
28,DeAndre' Bembry,ATL,SG,0.3069306930693069,0.3884356154664774,0.1671868033883192,0.22222222222222224,0.3333333333333333,0.2739480752014324,0.24236641221374053,0.11035007610350078,0.22117202268431005,0.32,0.14,0.24,0.35,0.37,0.11,0.16,0.18,0.36,0.29,0.29,0.76,0.19,0.49,0.37,0.22
29,Dragan Bender,GSW,SF,0.30033003300330036,0.411493437389145,0.0731163620151583,0.2592592592592593,0.7692307692307692,0.33034914950760963,0.15076335877862593,0.12404870624048708,0.11909262759924386,0.22,0.36,0.47,0.09,0.11,0.07,0.07,0.18,0.41,0.34,0.16,0.1,0.31,0.35,0.43,0.15
30,Davis Bertans,WAS,PF,0.5874587458745875,0.36076622915927625,0.3499777084262149,0.6296296296296297,0.9358974358974358,0.220680393912265,0.25648854961832057,0.3143074581430746,0.2457466918714556,0.39,0.74,0.76,0.05,0.07,0.14,0.13,0.12,0.3,0.23,0.14,0.24,0.22,0.16,0.33,0.38
31,Patrick Beverley,LAC,PG,0.6006600660066007,0.7087619723306137,0.294694605439144,0.4074074074074076,0.717948717948718,0.2708146821844225,0.1633587786259542,0.3554033485540335,0.3686200378071834,0.25,0.4,0.45,0.1,0.15,0.11,0.1,0.24,0.31,0.28,0.41,0.57,0.14,0.26,0.55,0.21
32,Khem Birch,ORL,C,0.14521452145214522,0.24228449804895352,0.439589835042354,0.5925925925925926,0.0,0.5429722470904207,0.10801526717557253,0.2671232876712329,0.17958412098298676,0.1,0.0,0.0,0.36,0.34,0.28,0.36,0.75,0.43,0.54,0.14,0.29,0.33,0.16,0.47,0.18
33,Bismack Biyombo,CHO,C,0.8448844884488449,0.39517559418233417,0.3687026304057066,0.48148148148148134,0.0,0.6624888093106536,0.1530534351145038,0.27397260273972607,0.3742911153119093,0.11,0.0,0.0,0.36,0.35,0.28,0.38,0.65,0.64,0.67,0.06,0.05,0.61,0.28,0.55,0.19
34,Nemanja Bjelica,SAC,PF,0.8085808580858086,0.47250798155374246,0.33036112349531876,0.5185185185185185,0.6282051282051282,0.40644583706356313,0.22290076335877862,0.31354642313546427,0.2684310018903592,0.32,0.4,0.44,0.24,0.24,0.11,0.11,0.35,0.43,0.4,0.24,0.43,0.19,0.28,0.53,0.29
35,Eric Bledsoe,MIL,PG,0.7062706270627063,0.7832564739269243,0.6000891662951405,0.48148148148148134,0.4230769230769231,0.20948970456580124,0.599236641221374,0.4124809741248098,0.4858223062381853,0.65,0.36,0.46,0.55,0.57,0.44,0.47,0.14,0.26,0.21,0.61,0.71,0.17,0.65,0.25,0.59
36,Bogdan Bogdanovic,SAC,SG,0.37293729372937295,0.698474636395885,0.3673651359786001,0.4074074074074076,0.6025641025641025,0.14145031333930172,0.4473282442748091,0.2838660578386606,0.2570888468809074,0.57,0.52,0.61,0.32,0.38,0.18,0.18,0.08,0.2,0.14,0.39,0.48,0.08,0.35,0.25,0.45
37,Bojan Bogdanovic,UTA,SF,0.9504950495049505,0.7445902802412202,0.3557735176103433,0.5555555555555555,0.5641025641025641,0.16875559534467324,0.45496183206106866,0.34474885844748865,0.2627599243856333,0.53,0.48,0.54,0.36,0.38,0.33,0.31,0.08,0.23,0.16,0.13,0.19,0.03,0.37,0.14,0.51
38,Devin Booker,PHO,SG,0.8118811881188119,0.8875487761617594,0.48595630851538113,0.4444444444444447,0.41025641025641024,0.12578334825425247,0.7358778625954199,0.36605783866057845,0.16068052930056712,0.81,0.42,0.51,0.64,0.7,0.59,0.56,0.06,0.17,0.12,0.45,0.29,0.08,0.7,0.37,0.73
39,Avery Bradley,LAL,SG,0.636963696369637,0.7910606598084426,0.2211324119482836,0.2962962962962964,0.5,0.12309758281110118,0.367175572519084,0.19178082191780824,0.3270321361058601,0.52,0.4,0.46,0.37,0.43,0.1,0.09,0.12,0.15,0.12,0.16,0.48,0.06,0.3,0.25,0.37
40,Corey Brewer,SAC,SG,0.5808580858085809,0.31003902092940755,0.17967008470798043,0.22222222222222224,0.4615384615384615,0.18218442256042974,0.20954198473282445,0.16666666666666669,0.17580340264650282,0.3,0.2,0.33,0.27,0.3,0.18,0.21,0.16,0.2,0.17,0.16,0.86,0.11,0.23,0.51,0.22
41,Mikal Bridges,PHO,SF,0.19471947194719472,0.7197587797091166,0.26125724476148016,0.5555555555555555,0.6153846153846153,0.17099373321396596,0.10610687022900761,0.3181126331811263,0.3440453686200378,0.19,0.28,0.36,0.18,0.16,0.15,0.13,0.16,0.19,0.17,0.18,0.76,0.17,0.14,0.29,0.2
42,Miles Bridges,CHO,SF,0.1617161716171617,0.6023412557644555,0.29959875167186806,0.37037037037037057,0.5,0.3155774395702775,0.29160305343511456,0.22907153729071542,0.28544423440453687,0.43,0.32,0.42,0.34,0.36,0.15,0.14,0.27,0.36,0.31,0.13,0.33,0.28,0.21,0.2,0.32
43,Malcolm Brogdon,IND,PG,0.47854785478547857,0.7172756296559063,0.4569772625947392,0.48148148148148134,0.3974358974358974,0.188898836168308,0.4213740458015267,0.3759512937595129,0.32136105860113423,0.51,0.32,0.37,0.46,0.49,0.25,0.23,0.16,0.23,0.19,0.49,0.38,0.08,0.37,0.2,0.44
44,Dillon Brooks,MEM,SG,0.25412541254125415,0.6818020574671869,0.1903700401248328,0.2962962962962964,0.4615384615384615,0.13607878245299912,0.45496183206106866,0.14840182648401828,0.2514177693761815,0.57,0.38,0.46,0.4,0.49,0.23,0.24,0.14,0.15,0.13,0.15,0.33,0.11,0.33,0.55,0.42
45,Bruce Brown,DET,SG,0.1188118811881188,0.5278467541681446,0.1413285777975925,0.18518518518518517,0.3333333333333333,0.22515666965085046,0.14580152671755728,0.17884322678843229,0.30434782608695654,0.21,0.12,0.19,0.25,0.3,0.14,0.16,0.2,0.26,0.23,0.31,0.43,0.22,0.28,0.51,0.15
46,Jaylen Brown,BOS,SF,0.6039603960396039,0.6324937921248669,0.330806954971021,0.4444444444444447,0.4487179487179487,0.2708146821844225,0.44580152671755724,0.23896499238964997,0.45935727788279773,0.54,0.38,0.45,0.46,0.46,0.26,0.34,0.2,0.33,0.28,0.12,0.43,0.11,0.37,0.37,0.47
47,Sterling Brown,MIL,SF,0.22442244224422442,0.2564739269244413,0.17521176995095852,0.2962962962962964,0.6153846153846153,0.3316920322291853,0.21832061068702294,0.16894977168949774,0.2457466918714556,0.33,0.36,0.46,0.21,0.23,0.09,0.08,0.18,0.44,0.34,0.16,0.38,0.14,0.26,0.35,0.24
48,Troy Brown,WAS,SG,0.08250825082508251,0.4356154664774743,0.29647793134195277,0.2592592592592593,0.37179487179487175,0.36884512085944493,0.2893129770992366,0.22298325722983262,0.18147448015122872,0.43,0.24,0.3,0.39,0.44,0.2,0.2,0.27,0.43,0.38,0.3,0.62,0.06,0.26,0.27,0.31
49,Jalen Brunson,DAL,PG,0.11221122112211221,0.4122029088329195,0.3473027195720018,0.4074074074074076,0.41025641025641024,0.14145031333930172,0.3820610687022901,0.27701674277016747,0.17391304347826086,0.48,0.28,0.36,0.45,0.46,0.19,0.21,0.1,0.2,0.14,0.52,0.29,0.06,0.37,0.25,0.39
50,Thomas Bryant,WAS,C,0.12211221122112212,0.42319971621142244,0.6174765938475257,0.7407407407407409,0.30769230769230765,0.5707251566696508,0.3129770992366412,0.4185692541856926,0.20604914933837432,0.44,0.18,0.23,0.68,0.52,0.26,0.29,0.51,0.61,0.59,0.19,0.19,0.44,0.26,0.35,0.49
51,Reggie Bullock,NYK,SG,0.4158415841584158,0.5285562256119191,0.2532322781988408,0.48148148148148134,0.7307692307692307,0.12891674127126232,0.1916030534351145,0.2579908675799087,0.17013232514177695,0.35,0.5,0.55,0.15,0.19,0.09,0.06,0.08,0.16,0.11,0.16,0.29,0.06,0.14,0.12,0.29
52,Trey Burke,DAL,PG,0.5016501650165016,0.3426747073430294,0.4083816317432011,0.3333333333333335,0.41025641025641024,0.0702775290957923,0.5118320610687023,0.22222222222222224,0.11531190926275992,0.68,0.4,0.47,0.51,0.59,0.19,0.2,0.08,0.09,0.06,0.48,0.33,0.06,0.35,0.16,0.5
53,Alec Burks,PHI,SG,0.5643564356435643,0.44838595246541324,0.34685688809629966,0.3333333333333335,0.4358974358974359,0.2811101163831692,0.4778625954198473,0.20167427701674281,0.1833648393194707,0.55,0.38,0.43,0.37,0.49,0.41,0.42,0.14,0.35,0.27,0.25,0.43,0.08,0.33,0.25,0.46
54,Jimmy Butler,MIA,SF,0.7557755775577558,0.9641716920893932,0.7525635309852875,0.5185185185185185,0.25641025641025644,0.25738585496866606,0.5729007633587787,0.6841704718417048,0.5141776937618148,0.6,0.2,0.26,0.6,0.67,0.7,0.71,0.27,0.26,0.26,0.44,0.71,0.14,0.33,0.04,0.61
55,Kentavious Caldwell-Pope,LAL,SG,0.9273927392739274,0.7882227740333451,0.2924654480606331,0.4074074074074076,0.6282051282051282,0.1284691136974038,0.2984732824427481,0.33409436834094375,0.45746691871455575,0.43,0.42,0.51,0.26,0.28,0.22,0.21,0.12,0.17,0.13,0.15,0.52,0.06,0.19,0.14,0.35
56,Clint Capela,HOU,C,0.7458745874587459,0.6449095423909187,0.7061970575122604,0.6666666666666667,0.0,0.7690241718889883,0.32061068702290074,0.5197869101978692,0.5330812854442345,0.38,0.0,0.0,0.77,0.64,0.23,0.36,0.86,0.72,0.79,0.06,0.29,0.56,0.3,0.41,0.44
57,DeMarre Carroll,HOU,SF-PF,0.5478547854785478,0.625399077687123,0.28176549264378065,0.3333333333333335,0.6666666666666666,0.3178155774395703,0.3091603053435115,0.27473363774733645,0.32136105860113423,0.4,0.44,0.54,0.19,0.25,0.28,0.31,0.25,0.36,0.32,0.12,0.43,0.11,0.21,0.27,0.34
58,Vince Carter,ATL,SF,0.7623762376237624,0.3540262504434197,0.22514489522960324,0.3333333333333335,0.782051282051282,0.2103849597135183,0.25190839694656497,0.22298325722983262,0.20982986767485823,0.36,0.5,0.59,0.1,0.17,0.15,0.13,0.12,0.27,0.21,0.16,0.43,0.22,0.16,0.41,0.27
59,Michael Carter-Williams,ORL,SG,0.42244224422442245,0.41752394466122733,0.3013820775746768,0.14814814814814808,0.28205128205128205,0.28066248880931066,0.37519083969465644,0.14535768645357688,0.24196597353497165,0.39,0.1,0.2,0.37,0.49,0.3,0.31,0.24,0.32,0.28,0.49,0.71,0.31,0.51,0.49,0.27
60,Alex Caruso,LAL,PG,0.09900990099009901,0.3377084072366087,0.21711992866696395,0.3333333333333335,0.48717948717948717,0.13160250671441362,0.18740458015267178,0.18417047184170474,0.24763705103969755,0.23,0.24,0.3,0.19,0.25,0.22,0.24,0.12,0.17,0.13,0.38,0.71,0.17,0.4,0.35,0.22
61,Willie Cauley-Stein,DAL,C,0.834983498349835,0.5313941113870166,0.49308961212661606,0.48148148148148134,0.01282051282051282,0.5174574753804835,0.30267175572519084,0.32191780821917815,0.37240075614366736,0.38,0.0,0.02,0.65,0.63,0.23,0.31,0.51,0.52,0.52,0.19,0.52,0.33,0.23,0.45,0.35
62,Tyson Chandler,HOU,C,0.4752475247524752,0.4618659098971266,0.34908604547481054,0.777777777777778,0.0,0.7305282005371531,0.026335877862595402,0.2884322678843227,0.22684310018903595,0.03,0.0,0.0,0.32,0.26,0.22,0.27,0.75,0.75,0.77,0.06,0.24,0.22,0.3,0.45,0.14
63,Wilson Chandler,BRK,SF,0.44554455445544555,0.6903157147924796,0.22692822113241196,0.37037037037037057,0.5897435897435898,0.32676812891674123,0.2404580152671756,0.27245053272450537,0.20982986767485823,0.37,0.34,0.42,0.29,0.3,0.14,0.13,0.24,0.37,0.32,0.16,0.24,0.14,0.23,0.31,0.29
64,Marquese Chriss,GSW,PF,0.528052805280528,0.3870166725789287,0.3107445385644227,0.3333333333333335,0.41025641025641024,0.4785138764547896,0.365648854961832,0.18264840182648404,0.2514177693761815,0.41,0.22,0.34,0.42,0.42,0.26,0.33,0.43,0.5,0.48,0.13,0.48,0.42,0.44,0.67,0.35
65,Jordan Clarkson,UTA,SG,0.9834983498349835,0.6676126285916991,0.4293357111012038,0.37037037037037057,0.4615384615384615,0.14234556848701882,0.5965648854961831,0.2549467275494673,0.1058601134215501,0.74,0.42,0.54,0.55,0.6,0.25,0.24,0.18,0.15,0.14,0.26,0.43,0.03,0.4,0.14,0.56
66,John Collins,ATL,PF,0.264026402640264,0.7023767293366442,0.6593847525635309,0.7037037037037038,0.20512820512820512,0.6168307967770815,0.433969465648855,0.46803652968036535,0.29678638941398866,0.56,0.18,0.22,0.77,0.65,0.34,0.37,0.69,0.58,0.63,0.13,0.24,0.39,0.4,0.49,0.58
67,Zach Collins,POR,PF,0.19141914191419143,0.3189074139765874,0.2113241194828355,0.2962962962962964,0.4358974358974359,0.40689346463742165,0.23396946564885493,0.19101978691019791,0.26654064272211725,0.29,0.2,0.29,0.27,0.32,0.15,0.17,0.45,0.42,0.42,0.12,0.14,0.39,0.37,0.61,0.23
68,Mike Conley,UTA,PG,0.5214521452145214,0.8346931536005675,0.6188140882746321,0.4444444444444447,0.5,0.11772605192479858,0.5893129770992367,0.525875190258752,0.3534971644612477,0.64,0.48,0.54,0.42,0.5,0.48,0.48,0.08,0.15,0.1,0.6,0.52,0.08,0.37,0.14,0.58
69,Pat Connaughton,MIL,SG,0.6171617161716172,0.2571833983682157,0.2050824788230049,0.37037037037037057,0.6666666666666666,0.2802148612354521,0.1541984732824427,0.24048706240487067,0.27788279773156904,0.24,0.36,0.43,0.18,0.16,0.07,0.05,0.24,0.34,0.3,0.24,0.19,0.19,0.14,0.22,0.2
70,Quinn Cook,LAL,PG,0.22772277227722773,0.23554451933309678,0.27730717788675885,0.4444444444444447,0.5512820512820512,0.14995523724261414,0.38778625954198476,0.20700152207001526,0.12854442344045366,0.54,0.48,0.52,0.37,0.4,0.05,0.04,0.1,0.2,0.15,0.35,0.19,0.0,0.33,0.29,0.41
71,Robert Covington,HOU,PF-C,0.735973597359736,0.7995743171337353,0.32322781988408383,0.4074074074074076,0.8205128205128205,0.33795881826320495,0.3305343511450382,0.2001522070015221,0.5274102079395085,0.42,0.56,0.68,0.14,0.16,0.2,0.2,0.16,0.43,0.34,0.1,0.81,0.33,0.35,0.45,0.35
72,Allen Crabbe,MIN,SG,0.7227722772277227,0.6385242993969492,0.21266161390994204,0.4444444444444447,0.7051282051282052,0.14816472694717994,0.249618320610687,0.3089802130898022,0.21550094517958415,0.39,0.48,0.57,0.16,0.21,0.15,0.13,0.04,0.22,0.14,0.09,0.24,0.11,0.14,0.31,0.32
73,Torrey Craig,DEN,SF,0.2508250825082508,0.3600567577155019,0.19928666963887653,0.4074074074074076,0.641025641025641,0.3133393017009848,0.10267175572519083,0.24277016742770172,0.23440453686200377,0.2,0.28,0.37,0.18,0.15,0.08,0.09,0.37,0.27,0.31,0.08,0.24,0.33,0.12,0.57,0.17
74,Jamal Crawford,BRK,SG,0.693069306930693,0.5285562256119191,0.3053945608559964,0.2962962962962964,0.5128205128205129,0.022381378692927483,0.5148854961832061,0.22526636225266364,0.17769376181474478,0.6,0.4,0.52,0.39,0.47,0.32,0.29,0.02,0.05,0.01,0.36,0.29,0.08,0.4,0.12,0.45
75,Jae Crowder,MIA,SF,0.9042904290429042,0.7321745299751685,0.31966116807846634,0.4444444444444447,0.7307692307692307,0.27529095792300806,0.30038167938931304,0.31963470319634707,0.43856332703213613,0.4,0.48,0.58,0.2,0.21,0.25,0.25,0.16,0.36,0.28,0.15,0.52,0.14,0.21,0.27,0.35
76,Seth Curry,DAL,SG,0.5148514851485149,0.500886839304718,0.35978600089166296,0.6296296296296297,0.6538461538461539,0.07788719785138763,0.3183206106870229,0.3378995433789954,0.20226843100189038,0.43,0.58,0.56,0.24,0.27,0.15,0.13,0.06,0.12,0.08,0.23,0.38,0.06,0.26,0.2,0.41
77,Stephen Curry,GSW,PG,0.6171617161716172,0.8822277403334515,0.9424877396344182,0.777777777777778,0.7307692307692307,0.23366159355416288,0.818320610687023,0.8706240487062405,0.6219281663516069,0.92,1.0,1.0,0.48,0.44,0.5,0.47,0.14,0.3,0.23,0.62,0.71,0.06,0.63,0.2,0.93
78,Troy Daniels,DEN,SG,0.6303630363036303,0.26427811280595953,0.20374498439589836,0.4444444444444447,0.9358974358974358,0.08952551477170996,0.34312977099236636,0.2092846270928463,0.07939508506616258,0.51,0.76,0.87,0.06,0.11,0.09,0.08,0.06,0.12,0.08,0.07,0.19,0.06,0.21,0.29,0.39
79,Anthony Davis,LAL,PF,0.768976897689769,0.9478538488825825,0.9754792688363798,0.5555555555555555,0.15384615384615383,0.608325872873769,0.7877862595419848,0.6560121765601218,0.8052930056710774,0.87,0.16,0.21,1.0,1.0,0.72,0.76,0.45,0.7,0.62,0.21,0.52,0.67,0.4,0.2,0.84
80,Ed Davis,UTA,C,0.7194719471947195,0.3423199716211422,0.4342398573339278,0.5925925925925926,0.0,0.8017009847806625,0.09503816793893131,0.37062404870624055,0.3988657844990548,0.11,0.0,0.0,0.39,0.34,0.22,0.3,0.9,0.76,0.83,0.07,0.33,0.33,0.26,0.75,0.18
81,Dewayne Dedmon,ATL,C,0.6864686468646864,0.3948208584604469,0.41150245207311636,0.5555555555555555,0.2692307692307692,0.6759176365264101,0.2267175572519084,0.27549467275494677,0.3667296786389414,0.3,0.18,0.24,0.41,0.35,0.17,0.18,0.51,0.73,0.67,0.1,0.38,0.47,0.35,0.67,0.29
82,Matthew Dellavedova,CLE,PG,0.6567656765676567,0.44448385952465413,0.16852429781542583,0.22222222222222224,0.6153846153846153,0.0810205908683975,0.21717557251908395,0.21765601217656017,0.14744801512287334,0.24,0.3,0.39,0.12,0.2,0.12,0.09,0.06,0.11,0.07,0.65,0.29,0.0,0.44,0.37,0.17
83,DeMar DeRozan,SAS,SF,0.9273927392739274,0.9354380986165307,0.6946054391440036,0.4444444444444447,0.11538461538461538,0.21933751119068937,0.7618320610687024,0.6248097412480975,0.45935727788279773,0.81,0.1,0.16,0.88,0.97,0.68,0.69,0.12,0.27,0.21,0.46,0.38,0.08,0.47,0.16,0.72
84,Cheick Diallo,PHO,C,0.27722772277227725,0.12380276693863072,0.49487293802942495,0.7407407407407409,0.01282051282051282,0.6826320501342883,0.283587786259542,0.23896499238964997,0.17391304347826086,0.35,0.0,0.0,0.69,0.6,0.24,0.27,0.55,0.79,0.72,0.05,0.29,0.33,0.3,0.61,0.39
85,Gorgui Dieng,MEM,C,0.9438943894389439,0.47286271727562956,0.45742309407044146,0.48148148148148134,0.1923076923076923,0.5599820948970456,0.27175572519083974,0.3249619482496195,0.3516068052930057,0.29,0.1,0.13,0.44,0.45,0.25,0.25,0.47,0.54,0.52,0.16,0.57,0.42,0.3,0.47,0.29
86,Spencer Dinwiddie,BRK,SG,0.6171617161716172,0.6651294785384888,0.424877396344182,0.4074074074074076,0.5384615384615384,0.11727842435094005,0.47633587786259546,0.4018264840182649,0.2627599243856333,0.55,0.4,0.53,0.36,0.4,0.49,0.54,0.1,0.17,0.12,0.64,0.29,0.11,0.47,0.35,0.5
87,Luka Doncic,DAL,PG,0.12211221122112212,0.8634267470734303,0.773071778867588,0.4444444444444447,0.5512820512820512,0.4794091316025067,0.9057251908396947,0.47336377473363783,0.5047258979206048,0.92,0.54,0.76,0.62,0.62,0.69,0.81,0.22,0.63,0.5,0.75,0.38,0.08,0.86,0.2,0.84
88,Damyean Dotson,NYK,SG,0.22772277227722773,0.411493437389145,0.2278198840838163,0.3333333333333335,0.6282051282051282,0.18979409131602507,0.282824427480916,0.20243531202435314,0.13043478260869565,0.44,0.46,0.55,0.24,0.28,0.11,0.1,0.06,0.25,0.18,0.19,0.38,0.06,0.19,0.18,0.32
89,Goran Dragic,MIA,PG,0.7227722772277227,0.8087974459028024,0.4814979937583594,0.4074074074074076,0.3974358974358974,0.1557743957027753,0.583969465648855,0.37899543378995443,0.4026465028355387,0.62,0.34,0.41,0.52,0.58,0.34,0.37,0.12,0.19,0.15,0.56,0.33,0.06,0.56,0.29,0.52
90,Andre Drummond,CLE,C,0.9240924092409241,0.8527846754168146,0.7195720017833259,0.3333333333333335,0.02564102564102564,1.0,0.5152671755725191,0.36073059360730597,1.0,0.52,0.0,0.03,0.77,0.76,0.3,0.54,1.0,0.95,1.0,0.13,0.71,0.47,0.51,0.41,0.46
91,Jared Dudley,LAL,SF,0.6633663366336634,0.3834693153600567,0.16495764600980833,0.48148148148148134,0.7692307692307692,0.20680393912265,0.06488549618320608,0.2503805175038052,0.223062381852552,0.14,0.34,0.39,0.1,0.09,0.09,0.09,0.1,0.27,0.2,0.24,0.38,0.11,0.23,0.45,0.16
92,Kris Dunn,CHI,PG,0.43234323432343236,0.561191912025541,0.24119482835488187,0.11111111111111102,0.30769230769230765,0.20232766338406444,0.31412213740458017,0.10806697108066972,0.31568998109640833,0.4,0.18,0.23,0.37,0.48,0.11,0.13,0.08,0.28,0.19,0.57,0.9,0.17,0.51,0.59,0.25
93,Wayne Ellington,NYK,SG,0.6864686468646864,0.5172046825115288,0.23985733392777533,0.4074074074074076,0.9102564102564101,0.11145926589077887,0.28664122137404585,0.2625570776255708,0.19659735349716448,0.44,0.68,0.78,0.06,0.11,0.09,0.06,0.06,0.16,0.1,0.1,0.38,0.06,0.09,0.1,0.34
94,Joel Embiid,PHI,C,0.37293729372937295,0.7782901738205037,0.8399465002229157,0.5185185185185185,0.2692307692307692,0.7676812891674126,0.9148854961832062,0.393455098934551,0.6219281663516069,0.89,0.26,0.37,0.89,0.89,0.89,0.96,0.51,0.9,0.79,0.31,0.29,0.58,0.84,0.51,0.89
95,James Ennis,ORL,SF,0.6237623762376238,0.437034409365023,0.2532322781988408,0.48148148148148134,0.5769230769230769,0.2694717994628469,0.17519083969465649,0.23592085235920854,0.17958412098298676,0.22,0.28,0.37,0.21,0.19,0.2,0.2,0.29,0.24,0.25,0.09,0.33,0.14,0.21,0.47,0.23
96,Dante Exum,CLE,SG,0.20132013201320131,0.28946434905995033,0.18814088274632193,0.3333333333333335,0.4358974358974359,0.14726947179946287,0.34961832061068704,0.16666666666666669,0.17013232514177695,0.36,0.22,0.32,0.32,0.36,0.26,0.27,0.14,0.17,0.14,0.35,0.29,0.11,0.49,0.45,0.29
97,Derrick Favors,NOP,C,0.7260726072607261,0.6342674707343029,0.6072224699063754,0.5185185185185185,0.07692307692307691,0.5971351835273053,0.37175572519083966,0.4185692541856926,0.5803402646502837,0.43,0.02,0.06,0.7,0.64,0.25,0.32,0.65,0.51,0.58,0.11,0.38,0.44,0.26,0.31,0.41
98,Cristiano Felicio,CHI,PF,0.45544554455445546,0.2252571833983682,0.3695942933571111,0.5925925925925926,0.02564102564102564,0.5434198746642793,0.12862595419847325,0.25570776255707767,0.14555765595463138,0.14,0.0,0.02,0.41,0.36,0.22,0.26,0.73,0.45,0.54,0.1,0.19,0.14,0.23,0.43,0.2
99,Terrance Ferguson,OKC,SF,0.31353135313531355,0.4331323164242639,0.0,0.3333333333333335,0.9102564102564101,0.020590868397493283,0.016793893129770972,0.20547945205479456,0.21550094517958415,0.12,0.34,0.45,0.01,0.02,0.02,0.01,0.1,0.02,0.02,0.05,0.29,0.08,0.09,0.57,0.09
100,Yogi Ferrell,SAC,PG,0.504950495049505,0.42249024476764807,0.2759696834596522,0.37037037037037057,0.5769230769230769,0.11011638316920325,0.3076335877862595,0.24048706240487067,0.18147448015122872,0.39,0.38,0.48,0.24,0.29,0.17,0.15,0.06,0.17,0.11,0.35,0.38,0.06,0.26,0.22,0.31
101,Dorian Finney-Smith,DAL,PF,0.5214521452145214,0.5643845335225257,0.18279090503789566,0.3333333333333335,0.6923076923076923,0.2846911369740376,0.12824427480916029,0.25570776255707767,0.31379962192816635,0.2,0.32,0.41,0.14,0.13,0.1,0.1,0.37,0.27,0.29,0.11,0.33,0.17,0.16,0.33,0.17
102,Bryn Forbes,SAS,SG,0.5445544554455446,0.4703795672224192,0.1836825679893001,0.4074074074074076,0.6923076923076923,0.07251566696508507,0.3,0.26027397260273977,0.19092627599243855,0.43,0.54,0.59,0.2,0.24,0.11,0.09,0.02,0.13,0.08,0.19,0.19,0.0,0.16,0.22,0.35
103,Evan Fournier,ORL,SG,0.8415841584158416,0.8378857750975524,0.37851092287115473,0.48148148148148134,0.5384615384615384,0.0881826320501343,0.4881679389312977,0.33866057838660585,0.32892249527410206,0.59,0.48,0.55,0.41,0.44,0.28,0.29,0.04,0.13,0.09,0.29,0.38,0.03,0.35,0.29,0.5
104,De'Aaron Fox,SAC,PG,0.35973597359735976,0.7729691379921958,0.46054391440035675,0.2962962962962964,0.2692307692307692,0.13876454789615042,0.6019083969465648,0.2595129375951294,0.3459357277882798,0.64,0.22,0.29,0.62,0.7,0.41,0.5,0.08,0.18,0.13,0.67,0.67,0.14,0.63,0.31,0.53
105,Tim Frazier,DET,PG,0.5445544554455446,0.32139056402979777,0.23004904146232724,0.18518518518518517,0.41025641025641024,0.18128916741271264,0.20839694656488547,0.19939117199391174,0.15689981096408318,0.22,0.2,0.25,0.22,0.29,0.18,0.19,0.16,0.21,0.18,0.77,0.52,0.06,0.51,0.45,0.17
106,Markelle Fultz,ORL,PG,0.0297029702970297,0.603405462930117,0.3312527864467231,0.18518518518518517,0.1794871794871795,0.18442256042972252,0.44236641221374046,0.1879756468797565,0.30245746691871456,0.53,0.12,0.17,0.59,0.66,0.19,0.24,0.16,0.21,0.18,0.6,0.62,0.08,0.47,0.31,0.36
107,Danilo Gallinari,OKC,PF,0.5643564356435643,0.8332742107130187,0.5755684351315203,0.6296296296296297,0.5641025641025641,0.27887197851387646,0.49694656488549616,0.5624048706240488,0.25897920604914937,0.56,0.5,0.55,0.34,0.4,0.66,0.62,0.12,0.37,0.28,0.2,0.24,0.08,0.23,0.08,0.61
108,Langston Galloway,DET,SG,0.8712871287128713,0.4714437743880808,0.24386981720909498,0.2962962962962964,0.717948717948718,0.130259623992838,0.2782442748091603,0.26179604261796047,0.23251417769376181,0.4,0.5,0.59,0.15,0.22,0.14,0.12,0.12,0.16,0.13,0.19,0.43,0.06,0.07,0.22,0.29
109,Marc Gasol,TOR,C,0.7458745874587459,0.8368215679318907,0.500222915737851,0.37037037037037057,0.34615384615384615,0.43151298119964193,0.4877862595419848,0.30745814307458147,0.502835538752363,0.54,0.26,0.3,0.48,0.56,0.36,0.37,0.18,0.54,0.41,0.4,0.33,0.36,0.44,0.29,0.45
110,Rudy Gay,SAS,PF,0.6501650165016502,0.6587442355445193,0.4792688363798484,0.4444444444444447,0.3333333333333333,0.42121754700089525,0.5095419847328245,0.26864535768645365,0.3553875236294896,0.6,0.26,0.34,0.57,0.62,0.32,0.31,0.27,0.49,0.41,0.21,0.48,0.22,0.42,0.27,0.5
111,Paul George,LAC,SF,0.8712871287128713,0.9464349059950335,0.6633972358448507,0.5185185185185185,0.5512820512820512,0.3218442256042972,0.7290076335877863,0.5197869101978692,0.7637051039697542,0.81,0.62,0.7,0.49,0.56,0.53,0.53,0.14,0.42,0.33,0.32,0.76,0.11,0.58,0.29,0.73
112,Taj Gibson,NYK,C,0.8877887788778878,0.609081234480312,0.4462773071778868,0.5555555555555555,0.05128205128205128,0.4655326768128917,0.2480916030534351,0.3949771689497717,0.3119092627599244,0.32,0.02,0.03,0.59,0.55,0.2,0.22,0.59,0.4,0.47,0.08,0.24,0.28,0.23,0.39,0.31
113,Harry Giles,SAC,PF,0.026402640264026403,0.20645619013834693,0.4168524297815426,0.4074074074074076,0.01282051282051282,0.526857654431513,0.4729007633587787,0.18645357686453579,0.19092627599243855,0.57,0.0,0.03,0.81,0.81,0.23,0.27,0.45,0.56,0.53,0.29,0.48,0.28,0.53,1.0,0.46
114,Shai Gilgeous-Alexander,OKC,SG,0.1848184818481848,0.773323873714083,0.4213107445385645,0.4444444444444447,0.28205128205128205,0.19382273948075202,0.4248091603053435,0.33028919330289197,0.4744801512287335,0.5,0.22,0.27,0.52,0.56,0.35,0.37,0.12,0.27,0.2,0.33,0.52,0.19,0.37,0.18,0.45
115,Rudy Gobert,UTA,C,0.8283828382838284,0.864845689960979,0.7097637093178779,0.814814814814815,0.0,0.8034914950760966,0.2591603053435114,0.6453576864535769,0.935727788279773,0.19,0.0,0.0,0.55,0.43,0.41,0.56,0.71,0.78,0.79,0.09,0.24,0.69,0.35,0.35,0.36
116,Aaron Gordon,ORL,PF,0.858085808580858,0.7672933664420006,0.43156486847971465,0.3333333333333335,0.3974358974358974,0.41718889883616833,0.42175572519083976,0.30745814307458147,0.4555765595463138,0.52,0.28,0.39,0.46,0.48,0.26,0.31,0.35,0.45,0.41,0.25,0.33,0.22,0.3,0.22,0.42
117,Eric Gordon,HOU,SF,0.6501650165016502,0.8048953529620433,0.32099866250557296,0.4444444444444447,0.8076923076923077,0.04789615040286481,0.4885496183206107,0.30974124809741255,0.23629489603024575,0.62,0.7,0.84,0.22,0.25,0.25,0.25,0.02,0.08,0.05,0.19,0.24,0.14,0.3,0.18,0.51
118,Devonte' Graham,CHO,PG,0.0429042904290429,0.6388790351188364,0.3366027641551494,0.22222222222222224,0.7564102564102564,0.0917636526410027,0.4522900763358779,0.27168949771689505,0.14177693761814744,0.57,0.62,0.77,0.15,0.25,0.3,0.29,0.1,0.12,0.09,0.68,0.38,0.08,0.49,0.12,0.44
119,Treveon Graham,ATL,SG,0.27722772277227725,0.26747073430294427,0.09228711547035222,0.2592592592592593,0.6282051282051282,0.1924798567591764,0.0984732824427481,0.18721461187214614,0.1058601134215501,0.21,0.32,0.39,0.09,0.15,0.12,0.12,0.27,0.2,0.2,0.11,0.29,0.06,0.09,0.43,0.14
120,Jerami Grant,DEN,PF,0.966996699669967,0.5881518268889676,0.3334819438252341,0.48148148148148134,0.41025641025641024,0.24977618621307074,0.23587786259541985,0.3439878234398782,0.4007561436672968,0.31,0.22,0.3,0.35,0.33,0.3,0.36,0.24,0.27,0.25,0.07,0.29,0.44,0.19,0.37,0.32
121,Jerian Grant,WAS,PG,0.6039603960396039,0.3345157857396239,0.28354881854658937,0.2962962962962964,0.48717948717948717,0.11996418979409132,0.26717557251908397,0.23439878234398784,0.2173913043478261,0.31,0.24,0.33,0.24,0.29,0.24,0.24,0.08,0.17,0.12,0.53,0.52,0.06,0.35,0.31,0.25
122,Danny Green,LAL,SG,0.8877887788778878,0.6285916991841077,0.23495318769505125,0.4074074074074076,0.8333333333333334,0.20501342882721577,0.1862595419847328,0.23135464231354644,0.6049149338374291,0.28,0.5,0.57,0.06,0.11,0.05,0.02,0.12,0.25,0.19,0.15,0.52,0.31,0.21,0.24,0.22
123,Draymond Green,GSW,PF,0.7920792079207921,0.844980489535296,0.44315648684797143,0.37037037037037057,0.48717948717948717,0.4547896150402865,0.25572519083969464,0.37366818873668195,0.7655954631379962,0.24,0.22,0.31,0.25,0.25,0.2,0.23,0.22,0.58,0.46,0.73,0.71,0.36,0.58,0.33,0.22
124,JaMychal Green,LAC,PF,0.7986798679867987,0.5143667967364314,0.34239857333927776,0.4444444444444447,0.4230769230769231,0.5622202327663385,0.28091603053435116,0.27473363774733645,0.34215500945179583,0.32,0.26,0.3,0.34,0.36,0.19,0.21,0.55,0.55,0.54,0.09,0.29,0.17,0.33,0.59,0.29
125,Jeff Green,HOU,PF-C,0.8448844884488449,0.5732529265697055,0.31743201069995547,0.4444444444444447,0.4615384615384615,0.21307072515666964,0.36984732824427485,0.27473363774733645,0.17013232514177695,0.44,0.3,0.39,0.39,0.4,0.33,0.32,0.16,0.25,0.21,0.13,0.29,0.17,0.26,0.27,0.4
126,Blake Griffin,DET,PF,0.49834983498349833,0.8985455835402625,0.6518056174765939,0.4444444444444447,0.3333333333333333,0.41360787824529993,0.7446564885496184,0.42922374429223753,0.3856332703213611,0.77,0.32,0.41,0.7,0.74,0.56,0.62,0.25,0.49,0.41,0.48,0.19,0.11,0.58,0.25,0.69
127,Tim Hardaway,DAL,SG,0.7491749174917491,0.6931536005675771,0.36112349531876947,0.4444444444444447,0.6538461538461539,0.12354521038495972,0.4706106870229007,0.30974124809741255,0.2457466918714556,0.63,0.54,0.68,0.35,0.38,0.31,0.3,0.06,0.19,0.13,0.21,0.29,0.03,0.23,0.16,0.51
128,James Harden,HOU,SG,0.9405940594059405,1.0,1.0,0.6296296296296297,0.641025641025641,0.3030438675022381,1.0,1.0,0.6597353497164462,0.95,0.74,0.9,0.54,0.55,1.0,1.0,0.14,0.4,0.3,0.78,0.71,0.19,1.0,0.25,1.0
129,Maurice Harkless,NYK,SF,0.7920792079207921,0.5211067754522881,0.29112795363352656,0.4444444444444447,0.4358974358974359,0.266338406445837,0.15725190839694653,0.2762557077625571,0.32892249527410206,0.24,0.22,0.27,0.31,0.28,0.1,0.14,0.33,0.24,0.26,0.09,0.52,0.31,0.21,0.39,0.22
130,Montrezl Harrell,LAC,C,0.7326732673267327,0.44022703086200776,0.7088720463664734,0.7407407407407409,0.02564102564102564,0.41360787824529993,0.4645038167938931,0.47336377473363783,0.33648393194706994,0.56,0.0,0.03,0.99,0.81,0.42,0.56,0.53,0.39,0.43,0.15,0.33,0.44,0.37,0.51,0.63
131,Gary Harris,DEN,SG,0.7161716171617162,0.8261794962752749,0.34106107891217124,0.48148148148148134,0.5128205128205129,0.08683974932855863,0.3232824427480916,0.3508371385083714,0.2570888468809074,0.44,0.38,0.44,0.36,0.36,0.18,0.18,0.12,0.1,0.08,0.21,0.57,0.06,0.23,0.16,0.37
132,Joe Harris,BRK,SF,0.6072607260726073,0.6548421426037602,0.2875613018279091,0.6296296296296297,0.717948717948718,0.1772605192479857,0.28320610687022896,0.350076103500761,0.25897920604914937,0.41,0.56,0.57,0.22,0.23,0.14,0.11,0.14,0.23,0.19,0.18,0.19,0.08,0.28,0.29,0.39
133,Tobias Harris,PHI,PF,0.976897689768977,0.8815182688896771,0.48996879179670094,0.48148148148148134,0.3974358974358974,0.3276633840644584,0.47862595419847326,0.3751902587519026,0.3818525519848771,0.62,0.36,0.43,0.55,0.57,0.28,0.28,0.16,0.43,0.33,0.2,0.29,0.14,0.23,0.16,0.53
134,Shaquille Harrison,CHI,SF,0.1419141914191419,0.2855622561191912,0.386535889433794,0.2962962962962964,0.28205128205128205,0.2587287376902417,0.2893129770992366,0.17732115677321159,0.23629489603024575,0.35,0.14,0.21,0.41,0.44,0.24,0.27,0.18,0.32,0.26,0.31,1.0,0.25,0.23,0.41,0.28
135,Josh Hart,NOP,SF,0.32673267326732675,0.5963107484923731,0.23049487293802942,0.4444444444444447,0.7564102564102564,0.30796777081468213,0.16946564885496182,0.24505327245053277,0.34782608695652173,0.28,0.42,0.52,0.12,0.13,0.15,0.15,0.16,0.42,0.32,0.13,0.48,0.17,0.19,0.31,0.25
136,Gordon Hayward,BOS,SF,0.6006600660066007,0.8499467896417168,0.562639322336157,0.5185185185185185,0.4358974358974359,0.2694717994628469,0.5312977099236641,0.5235920852359209,0.55765595463138,0.58,0.36,0.43,0.49,0.52,0.43,0.44,0.14,0.34,0.26,0.34,0.38,0.08,0.4,0.12,0.55
137,John Henson,DET,PF,0.49174917491749176,0.4001418942887549,0.47391885867142214,0.48148148148148134,0.08974358974358974,0.5344673231871083,0.2702290076335877,0.2732115677321157,0.28544423440453687,0.28,0.04,0.04,0.52,0.5,0.19,0.27,0.53,0.49,0.51,0.15,0.29,0.69,0.3,0.59,0.28
138,Juan Hernangomez,MIN,PF,0.35973597359735976,0.27208229868747774,0.23049487293802942,0.4074074074074076,0.717948717948718,0.38495971351835273,0.15916030534351144,0.23059360730593612,0.16068052930056712,0.24,0.36,0.44,0.14,0.15,0.19,0.21,0.31,0.42,0.38,0.09,0.29,0.11,0.14,0.25,0.24
139,Willy Hernangomez,CHO,C,0.37293729372937295,0.20929407591344448,0.6179224253232278,0.5185185185185185,0.11538461538461538,0.7649955237242614,0.4469465648854962,0.25875190258751907,0.19092627599243855,0.45,0.04,0.09,0.68,0.65,0.36,0.44,0.88,0.71,0.79,0.19,0.33,0.28,0.53,0.51,0.45
140,Mario Hezonja,POR,PF,0.7722772277227723,0.3557999290528556,0.19081587160053506,0.2592592592592593,0.5256410256410255,0.26499552372426144,0.32786259541984736,0.13242009132420093,0.22684310018903595,0.41,0.32,0.43,0.3,0.34,0.17,0.17,0.12,0.37,0.27,0.19,0.52,0.11,0.37,0.37,0.29
141,Buddy Hield,SAC,SG,0.7260726072607261,0.6807378503015253,0.4146232724030317,0.4444444444444447,0.641025641025641,0.22829006266786034,0.5606870229007634,0.29071537290715377,0.27032136105860116,0.74,0.72,0.76,0.36,0.44,0.16,0.13,0.16,0.28,0.23,0.23,0.33,0.11,0.4,0.24,0.59
142,George Hill,MIL,PG,0.7029702970297029,0.6697410429230223,0.3901025412394115,0.5555555555555555,0.5384615384615384,0.14189794091316027,0.27786259541984737,0.3554033485540335,0.3383742911153119,0.34,0.36,0.4,0.27,0.29,0.22,0.23,0.14,0.17,0.14,0.35,0.43,0.08,0.26,0.22,0.34
143,Solomon Hill,MIA,SF,0.5214521452145214,0.4522880454061724,0.13865358894337937,0.2962962962962964,0.6794871794871795,0.23321396598030436,0.0984732824427481,0.19101978691019791,0.25897920604914937,0.16,0.3,0.37,0.07,0.11,0.12,0.11,0.16,0.26,0.23,0.19,0.43,0.14,0.21,0.29,0.12
144,Aaron Holiday,IND,PG,0.066006600660066,0.39127350124157506,0.2585822559072671,0.2962962962962964,0.5512820512820512,0.10966875559534466,0.39770992366412206,0.18036529680365299,0.26654064272211725,0.48,0.4,0.48,0.27,0.37,0.17,0.16,0.04,0.16,0.1,0.44,0.48,0.11,0.35,0.31,0.34
145,Jrue Holiday,NOP,SG,0.8085808580858086,0.892160340546293,0.5470352206865805,0.4074074074074076,0.3974358974358974,0.16338406445837064,0.5851145038167939,0.36681887366818877,0.4234404536862004,0.69,0.34,0.43,0.6,0.63,0.26,0.28,0.14,0.2,0.17,0.67,0.62,0.19,0.58,0.22,0.54
146,Justin Holiday,IND,SG,0.8778877887788779,0.5920539198297269,0.2224699063753901,0.3333333333333335,0.7307692307692307,0.1718889883616831,0.24465648854961833,0.20243531202435314,0.29678638941398866,0.35,0.46,0.56,0.12,0.18,0.12,0.13,0.08,0.24,0.17,0.14,0.62,0.19,0.21,0.2,0.27
147,Rondae Hollis-Jefferson,TOR,SF,0.6534653465346535,0.5019510464703795,0.38341506910387874,0.2962962962962964,0.11538461538461538,0.45792300805729635,0.36679389312977095,0.22298325722983262,0.37051039697542537,0.41,0.04,0.1,0.5,0.58,0.4,0.45,0.43,0.5,0.47,0.24,0.52,0.22,0.37,0.37,0.35
148,Richaun Holmes,SAC,C,0.5742574257425742,0.3650230578219226,0.5648684797146679,0.6666666666666667,0.12820512820512822,0.5062667860340198,0.29694656488549626,0.33485540334855407,0.2438563327032136,0.36,0.04,0.1,0.65,0.54,0.27,0.3,0.61,0.47,0.52,0.1,0.38,0.53,0.23,0.67,0.4
149,Rodney Hood,POR,SF,0.6435643564356436,0.7062788222774034,0.32322781988408383,0.4074074074074076,0.5512820512820512,0.12533572068039392,0.4301526717557252,0.27701674277016747,0.26654064272211725,0.54,0.46,0.53,0.34,0.4,0.23,0.22,0.06,0.17,0.12,0.18,0.33,0.08,0.21,0.27,0.42
150,Al Horford,PHI,C,0.8613861386138614,0.8020574671869457,0.545697726259474,0.48148148148148134,0.3846153846153846,0.4153983885407341,0.3595419847328244,0.4642313546423136,0.6521739130434783,0.48,0.28,0.34,0.49,0.47,0.12,0.13,0.33,0.47,0.41,0.43,0.29,0.39,0.28,0.18,0.39
151,Danuel House,HOU,SF,0.09900990099009901,0.627172756296559,0.26125724476148016,0.5185185185185185,0.8076923076923077,0.23813786929274844,0.17213740458015267,0.27549467275494677,0.23251417769376181,0.28,0.46,0.57,0.12,0.11,0.15,0.15,0.18,0.27,0.21,0.09,0.38,0.14,0.14,0.24,0.27
152,Dwight Howard,LAL,C,0.6864686468646864,0.6885420361830437,0.6139099420419082,0.6666666666666667,0.01282051282051282,0.8361683079677708,0.36946564885496186,0.4003044140030442,0.671077504725898,0.31,0.0,0.01,0.68,0.56,0.42,0.68,0.76,0.84,0.84,0.08,0.29,0.5,0.51,0.51,0.43
153,Kevin Huerter,ATL,SG,0.11551155115511551,0.7304008513657325,0.21266161390994204,0.3333333333333335,0.6923076923076923,0.15801253357206804,0.25343511450381684,0.22298325722983262,0.14366729678638943,0.41,0.5,0.56,0.18,0.23,0.07,0.05,0.14,0.2,0.17,0.35,0.38,0.14,0.33,0.25,0.29
154,Serge Ibaka,TOR,C,0.8778877887788779,0.7289819084781838,0.4543022737405261,0.48148148148148134,0.358974358974359,0.4713518352730528,0.4229007633587786,0.3181126331811263,0.5236294896030246,0.56,0.28,0.35,0.57,0.56,0.16,0.16,0.37,0.51,0.47,0.05,0.14,0.47,0.33,0.41,0.45
155,Andre Iguodala,MIA,SG,0.6534653465346535,0.5856686768357573,0.2978154257690593,0.48148148148148134,0.5512820512820512,0.24395702775290956,0.06603053435114506,0.34779299847793005,0.4007561436672968,0.11,0.2,0.28,0.19,0.15,0.1,0.11,0.16,0.29,0.24,0.42,0.48,0.25,0.21,0.16,0.14
156,Ersan Ilyasova,MIL,PF,0.8547854785478548,0.49556580347641,0.3624609897458761,0.4074074074074076,0.5384615384615384,0.44091316025067145,0.334351145038168,0.25875190258751907,0.28544423440453687,0.47,0.38,0.48,0.32,0.36,0.22,0.25,0.43,0.45,0.44,0.11,0.33,0.14,0.26,0.45,0.38
157,Joe Ingles,UTA,SF,1.0,0.6324937921248669,0.2987070887204637,0.5925925925925926,0.8333333333333334,0.18934646374216654,0.21106870229007632,0.34094368340943687,0.5482041587901701,0.26,0.5,0.54,0.09,0.11,0.08,0.08,0.04,0.26,0.18,0.47,0.52,0.08,0.42,0.24,0.25
158,Brandon Ingram,NOP,PF,0.5148514851485149,0.8417878680383114,0.32813196611680784,0.3333333333333335,0.2948717948717949,0.23589973142345566,0.47748091603053444,0.22526636225266364,0.27788279773156904,0.56,0.24,0.3,0.55,0.6,0.39,0.45,0.14,0.31,0.25,0.3,0.24,0.19,0.49,0.29,0.49
159,Kyrie Irving,BRK,PG,0.5808580858085809,0.87229514012061,0.7784217565760143,0.5185185185185185,0.4230769230769231,0.14726947179946287,0.7927480916030535,0.5898021308980214,0.41587901701323254,0.91,0.52,0.58,0.74,0.75,0.42,0.39,0.14,0.18,0.14,0.58,0.48,0.11,0.51,0.2,0.79
160,Jonathan Isaac,ORL,SF,0.132013201320132,0.6151117417523945,0.3348194382523406,0.3333333333333335,0.47435897435897434,0.36705461056401073,0.2625954198473282,0.2001522070015221,0.46124763705103966,0.36,0.28,0.37,0.3,0.33,0.19,0.18,0.31,0.43,0.37,0.08,0.57,0.58,0.23,0.27,0.28
161,Wesley Iwundu,ORL,SF,0.2838283828382838,0.32422844980489535,0.1301827909050379,0.2962962962962964,0.358974358974359,0.20367054610564014,0.11412213740458016,0.19178082191780824,0.20604914933837432,0.17,0.16,0.19,0.2,0.25,0.22,0.23,0.16,0.25,0.21,0.13,0.33,0.17,0.12,0.37,0.15
162,Frank Jackson,NOP,PG,0.07920792079207921,0.2802412202908832,0.14801604993312528,0.2592592592592593,0.5256410256410255,0.11772605192479858,0.38816793893129764,0.1560121765601218,0.08506616257088846,0.55,0.36,0.5,0.39,0.44,0.19,0.2,0.14,0.16,0.13,0.18,0.29,0.0,0.3,0.33,0.39
163,Jaren Jackson,MEM,C,0.0627062706270627,0.6669031571479248,0.4645563976816764,0.5555555555555555,0.4615384615384615,0.27931960608773504,0.5240458015267175,0.26636225266362257,0.39697542533081287,0.62,0.44,0.5,0.52,0.5,0.34,0.38,0.25,0.3,0.28,0.09,0.38,0.56,0.4,0.73,0.57
164,Josh Jackson,MEM,SG,0.2706270627062706,0.5615466477474281,0.2505572893446278,0.18518518518518517,0.358974358974359,0.29140555058191586,0.5729007633587787,0.0,0.22117202268431005,0.66,0.26,0.37,0.55,0.66,0.31,0.38,0.25,0.33,0.3,0.22,0.57,0.25,0.53,0.49,0.46
165,Justin Jackson,DAL,PF,0.38943894389438943,0.38949982263213906,0.18814088274632193,0.3333333333333335,0.6153846153846153,0.1839749328558639,0.18969465648854963,0.2123287671232877,0.11909262759924386,0.32,0.34,0.45,0.24,0.23,0.09,0.09,0.14,0.23,0.19,0.11,0.19,0.11,0.05,0.16,0.24
166,Reggie Jackson,LAC,PG,0.636963696369637,0.691025186236254,0.4614355773517611,0.3333333333333335,0.4358974358974359,0.1060877350044763,0.6354961832061068,0.3554033485540335,0.29111531190926276,0.73,0.42,0.5,0.52,0.62,0.36,0.34,0.12,0.13,0.1,0.61,0.29,0.03,0.53,0.31,0.57
167,LeBron James,LAL,PG,0.8514851485148515,0.980134799574317,0.9384752563530986,0.5925925925925926,0.3333333333333333,0.42121754700089525,0.8221374045801526,0.8112633181126333,0.6370510396975425,0.84,0.34,0.43,0.89,0.79,0.5,0.6,0.2,0.53,0.42,0.81,0.48,0.19,0.77,0.08,0.81
168,James Johnson,MIN,PF,0.6501650165016502,0.5147215324583184,0.36647347302719574,0.4074074074074076,0.4358974358974359,0.27931960608773504,0.3553435114503816,0.2442922374429224,0.4064272211720227,0.4,0.26,0.34,0.41,0.38,0.19,0.24,0.18,0.34,0.28,0.38,0.48,0.36,0.51,0.43,0.35
169,Stanley Johnson,TOR,PF,0.7062706270627063,0.42107130188009934,0.12215782434239858,0.07407407407407415,0.5256410256410255,0.26141450313339304,0.31641221374045797,0.08828006088280063,0.33648393194706994,0.38,0.28,0.42,0.24,0.31,0.15,0.15,0.14,0.32,0.24,0.19,0.62,0.11,0.37,0.39,0.22
170,Tyler Johnson,BRK,SG,0.5973597359735974,0.638169563675062,0.3272403031654035,0.37037037037037057,0.5256410256410255,0.16248880931065354,0.3511450381679389,0.27777777777777785,0.33459357277882795,0.44,0.36,0.43,0.3,0.36,0.24,0.25,0.12,0.21,0.15,0.29,0.43,0.19,0.26,0.25,0.35
171,Nikola Jokic,DEN,C,0.9405940594059405,0.7282724370344094,0.8345965225144895,0.5925925925925926,0.2692307692307692,0.6835273052820053,0.5583969465648855,0.678082191780822,0.5689981096408318,0.62,0.22,0.3,0.74,0.66,0.39,0.39,0.59,0.7,0.68,0.63,0.52,0.25,0.6,0.41,0.6
172,Damian Jones,ATL,C,0.026402640264026403,0.20078041858815182,0.3272403031654035,0.814814814814815,0.03846153846153846,0.3800358102059087,0.08473282442748094,0.26484018264840187,0.1058601134215501,0.1,0.0,0.03,0.44,0.32,0.23,0.27,0.51,0.33,0.4,0.08,0.33,0.5,0.19,0.88,0.23
173,Derrick Jones,MIA,SF,0.24752475247524752,0.3873714083008158,0.3446277307177887,0.5185185185185185,0.37179487179487175,0.29319606087735,0.16145038167938933,0.2732115677321157,0.25897920604914937,0.24,0.14,0.24,0.35,0.3,0.24,0.27,0.43,0.25,0.3,0.06,0.48,0.31,0.09,0.45,0.25
174,Tyus Jones,MEM,PG,0.7128712871287128,0.3366442000709471,0.3571110120374498,0.2962962962962964,0.4358974358974359,0.07833482542524621,0.18549618320610686,0.2853881278538813,0.18714555765595464,0.27,0.24,0.28,0.26,0.3,0.12,0.12,0.04,0.11,0.06,0.67,0.81,0.06,0.21,0.12,0.21
175,DeAndre Jordan,BRK,C,0.8712871287128713,0.7704859879389854,0.644672313865359,0.814814814814815,0.0,0.9368845120859445,0.2064885496183206,0.547945205479452,0.7107750472589792,0.16,0.0,0.0,0.54,0.39,0.32,0.51,0.78,1.0,0.96,0.12,0.19,0.47,0.33,0.31,0.31
176,Cory Joseph,SAC,PG,0.9900990099009901,0.6023412557644555,0.2501114578689255,0.22222222222222224,0.358974358974359,0.15622202327663384,0.21908396946564887,0.25722983257229837,0.3780718336483932,0.28,0.16,0.23,0.29,0.35,0.12,0.12,0.1,0.18,0.14,0.42,0.48,0.08,0.28,0.2,0.2
177,Frank Kaminsky,PHO,C,0.7425742574257426,0.4760553387726143,0.35621934908604547,0.3333333333333335,0.5256410256410255,0.3218442256042972,0.40381679389312974,0.2541856925418569,0.29300567107750475,0.5,0.4,0.49,0.34,0.39,0.26,0.3,0.22,0.38,0.31,0.2,0.24,0.19,0.23,0.24,0.4
178,Enes Kanter,BOS,C,0.8382838283828383,0.4803121674352607,0.7770842621489077,0.6296296296296297,0.03846153846153846,0.8128916741271263,0.5148854961832061,0.4779299847792998,0.34782608695652173,0.59,0.04,0.04,0.9,0.83,0.4,0.41,0.98,0.71,0.83,0.11,0.19,0.22,0.47,0.43,0.59
179,Luke Kennard,DET,SG,0.22442244224422442,0.5257183398368216,0.2893446277307178,0.4444444444444447,0.6153846153846153,0.16025067144136082,0.3179389312977099,0.25570776255707767,0.24007561436672967,0.44,0.5,0.52,0.25,0.28,0.16,0.14,0.06,0.23,0.15,0.28,0.24,0.08,0.23,0.18,0.36
180,Michael Kidd-Gilchrist,DAL,SF-PF,0.5115511551155115,0.5278467541681446,0.294694605439144,0.3333333333333335,0.08974358974358974,0.37108325872873765,0.21412213740458014,0.29071537290715377,0.34782608695652173,0.28,0.04,0.04,0.44,0.5,0.25,0.26,0.39,0.38,0.37,0.1,0.38,0.25,0.14,0.35,0.25
181,Maxi Kleber,DAL,C,0.39933993399339934,0.4508691025186236,0.33169861792242533,0.5555555555555555,0.6794871794871795,0.35899731423455683,0.1541984732824427,0.3234398782343988,0.31568998109640833,0.25,0.38,0.46,0.18,0.15,0.12,0.11,0.39,0.37,0.37,0.1,0.19,0.47,0.16,0.39,0.24
182,Brandon Knight,DET,PG,0.24422442244224424,0.5771550195104647,0.23941150245207315,0.22222222222222224,0.5641025641025641,0.10026857654431512,0.516793893129771,0.17884322678843229,0.08317580340264652,0.64,0.44,0.56,0.39,0.49,0.3,0.29,0.08,0.14,0.1,0.39,0.33,0.08,0.56,0.24,0.46
183,Kevin Knox,NYK,SF,0.14521452145214522,0.541326711599858,0.11502452073116362,0.11111111111111102,0.5641025641025641,0.2314234556848702,0.40267175572519087,0.05251141552511417,0.1720226843100189,0.55,0.42,0.53,0.26,0.41,0.24,0.29,0.14,0.31,0.24,0.08,0.24,0.17,0.28,0.31,0.36
184,Furkan Korkmaz,PHI,SG,0.1254125412541254,0.31287690670450513,0.2224699063753901,0.37037037037037057,0.782051282051282,0.17457475380483437,0.32061068702290074,0.22754946727549472,0.20982986767485823,0.46,0.62,0.7,0.15,0.2,0.18,0.17,0.08,0.24,0.16,0.14,0.33,0.06,0.16,0.25,0.38
185,Luke Kornet,CHI,C,0.019801980198019802,0.27953174884710885,0.35176103432902367,0.3333333333333335,0.8205128205128205,0.27126230975828114,0.30114503816793897,0.1971080669710807,0.13043478260869565,0.45,0.58,0.7,0.16,0.17,0.11,0.12,0.22,0.32,0.28,0.18,0.29,0.5,0.14,0.24,0.34
186,Kyle Korver,MIL,SF,0.8316831683168316,0.5168499467896417,0.24966562639322334,0.6296296296296297,0.923076923076923,0.13607878245299912,0.23053435114503815,0.2640791476407915,0.27977315689981097,0.33,0.66,0.66,0.06,0.07,0.09,0.06,0.02,0.21,0.14,0.16,0.24,0.14,0.21,0.24,0.31
187,Rodions Kurucs,BRK,PF,0.0462046204620462,0.3369989357928343,0.18591172536781098,0.4074074074074076,0.5769230769230769,0.3178155774395703,0.2732824427480916,0.16057838660578388,0.2457466918714556,0.37,0.32,0.43,0.29,0.29,0.17,0.18,0.24,0.38,0.34,0.11,0.43,0.17,0.4,0.55,0.3
188,Kyle Kuzma,LAL,PF,0.3696369636963696,0.7633912735012415,0.3397235844850647,0.37037037037037057,0.5128205128205129,0.2967770814682184,0.5110687022900764,0.2351598173515982,0.4064272211720227,0.66,0.44,0.57,0.49,0.5,0.26,0.29,0.2,0.38,0.31,0.16,0.19,0.14,0.4,0.24,0.53
189,Skal Labissiere,POR,C,0.1716171617161716,0.3210358283079106,0.4030316540347749,0.4444444444444447,0.14102564102564102,0.4973142345568487,0.35190839694656484,0.20091324200913244,0.13610586011342155,0.41,0.08,0.1,0.56,0.59,0.25,0.27,0.57,0.46,0.5,0.14,0.24,0.39,0.37,0.57,0.35
190,Jeremy Lamb,IND,SG,0.7821782178217822,0.5384888258247605,0.46856888096299604,0.4074074074074076,0.41025641025641024,0.3263205013428827,0.4751908396946565,0.3188736681887367,0.3553875236294896,0.59,0.34,0.43,0.51,0.54,0.31,0.3,0.14,0.42,0.32,0.21,0.43,0.17,0.21,0.25,0.49
191,Zach LaVine,CHI,SG,0.594059405940594,0.8503015253636041,0.47079803834150685,0.4444444444444447,0.4487179487179487,0.16069829901521934,0.6656488549618321,0.29528158295281587,0.2173913043478261,0.76,0.46,0.54,0.56,0.62,0.4,0.41,0.08,0.22,0.15,0.34,0.38,0.08,0.56,0.24,0.64
192,Jake Layman,MIN,PF,0.22442244224422442,0.1837531039375665,0.15381185911725373,0.18518518518518517,0.5769230769230769,0.1718889883616831,0.2625954198473282,0.210806697108067,0.1379962192816635,0.39,0.32,0.46,0.32,0.3,0.11,0.15,0.22,0.21,0.2,0.06,0.38,0.22,0.19,0.35,0.31
193,TJ Leaf,IND,PF,0.1419141914191419,0.006030507272082296,0.347748551047704,0.37037037037037057,0.2948717948717949,0.44136078782453,0.2805343511450382,0.20167427701674281,0.11153119092627599,0.41,0.16,0.25,0.49,0.5,0.1,0.15,0.53,0.38,0.43,0.05,0.24,0.22,0.07,0.29,0.31
194,Courtney Lee,DAL,SG,0.6402640264026402,0.6626463284852784,0.26526972804279986,0.4444444444444447,0.5,0.1060877350044763,0.2049618320610687,0.30365296803652975,0.1890359168241966,0.32,0.32,0.35,0.26,0.3,0.14,0.11,0.06,0.14,0.1,0.19,0.48,0.11,0.16,0.12,0.26
195,Alex Len,SAC,C,0.858085808580858,0.4256828662646328,0.4565314311190371,0.4444444444444447,0.12820512820512822,0.6463742166517458,0.3618320610687023,0.2656012176560122,0.26654064272211725,0.4,0.1,0.12,0.54,0.56,0.34,0.43,0.73,0.62,0.66,0.11,0.19,0.44,0.42,0.65,0.39
196,Kawhi Leonard,LAC,SF,0.5808580858085809,0.8666193685704149,0.9206419973250111,0.6296296296296297,0.358974358974359,0.3585496866606983,0.7725190839694656,0.7009132420091325,0.8109640831758034,0.86,0.42,0.47,0.77,0.78,0.66,0.64,0.22,0.44,0.35,0.32,0.81,0.22,0.4,0.1,0.83
197,Meyers Leonard,MIA,C,0.6072607260726073,0.29726853494146854,0.2831029870708872,0.5925925925925926,0.641025641025641,0.4476275738585497,0.21259541984732827,0.24353120243531207,0.18525519848771266,0.31,0.42,0.46,0.21,0.21,0.09,0.07,0.22,0.55,0.44,0.16,0.05,0.11,0.23,0.65,0.27
198,Caris LeVert,BRK,SG,0.38613861386138615,0.6140475345867328,0.37137761925991974,0.3333333333333335,0.4615384615384615,0.2018800358102059,0.49694656488549616,0.20243531202435314,0.2684310018903592,0.61,0.36,0.46,0.48,0.53,0.28,0.33,0.18,0.24,0.21,0.44,0.57,0.11,0.51,0.25,0.47
199,Damian Lillard,POR,PG,0.900990099009901,0.9826179496275275,0.8212215782434241,0.5555555555555555,0.5512820512820512,0.16159355416293644,0.7988549618320611,0.8721461187214612,0.3534971644612477,0.88,0.64,0.74,0.55,0.6,0.68,0.64,0.1,0.22,0.17,0.63,0.33,0.11,0.53,0.1,0.83
200,Kevon Looney,GSW,C,0.42244224422442245,0.1933309684285207,0.4048149799375836,0.5185185185185185,0.07692307692307691,0.5174574753804835,0.13511450381679385,0.3188736681887367,0.2514177693761815,0.19,0.0,0.04,0.45,0.4,0.15,0.2,0.76,0.38,0.52,0.2,0.48,0.44,0.19,0.69,0.22
201,Brook Lopez,MIL,C,0.9075907590759076,0.7080525008868394,0.5202853321444495,0.48148148148148134,0.48717948717948717,0.2999104744852283,0.5076335877862596,0.3614916286149163,0.5425330812854442,0.63,0.36,0.46,0.56,0.55,0.34,0.36,0.27,0.35,0.32,0.15,0.24,0.67,0.35,0.37,0.55
202,Robin Lopez,MIL,C,0.8943894389438944,0.5445193330968428,0.39144003566651814,0.4444444444444447,0.10256410256410256,0.35810205908683973,0.3225190839694656,0.29832572298325727,0.3119092627599244,0.4,0.04,0.05,0.62,0.62,0.16,0.15,0.65,0.26,0.39,0.11,0.0,0.47,0.35,0.25,0.33
203,Kevin Love,CLE,PF,0.5874587458745875,0.7786449095423909,0.627730717788676,0.5185185185185185,0.6025641025641025,0.692927484333035,0.5732824427480916,0.44901065449010663,0.4423440453686201,0.62,0.54,0.63,0.35,0.41,0.48,0.46,0.37,0.81,0.68,0.21,0.24,0.14,0.44,0.2,0.58
204,Kyle Lowry,TOR,PG,0.7986798679867987,0.9496275274920184,0.6197057512260365,0.5555555555555555,0.717948717948718,0.21575649059982097,0.5133587786259541,0.634703196347032,0.6068052930056711,0.52,0.6,0.66,0.25,0.28,0.44,0.44,0.1,0.28,0.21,0.68,0.57,0.11,0.56,0.27,0.52
205,Timothe Luwawu-Cabarrot,BRK,SG,0.40264026402640263,0.27172756296559064,0.10387873383860902,0.3333333333333335,0.6794871794871795,0.16562220232766336,0.2893129770992366,0.17503805175038056,0.13610586011342155,0.37,0.4,0.52,0.18,0.23,0.27,0.25,0.14,0.22,0.17,0.11,0.29,0.06,0.3,0.61,0.3
206,Trey Lyles,SAS,PF,0.8415841584158416,0.33806314295849593,0.31297369594293356,0.3333333333333335,0.5256410256410255,0.4476275738585497,0.37824427480916034,0.21308980213089804,0.2835538752362949,0.46,0.36,0.45,0.34,0.37,0.17,0.2,0.27,0.53,0.43,0.15,0.24,0.22,0.26,0.31,0.35
207,Ian Mahinmi,WAS,C,0.5115511551155115,0.3806314295849592,0.35755684351315203,0.5185185185185185,0.05128205128205128,0.5358102059086839,0.20687022900763358,0.25875190258751907,0.33081285444234404,0.18,0.0,0.03,0.42,0.4,0.28,0.39,0.63,0.5,0.53,0.12,0.57,0.42,0.4,0.78,0.25
208,Thon Maker,DET,C,0.5247524752475248,0.19262149698474634,0.2813196611680785,0.37037037037037057,0.5256410256410255,0.37242614145031333,0.23435114503816798,0.19786910197869104,0.1720226843100189,0.27,0.26,0.34,0.21,0.25,0.23,0.28,0.37,0.36,0.36,0.09,0.33,0.5,0.19,0.65,0.25
209,Boban Marjanovic,DAL,C,0.44224422442244227,0.04469670095778644,0.9170753455193937,0.7407407407407409,0.02564102564102564,0.8791405550581917,0.5950381679389313,0.25875190258751907,0.13988657844990549,0.58,0.0,0.03,0.92,0.83,0.6,0.68,0.98,0.83,0.88,0.12,0.19,0.42,0.49,0.61,0.68
210,Lauri Markkanen,CHI,PF,0.24422442244224424,0.7829017382050372,0.43468568880963,0.4074074074074076,0.6025641025641025,0.46508504923903315,0.4954198473282443,0.2640791476407915,0.31568998109640833,0.62,0.52,0.63,0.37,0.41,0.32,0.29,0.25,0.57,0.47,0.08,0.24,0.19,0.3,0.16,0.51
211,Wesley Matthews,MIL,SG,0.8382838283828383,0.8137637460092232,0.2064199732501115,0.37037037037037057,0.782051282051282,0.09131602506714416,0.2786259541984733,0.2442922374429224,0.3459357277882798,0.38,0.5,0.6,0.12,0.17,0.16,0.16,0.06,0.15,0.08,0.19,0.33,0.06,0.19,0.2,0.29
212,Luc Mbah a Moute,HOU,PF,0.41914191419141916,0.4487406881873004,0.14177440927329468,0.4074074074074076,0.41025641025641024,0.14726947179946287,0.06183206106870226,0.2153729071537291,0.332703213610586,0.11,0.18,0.23,0.19,0.19,0.1,0.13,0.16,0.16,0.14,0.03,0.57,0.19,0.16,0.24,0.13
213,Patrick McCaw,TOR,SF,0.3234323432343234,0.31003902092940755,0.08649130628622383,0.2592592592592593,0.5641025641025641,0.09668755595344676,0.06297709923664124,0.17199391171993916,0.20226843100189038,0.12,0.2,0.29,0.12,0.15,0.06,0.04,0.08,0.12,0.08,0.23,0.57,0.11,0.19,0.22,0.09
214,CJ McCollum,POR,SG,0.9405940594059405,0.9496275274920184,0.5274186357556845,0.4074074074074076,0.4358974358974359,0.12220232766338407,0.6442748091603053,0.49391171993911726,0.3383742911153119,0.82,0.5,0.55,0.61,0.7,0.26,0.25,0.1,0.17,0.12,0.32,0.29,0.11,0.35,0.22,0.65
215,TJ McConnell,IND,PG,0.9537953795379538,0.4586732884001419,0.3637984841729826,0.3333333333333335,0.15384615384615383,0.18666069829901522,0.22366412213740455,0.2534246575342466,0.3856332703213611,0.27,0.06,0.1,0.41,0.44,0.06,0.04,0.12,0.24,0.18,0.74,0.81,0.08,0.51,0.2,0.19
216,Doug McDermott,IND,PF,0.9174917491749175,0.44377438808087966,0.2501114578689255,0.5555555555555555,0.5769230769230769,0.126230975828111,0.27404580152671754,0.2823439878234399,0.16068052930056712,0.41,0.44,0.48,0.29,0.3,0.14,0.11,0.1,0.17,0.12,0.08,0.0,0.06,0.12,0.24,0.35
217,JaVale McGee,LAL,C,0.735973597359736,0.20219936147570056,0.7168970129291129,0.7037037037037038,0.02564102564102564,0.657117278424351,0.3874045801526717,0.317351598173516,0.3648393194706995,0.46,0.0,0.03,0.88,0.71,0.19,0.29,0.8,0.59,0.68,0.03,0.33,0.83,0.35,0.67,0.49
218,Rodney McGruder,LAC,SG,0.40264026402640263,0.4618659098971266,0.1283994650022292,0.2592592592592593,0.6153846153846153,0.2148612354521039,0.1194656488549618,0.2031963470319635,0.2835538752362949,0.22,0.3,0.38,0.14,0.18,0.06,0.07,0.25,0.21,0.21,0.15,0.24,0.08,0.16,0.25,0.16
219,Alfonzo McKinnie,CLE,SF,0.09900990099009901,0.16353316778999644,0.19393669193045027,0.4074074074074076,0.5512820512820512,0.38495971351835273,0.18664122137404582,0.20700152207001526,0.13610586011342155,0.29,0.28,0.36,0.27,0.25,0.09,0.13,0.45,0.39,0.41,0.04,0.24,0.14,0.21,0.65,0.23
220,Ben McLemore,HOU,SG,0.5907590759075908,0.4068818730046115,0.1836825679893001,0.4444444444444447,0.6923076923076923,0.13070725156669652,0.3240458015267175,0.19101978691019791,0.1550094517958412,0.41,0.5,0.58,0.2,0.24,0.15,0.16,0.1,0.16,0.12,0.09,0.38,0.11,0.3,0.47,0.34
221,Jordan McRae,DET,SG,0.0891089108910891,0.18836466832209997,0.3120820329915292,0.2962962962962964,0.41025641025641024,0.16965085049239034,0.4778625954198473,0.17123287671232879,0.054820415879017016,0.62,0.36,0.43,0.45,0.56,0.35,0.38,0.12,0.26,0.18,0.31,0.33,0.14,0.3,0.33,0.48
222,De'Anthony Melton,MEM,PG,0.0462046204620462,0.3926924441291238,0.26437806509139544,0.18518518518518517,0.4615384615384615,0.25693822739480754,0.2912213740458015,0.13622526636225268,0.2627599243856333,0.34,0.22,0.34,0.25,0.33,0.17,0.2,0.18,0.32,0.26,0.49,1.0,0.19,0.49,0.45,0.23
223,Khris Middleton,MIL,SF,0.768976897689769,0.8818730046115645,0.5171645118145342,0.5185185185185185,0.4487179487179487,0.24127126230975832,0.566030534351145,0.44063926940639275,0.500945179584121,0.65,0.44,0.49,0.51,0.56,0.38,0.35,0.08,0.34,0.24,0.38,0.52,0.06,0.47,0.27,0.57
224,CJ Miles,WAS,SG,0.5841584158415841,0.42603760198651996,0.29514043691484626,0.4074074074074076,0.8461538461538461,0.15443151298119964,0.41335877862595416,0.2625570776255708,0.27221172022684315,0.56,0.7,0.84,0.15,0.19,0.2,0.19,0.06,0.21,0.14,0.07,0.38,0.14,0.16,0.37,0.45
225,Patty Mills,SAS,PG,0.9735973597359736,0.5079815537424619,0.3544360231832368,0.48148148148148134,0.7564102564102564,0.07162041181736796,0.36145038167938925,0.33637747336377477,0.3534971644612477,0.46,0.6,0.66,0.18,0.21,0.15,0.13,0.06,0.1,0.06,0.38,0.38,0.06,0.28,0.2,0.38
226,Paul Millsap,DEN,PF,0.7029702970297029,0.7630365377793543,0.5599643334819437,0.4444444444444447,0.3205128205128205,0.4749328558639212,0.4812977099236641,0.3805175038051751,0.6691871455576559,0.52,0.24,0.3,0.52,0.57,0.42,0.47,0.43,0.49,0.48,0.26,0.62,0.36,0.42,0.39,0.48
227,Donovan Mitchell,UTA,SG,0.42574257425742573,0.8974813763746009,0.516718680338832,0.37037037037037057,0.47435897435897434,0.16159355416293644,0.7946564885496183,0.3059360730593607,0.6389413988657845,0.91,0.52,0.63,0.64,0.72,0.41,0.42,0.1,0.19,0.16,0.37,0.52,0.08,0.56,0.27,0.73
228,Malik Monk,CHO,SG,0.31353135313531355,0.30862007804185876,0.2501114578689255,0.2592592592592593,0.6666666666666666,0.11951656222023278,0.5553435114503817,0.13774733637747338,0.1342155009451796,0.68,0.54,0.75,0.34,0.4,0.23,0.21,0.08,0.17,0.13,0.3,0.24,0.11,0.42,0.25,0.48
229,E'Twaun Moore,NOP,SG,0.7491749174917491,0.5945370698829371,0.2585822559072671,0.4074074074074076,0.4358974358974359,0.09489704565801256,0.2881679389312977,0.26636225266362257,0.23251417769376181,0.43,0.34,0.37,0.37,0.4,0.07,0.07,0.1,0.12,0.09,0.23,0.33,0.11,0.21,0.25,0.33
230,Marcus Morris,LAC,SF-PF,0.8382838283828383,0.8034764100744944,0.33704859563085154,0.37037037037037057,0.5,0.27529095792300806,0.42022900763358784,0.30136986301369867,0.41965973534971646,0.52,0.4,0.46,0.37,0.44,0.27,0.28,0.2,0.33,0.27,0.14,0.24,0.08,0.26,0.25,0.43
231,Markieff Morris,LAL,PF,0.768976897689769,0.6080170273146506,0.3004904146232724,0.37037037037037057,0.41025641025641024,0.37600716204118173,0.4225190839694657,0.2062404870624049,0.2835538752362949,0.52,0.3,0.37,0.44,0.5,0.22,0.22,0.25,0.43,0.37,0.18,0.38,0.19,0.4,0.53,0.41
232,Monte Morris,DEN,PG,0.20462046204620463,0.5143667967364314,0.4404814979937584,0.48148148148148134,0.3974358974358974,0.08683974932855863,0.28854961832061066,0.4284627092846271,0.29111531190926276,0.45,0.32,0.34,0.42,0.44,0.12,0.11,0.08,0.12,0.08,0.49,0.48,0.06,0.14,0.06,0.36
233,Emmanuel Mudiay,UTA,PG,0.6732673267326733,0.5477119545938276,0.2670530539456086,0.18518518518518517,0.358974358974359,0.17054610564010744,0.5580152671755726,0.09665144596651447,0.15689981096408318,0.62,0.28,0.37,0.46,0.6,0.3,0.33,0.12,0.22,0.16,0.52,0.38,0.14,0.65,0.2,0.42
234,Dejounte Murray,SAS,PG,0.29372937293729373,0.41858815182688897,0.3758359340169416,0.22222222222222224,0.16666666666666666,0.41136974037600715,0.44465648854961826,0.16590563165905634,0.45368620037807184,0.48,0.1,0.14,0.52,0.63,0.2,0.22,0.31,0.5,0.44,0.47,0.86,0.14,0.53,0.31,0.33
235,Jamal Murray,DEN,PG,0.6633663366336634,0.7360766229159276,0.4146232724030317,0.4074074074074076,0.5128205128205129,0.16517457475380484,0.5274809160305344,0.35768645357686457,0.2835538752362949,0.66,0.44,0.55,0.46,0.51,0.28,0.26,0.16,0.19,0.16,0.4,0.38,0.11,0.42,0.18,0.53
236,Mike Muscala,OKC,C,0.6534653465346535,0.2710180915218163,0.32322781988408383,0.5185185185185185,0.641025641025641,0.34735899731423453,0.2145038167938931,0.2442922374429224,0.20793950850661627,0.3,0.4,0.47,0.2,0.19,0.17,0.14,0.31,0.38,0.35,0.15,0.29,0.31,0.19,0.39,0.28
237,Abdel Nader,OKC,SF,0.22442244224422442,0.14969847463639585,0.11725367810967458,0.2962962962962964,0.5897435897435898,0.19874664279319604,0.25419847328244277,0.15220700152207003,0.1833648393194707,0.33,0.34,0.44,0.21,0.25,0.16,0.2,0.08,0.27,0.21,0.07,0.38,0.25,0.28,0.39,0.27
238,Larry Nance,CLE,C,0.7227722772277227,0.5321035828307911,0.49710209540793576,0.5185185185185185,0.1794871794871795,0.554610564010743,0.18587786259541983,0.33257229832572305,0.25897920604914937,0.26,0.1,0.13,0.45,0.4,0.14,0.17,0.59,0.53,0.55,0.22,0.71,0.22,0.23,0.41,0.25
239,Shabazz Napier,WAS,PG,0.6534653465346535,0.2993969492727918,0.3312527864467231,0.3333333333333335,0.6282051282051282,0.12488809310653538,0.4248091603053435,0.2001522070015221,0.19848771266540643,0.47,0.42,0.56,0.24,0.3,0.33,0.32,0.08,0.18,0.13,0.45,0.67,0.06,0.53,0.18,0.39
240,Raul Neto,PHI,PG,0.5181518151815182,0.1876551968783256,0.25144895229603215,0.37037037037037057,0.47435897435897434,0.10026857654431512,0.3022900763358778,0.18417047184170474,0.19281663516068054,0.32,0.32,0.34,0.29,0.32,0.15,0.15,0.06,0.14,0.09,0.44,0.48,0.08,0.49,0.33,0.27
241,Georges Niang,UTA,PF,0.20132013201320131,0.05250088683930473,0.19705751226036558,0.37037037037037057,0.7435897435897435,0.2672336615935541,0.3213740458015267,0.20700152207001526,0.13610586011342155,0.44,0.64,0.69,0.18,0.18,0.09,0.05,0.1,0.31,0.23,0.15,0.19,0.11,0.21,0.35,0.36
242,Joakim Noah,LAC,C,0.10891089108910891,0.36821567931890736,0.4453856442264824,0.22222222222222224,0.01282051282051282,0.7735004476275739,0.23053435114503815,0.21156773211567736,0.223062381852552,0.18,0.0,0.0,0.36,0.42,0.2,0.3,0.9,0.73,0.8,0.4,0.38,0.42,0.47,0.63,0.16
243,Nerlens Noel,OKC,C,0.6270627062706271,0.40191557289819074,0.5679893000445833,0.6296296296296297,0.0,0.5707251566696508,0.2374045801526718,0.26331811263318117,0.41587901701323254,0.27,0.0,0.0,0.56,0.52,0.24,0.29,0.61,0.54,0.57,0.11,0.9,0.67,0.4,0.61,0.3
244,Frank Ntilikina,NYK,PG,0.2706270627062706,0.45583540262504424,0.07891217119928669,0.03703703703703708,0.47435897435897434,0.1078782452999105,0.25534351145038175,0.07153729071537293,0.17580340264650282,0.32,0.24,0.34,0.2,0.32,0.1,0.09,0.1,0.15,0.11,0.46,0.52,0.14,0.44,0.53,0.16
245,Jusuf Nurkic,POR,C,0.528052805280528,0.5658034764100744,0.6049933125278645,0.3333333333333335,0.02564102564102564,0.7041181736794987,0.5938931297709923,0.26864535768645365,0.4858223062381853,0.61,0.0,0.03,0.82,0.86,0.4,0.5,0.71,0.7,0.72,0.26,0.48,0.58,0.63,0.63,0.53
246,David Nwaba,BRK,SF,0.2145214521452145,0.4253281305427456,0.29380294248773964,0.48148148148148134,0.25641025641025644,0.2958818263205013,0.19007633587786263,0.2321156773211568,0.166351606805293,0.22,0.1,0.16,0.35,0.36,0.26,0.33,0.31,0.31,0.3,0.12,0.43,0.19,0.21,0.45,0.24
247,Royce O'Neale,UTA,PF,0.4158415841584158,0.4774742816601632,0.168970129291128,0.48148148148148134,0.6794871794871795,0.3263205013428827,0.07671755725190839,0.2351598173515982,0.44990548204158787,0.12,0.3,0.34,0.09,0.09,0.08,0.07,0.06,0.46,0.32,0.24,0.43,0.14,0.19,0.43,0.12
248,Kyle O'Quinn,PHI,C,0.6567656765676567,0.1880099326002128,0.57958091841284,0.4444444444444447,0.10256410256410256,0.7005371530886302,0.3480916030534352,0.27092846270928467,0.29867674858223064,0.38,0.06,0.07,0.57,0.58,0.2,0.23,0.69,0.69,0.7,0.33,0.33,0.72,0.49,0.75,0.33
249,Semi Ojeleye,BOS,PF,0.33663366336633666,0.19262149698474634,0.037895675434685715,0.2962962962962964,0.8076923076923077,0.20725156669650854,0.03931297709923662,0.17960426179604266,0.20226843100189038,0.09,0.32,0.38,0.02,0.04,0.08,0.1,0.16,0.23,0.21,0.03,0.24,0.08,0.07,0.27,0.08
250,Jahlil Okafor,NOP,C,0.40924092409240925,0.4214260376019865,0.4814979937583594,0.5185185185185185,0.01282051282051282,0.4655326768128917,0.5011450381679389,0.2077625570776256,0.16446124763705103,0.62,0.0,0.02,0.9,0.87,0.28,0.36,0.51,0.44,0.46,0.11,0.1,0.44,0.49,0.49,0.53
251,Elie Okobo,PHO,PG,0.039603960396039604,0.25008868393047173,0.14266607222469913,0.22222222222222224,0.5384615384615384,0.1450313339301701,0.2374045801526718,0.15296803652968038,0.08506616257088846,0.29,0.28,0.38,0.19,0.25,0.18,0.2,0.1,0.19,0.12,0.45,0.43,0.06,0.42,0.41,0.2
252,Josh Okogie,MIN,SG,0.132013201320132,0.5608371763036537,0.19750334373606776,0.2962962962962964,0.5256410256410255,0.2090420769919427,0.21374045801526717,0.18721461187214614,0.26654064272211725,0.28,0.2,0.35,0.21,0.25,0.31,0.33,0.22,0.23,0.22,0.14,0.62,0.17,0.26,0.37,0.24
253,Victor Oladipo,IND,SG,0.570957095709571,0.8634267470734303,0.5135978600089166,0.37037037037037057,0.4358974358974359,0.2291853178155774,0.6030534351145038,0.32876712328767127,0.5311909262759924,0.7,0.4,0.5,0.54,0.6,0.32,0.34,0.1,0.3,0.22,0.36,0.76,0.14,0.47,0.22,0.56
254,Kelly Olynyk,MIA,C,0.8910891089108911,0.45760908123448024,0.43513152028533214,0.5925925925925926,0.6025641025641025,0.4131602506714414,0.3721374045801527,0.33257229832572305,0.4347826086956522,0.43,0.44,0.5,0.32,0.3,0.25,0.26,0.29,0.48,0.41,0.28,0.43,0.19,0.44,0.59,0.42
255,Cedi Osman,CLE,SF,0.34983498349834985,0.5817665838949981,0.23004904146232724,0.4074074074074076,0.6153846153846153,0.23052820053715312,0.28320610687022896,0.22983257229832574,0.09262759924385633,0.39,0.4,0.49,0.24,0.27,0.15,0.17,0.1,0.27,0.21,0.21,0.33,0.03,0.28,0.31,0.31
256,Kelly Oubre,PHO,SF,0.8316831683168316,0.5530329904221355,0.2576905929558627,0.3333333333333335,0.5256410256410255,0.2990152193375112,0.3629770992366413,0.21765601217656017,0.29678638941398866,0.49,0.36,0.48,0.35,0.39,0.28,0.31,0.2,0.33,0.28,0.06,0.48,0.19,0.23,0.49,0.41
257,Jabari Parker,SAC,PF,0.5412541254125413,0.7250798155374246,0.47837717342844405,0.4074074074074076,0.24358974358974358,0.3728737690241719,0.5389312977099238,0.2625570776255708,0.20226843100189038,0.62,0.2,0.25,0.7,0.7,0.27,0.3,0.33,0.38,0.35,0.2,0.38,0.14,0.4,0.25,0.51
258,Chandler Parsons,ATL,SF,0.2145214521452145,0.5175594182334161,0.28399465002229163,0.3333333333333335,0.5769230769230769,0.2170993733213966,0.36679389312977095,0.23135464231354644,0.19659735349716448,0.44,0.4,0.49,0.31,0.34,0.15,0.16,0.06,0.31,0.21,0.27,0.38,0.14,0.33,0.24,0.35
259,Patrick Patterson,LAC,PF,0.8316831683168316,0.36431358637814826,0.1903700401248328,0.37037037037037057,0.8333333333333334,0.2846911369740376,0.1072519083969466,0.2503805175038052,0.27977315689981097,0.21,0.42,0.49,0.05,0.07,0.08,0.05,0.22,0.32,0.28,0.1,0.33,0.17,0.12,0.18,0.16
260,Chris Paul,OKC,PG,0.7425742574257426,0.8322100035473572,0.7931341952741864,0.5555555555555555,0.5,0.2363473589973142,0.5648854961832062,0.6971080669710807,0.555765595463138,0.6,0.46,0.51,0.45,0.48,0.43,0.39,0.1,0.31,0.23,0.91,0.81,0.06,0.51,0.25,0.57
261,Cameron Payne,PHO,PG,0.2145214521452145,0.2802412202908832,0.24342398573339283,0.18518518518518517,0.5256410256410255,0.14413607878245302,0.3778625954198473,0.17427701674277019,0.1058601134215501,0.49,0.4,0.48,0.3,0.39,0.09,0.07,0.1,0.19,0.14,0.49,0.57,0.11,0.4,0.41,0.3
262,Elfrid Payton,NYK,PG,0.6897689768976898,0.7296913799219581,0.4342398573339278,0.22222222222222224,0.20512820512820512,0.2314234556848702,0.4179389312977099,0.24657534246575347,0.28733459357277885,0.46,0.12,0.18,0.52,0.58,0.18,0.24,0.24,0.26,0.23,0.78,0.57,0.14,0.58,0.24,0.33
263,Mason Plumlee,DEN,C,0.9372937293729373,0.4888258247605534,0.5251894783771734,0.5185185185185185,0.01282051282051282,0.5837063563115488,0.2858778625954198,0.3493150684931507,0.41209829867674863,0.25,0.0,0.02,0.52,0.49,0.3,0.44,0.59,0.56,0.58,0.39,0.48,0.44,0.49,0.61,0.3
264,Jakob Poeltl,SAS,C,0.6039603960396039,0.28343384178786796,0.5104770396790013,0.7037037037037038,0.0,0.5819158460161146,0.14389312977099236,0.3592085235920853,0.332703213610586,0.18,0.0,0.0,0.51,0.42,0.11,0.2,0.82,0.45,0.58,0.15,0.29,0.61,0.28,0.63,0.24
265,Otto Porter,CHI,SF,0.6798679867986799,0.7946080170273145,0.4716897012929114,0.5555555555555555,0.5,0.3316920322291853,0.28854961832061066,0.4573820395738204,0.48015122873345933,0.43,0.4,0.42,0.37,0.37,0.14,0.13,0.25,0.36,0.32,0.14,0.62,0.17,0.12,0.2,0.38
266,Bobby Portis,NYK,C,0.7227722772277227,0.4239091876551968,0.44583147570218457,0.3333333333333335,0.3205128205128205,0.5586392121754701,0.4858778625954199,0.23363774733637752,0.23629489603024575,0.65,0.32,0.37,0.59,0.64,0.18,0.2,0.55,0.57,0.57,0.14,0.29,0.14,0.33,0.35,0.48
267,Kristaps Porzingis,DAL,PF,0.48514851485148514,0.8056048244058177,0.5711101203744984,0.37037037037037057,0.41025641025641024,0.45523724261414505,0.6370229007633589,0.31050228310502287,0.4725897920604915,0.75,0.4,0.5,0.57,0.66,0.42,0.44,0.35,0.52,0.46,0.09,0.24,0.64,0.35,0.45,0.61
268,Dwight Powell,DAL,C,0.8118811881188119,0.39623980134799563,0.5448060633080695,0.7037037037037038,0.23076923076923075,0.47672336615935546,0.2572519083969465,0.4337899543378996,0.3440453686200378,0.26,0.12,0.16,0.49,0.39,0.34,0.38,0.51,0.45,0.48,0.11,0.48,0.25,0.19,0.51,0.35
269,Norman Powell,TOR,SG,0.6963696369636964,0.3646683221000355,0.313865358894338,0.4444444444444447,0.5384615384615384,0.17770814682184424,0.384351145038168,0.22907153729071542,0.2892249527410208,0.48,0.38,0.49,0.36,0.38,0.25,0.25,0.08,0.24,0.17,0.19,0.48,0.11,0.33,0.33,0.42
270,Julius Randle,NYK,PF,0.9174917491749175,0.735012415750266,0.5242978154257691,0.4074074074074076,0.14102564102564102,0.6029543419874663,0.567175572519084,0.32572298325722987,0.389413988657845,0.61,0.1,0.16,0.73,0.75,0.45,0.54,0.49,0.67,0.62,0.29,0.29,0.17,0.6,0.49,0.55
271,JJ Redick,NOP,SG,0.8679867986798679,0.724015608371763,0.4373606776638431,0.6666666666666667,0.7051282051282052,0.05550581915846015,0.46259541984732827,0.4901065449010655,0.2684310018903592,0.59,0.7,0.7,0.26,0.31,0.35,0.31,0.0,0.11,0.06,0.2,0.14,0.03,0.26,0.14,0.57
272,Josh Richardson,PHI,SG,0.7194719471947195,0.7885775097552323,0.2955862683905484,0.37037037037037057,0.5256410256410255,0.11817367949865712,0.3290076335877863,0.27549467275494677,0.45746691871455575,0.43,0.38,0.45,0.29,0.35,0.19,0.19,0.12,0.14,0.12,0.28,0.48,0.22,0.3,0.29,0.34
273,Austin Rivers,HOU,SG,0.8250825082508251,0.6420716566158211,0.20552831029870708,0.3333333333333335,0.6025641025641025,0.07162041181736796,0.3183206106870229,0.23059360730593612,0.21550094517958415,0.42,0.4,0.5,0.26,0.3,0.17,0.2,0.04,0.11,0.06,0.26,0.38,0.08,0.26,0.33,0.33
274,Andre Roberson,OKC,SG,0.32673267326732675,0.6183043632493792,0.17788675880517166,0.3333333333333335,0.4615384615384615,0.29051029543419876,0.0,0.2549467275494673,0.41398865784499056,0.08,0.14,0.21,0.18,0.15,0.05,0.09,0.31,0.27,0.28,0.06,0.52,0.31,0.07,0.35,0.06
275,Glenn Robinson,PHI,SF,0.49504950495049505,0.37247250798155374,0.24297815425769065,0.37037037037037057,0.4358974358974359,0.2184422560429723,0.19122137404580153,0.21917808219178084,0.1550094517958412,0.31,0.26,0.3,0.29,0.32,0.14,0.13,0.22,0.24,0.22,0.08,0.38,0.11,0.09,0.1,0.25
276,Mitchell Robinson,NYK,C,0.10231023102310231,0.47357218871940393,0.7485510477039679,1.0,0.0,0.5899731423455685,0.11526717557251907,0.49315068493150693,0.41587901701323254,0.18,0.0,0.0,0.6,0.42,0.2,0.3,0.9,0.47,0.62,0.03,0.48,1.0,0.12,0.76,0.32
277,Rajon Rondo,LAL,PG,0.6732673267326733,0.6970556935083362,0.37494427106553724,0.18518518518518517,0.358974358974359,0.2708146821844225,0.31564885496183204,0.22526636225266364,0.39319470699432896,0.35,0.2,0.27,0.32,0.4,0.06,0.08,0.16,0.35,0.28,1.0,0.71,0.03,0.7,0.24,0.22
278,Derrick Rose,DET,PG,0.528052805280528,0.7091167080525008,0.48506464556397677,0.2962962962962964,0.1794871794871795,0.11280214861235452,0.6828244274809161,0.2549467275494673,0.14366729678638943,0.8,0.16,0.23,0.82,0.91,0.34,0.32,0.14,0.14,0.12,0.51,0.24,0.08,0.53,0.0,0.6
279,Terrence Ross,ORL,SG,0.7557755775577558,0.6094359702021993,0.347748551047704,0.4074074074074076,0.7051282051282052,0.14905998209489707,0.4259541984732825,0.26484018264840187,0.3459357277882798,0.58,0.58,0.7,0.26,0.3,0.17,0.15,0.04,0.22,0.14,0.1,0.52,0.17,0.19,0.16,0.45
280,Terry Rozier,CHO,PG,0.7887788778877888,0.5037247250798155,0.2893446277307178,0.18518518518518517,0.5769230769230769,0.27842435094001783,0.3774809160305344,0.2382039573820396,0.3799621928166351,0.52,0.48,0.57,0.24,0.35,0.18,0.18,0.16,0.33,0.26,0.37,0.48,0.08,0.28,0.14,0.37
281,Ricky Rubio,PHO,PG,0.8745874587458746,0.7761617594891805,0.45296477931341955,0.3333333333333335,0.41025641025641024,0.21665174574753804,0.401145038167939,0.3652968036529681,0.4933837429111531,0.38,0.24,0.32,0.29,0.38,0.39,0.37,0.1,0.27,0.2,0.86,0.81,0.03,0.6,0.33,0.33
282,D'Angelo Russell,MIN,PG,0.7293729372937293,0.7289819084781838,0.4618814088274632,0.2962962962962964,0.5512820512820512,0.16965085049239034,0.7248091603053435,0.19939117199391174,0.2514177693761815,0.84,0.6,0.71,0.5,0.58,0.27,0.3,0.1,0.22,0.17,0.61,0.52,0.06,0.72,0.2,0.63
283,Domantas Sabonis,IND,PF,0.6435643564356436,0.6058886129833273,0.4645563976816764,0.4444444444444447,0.16666666666666666,0.6110116383169203,0.42709923664122146,0.33637747336377477,0.5141776937618148,0.46,0.08,0.12,0.65,0.64,0.32,0.36,0.51,0.67,0.63,0.31,0.24,0.17,0.51,0.53,0.44
284,JaKarr Sampson,IND,SF,0.12211221122112212,0.25966654842142606,0.2144449398127508,0.4074074074074076,0.21794871794871795,0.3178155774395703,0.21832061068702294,0.16286149162861494,0.09640831758034027,0.27,0.1,0.16,0.4,0.4,0.2,0.26,0.27,0.34,0.31,0.07,0.29,0.31,0.26,0.63,0.25
285,Dario Saric,PHO,PF,0.693069306930693,0.6374600922312876,0.35978600089166296,0.4444444444444447,0.5512820512820512,0.4346463742166517,0.4099236641221374,0.2838660578386606,0.3648393194706995,0.51,0.4,0.5,0.35,0.38,0.26,0.25,0.39,0.46,0.43,0.23,0.24,0.08,0.42,0.31,0.42
286,Tomas Satoransky,CHI,PG,0.5907590759075908,0.5253636041149343,0.3205528310298707,0.4444444444444447,0.3846153846153846,0.18845120859444947,0.1729007633587786,0.3523592085235921,0.22873345935727793,0.22,0.22,0.24,0.26,0.28,0.18,0.17,0.24,0.18,0.19,0.58,0.52,0.06,0.35,0.27,0.22
287,Dennis Schroder,OKC,PG,0.9042904290429042,0.7055693508336289,0.429781542576906,0.3333333333333335,0.37179487179487175,0.13876454789615042,0.6851145038167938,0.22831050228310504,0.40453686200378075,0.77,0.36,0.44,0.62,0.72,0.34,0.33,0.08,0.18,0.14,0.58,0.38,0.08,0.65,0.25,0.59
288,Mike Scott,PHI,PF,0.7260726072607261,0.2997516849946789,0.25144895229603215,0.4074074074074076,0.6153846153846153,0.33079677708146826,0.2603053435114504,0.24048706240487067,0.20793950850661627,0.39,0.42,0.48,0.26,0.28,0.09,0.09,0.25,0.37,0.32,0.12,0.14,0.11,0.19,0.39,0.31
289,Thabo Sefolosha,HOU,PF,0.5610561056105611,0.39340191557289816,0.28176549264378065,0.4444444444444447,0.5128205128205129,0.3321396598030439,0.12519083969465647,0.2123287671232877,0.41209829867674863,0.19,0.22,0.27,0.22,0.23,0.11,0.12,0.18,0.41,0.32,0.13,0.81,0.19,0.19,0.2,0.18
290,Collin Sexton,CLE,SG,0.16831683168316833,0.844980489535296,0.35532768613464116,0.37037037037037057,0.30769230769230765,0.09221128021486123,0.6267175572519084,0.22602739726027402,0.0,0.74,0.34,0.36,0.64,0.74,0.34,0.34,0.14,0.1,0.08,0.27,0.24,0.03,0.49,0.22,0.58
291,Landry Shamet,LAC,SG,0.1188118811881188,0.5736076622915927,0.17833259028087384,0.5555555555555555,0.9358974358974358,0.03133393017009849,0.1793893129770992,0.27168949771689505,0.15879017013232513,0.31,0.62,0.66,0.02,0.05,0.15,0.13,0.02,0.08,0.03,0.16,0.14,0.08,0.12,0.35,0.29
292,Iman Shumpert,BRK,SG,0.40594059405940597,0.5498403689251508,0.11145786892554614,0.22222222222222224,0.6923076923076923,0.18128916741271264,0.1583969465648855,0.17732115677321159,0.2381852551984877,0.24,0.32,0.44,0.11,0.15,0.08,0.08,0.12,0.23,0.17,0.18,0.52,0.11,0.23,0.31,0.16
293,Pascal Siakam,TOR,PF,0.594059405940594,0.6239801347995743,0.4427106553722693,0.48148148148148134,0.28205128205128205,0.38809310653536255,0.3702290076335878,0.36834094368340947,0.5482041587901701,0.52,0.24,0.31,0.57,0.54,0.28,0.3,0.29,0.45,0.39,0.26,0.38,0.28,0.37,0.39,0.47
294,Ben Simmons,PHI,PG,0.39933993399339934,0.9169918410783965,0.6321890325456977,0.5185185185185185,0.01282051282051282,0.446284691136974,0.46564885496183206,0.482496194824962,0.773156899810964,0.44,0.0,0.01,0.74,0.7,0.31,0.45,0.37,0.5,0.46,0.79,0.71,0.22,0.74,0.29,0.45
295,Marcus Smart,BOS,SG,0.7854785478547854,0.7399787158566867,0.28221132411948285,0.2592592592592593,0.6666666666666666,0.16204118173679502,0.30496183206106864,0.23135464231354644,0.5349716446124764,0.36,0.36,0.5,0.15,0.23,0.25,0.25,0.18,0.17,0.16,0.47,0.81,0.14,0.4,0.35,0.27
296,Dennis Smith,NYK,PG,0.19801980198019803,0.6300106420716565,0.24609897458760588,0.11111111111111102,0.3974358974358974,0.1593554162936437,0.6324427480916031,0.03957382039573821,0.224952741020794,0.69,0.32,0.47,0.48,0.62,0.23,0.3,0.16,0.18,0.16,0.57,0.57,0.11,0.72,0.31,0.45
297,Ish Smith,WAS,PG,0.8844884488448845,0.6030507272082298,0.37494427106553724,0.18518518518518517,0.23076923076923075,0.16025067144136082,0.42748091603053434,0.23744292237442927,0.27788279773156904,0.56,0.16,0.23,0.55,0.64,0.15,0.15,0.08,0.22,0.16,0.66,0.38,0.11,0.37,0.2,0.36
298,JR Smith,LAL,SG,0.3927392739273927,0.7045051436679673,0.16139099420419087,0.2962962962962964,0.8205128205128205,0.10340196956132498,0.23129770992366414,0.25875190258751907,0.2816635160680529,0.36,0.54,0.62,0.09,0.14,0.03,0.03,0.06,0.14,0.09,0.15,0.38,0.08,0.12,0.27,0.25
299,Tony Snell,DET,SF,0.8448844884488449,0.5693508336289465,0.13909942041908163,0.48148148148148134,0.7692307692307692,0.11548791405550585,0.09389312977099233,0.26788432267884327,0.2173913043478261,0.19,0.42,0.44,0.06,0.09,0.05,0.03,0.02,0.17,0.1,0.12,0.19,0.11,0.09,0.16,0.17
300,Jayson Tatum,BOS,PF,0.42574257425742573,0.8275984391628236,0.4814979937583594,0.48148148148148134,0.41025641025641024,0.3124440465532677,0.5122137404580153,0.3554033485540335,0.7183364839319472,0.63,0.4,0.44,0.5,0.56,0.34,0.35,0.14,0.42,0.32,0.19,0.52,0.25,0.33,0.2,0.54
301,Jeff Teague,ATL,PG,0.7788778877887789,0.7623270663355799,0.4913062862238074,0.4074074074074076,0.34615384615384615,0.11145926589077887,0.4717557251908397,0.40334855403348563,0.3440453686200378,0.47,0.26,0.3,0.41,0.5,0.43,0.42,0.06,0.16,0.1,0.77,0.52,0.11,0.58,0.22,0.43
302,Garrett Temple,BRK,SG,0.8283828382838284,0.6257538134090103,0.17432010699955416,0.3333333333333335,0.6794871794871795,0.13249776186213072,0.1935114503816794,0.2062404870624049,0.27599243856332706,0.28,0.38,0.47,0.12,0.17,0.12,0.13,0.08,0.17,0.12,0.22,0.52,0.17,0.21,0.35,0.21
303,Daniel Theis,BOS,C,0.3234323432343234,0.3228095069173465,0.4939812750780206,0.6666666666666667,0.30769230769230765,0.5152193375111906,0.21259541984732827,0.36073059360730597,0.38374291115311904,0.27,0.16,0.19,0.45,0.36,0.22,0.23,0.61,0.47,0.53,0.19,0.33,0.5,0.21,0.84,0.31
304,Isaiah Thomas,WAS,PG,0.48184818481848185,0.7516849946789642,0.6063308069549711,0.4444444444444447,0.5256410256410255,0.06222023276633841,0.7767175572519085,0.6050228310502284,0.27599243856332706,0.84,0.56,0.66,0.55,0.62,0.68,0.66,0.08,0.09,0.06,0.59,0.33,0.03,0.63,0.2,0.78
305,Lance Thomas,BRK,SF,0.44554455445544555,0.3926924441291238,0.07846633972358452,0.2962962962962964,0.5,0.1754700089525515,0.1377862595419847,0.19482496194824964,0.1058601134215501,0.21,0.26,0.29,0.16,0.23,0.17,0.14,0.18,0.19,0.17,0.06,0.19,0.06,0.19,0.37,0.17
306,Tristan Thompson,CLE,C,0.7161716171617162,0.6732884001418943,0.44315648684797143,0.5185185185185185,0.01282051282051282,0.6826320501342883,0.15725190839694653,0.439117199391172,0.3534971644612477,0.19,0.0,0.01,0.45,0.42,0.19,0.28,0.84,0.56,0.67,0.09,0.19,0.25,0.19,0.29,0.22
307,Sindarius Thornwell,NOP,SG,0.1419141914191419,0.0830081589216034,0.04369148461881411,0.22222222222222224,0.358974358974359,0.17860340196956132,0.08206106870229009,0.15296803652968038,0.1342155009451796,0.09,0.14,0.17,0.15,0.2,0.19,0.24,0.16,0.21,0.18,0.13,0.67,0.19,0.28,0.51,0.11
308,Anthony Tolliver,MEM,PF,0.7920792079207921,0.3880808797445903,0.19572001783325907,0.5185185185185185,1.0,0.2560429722470904,0.12786259541984732,0.28462709284627097,0.19092627599243855,0.21,0.52,0.6,0.0,0.0,0.14,0.13,0.18,0.3,0.26,0.1,0.19,0.17,0.14,0.27,0.22
309,Karl-Anthony Towns,MIN,C,0.8646864686468647,0.9187655196878326,0.8519839500668747,0.6666666666666667,0.28205128205128205,0.7273948075201433,0.634351145038168,0.7587519025875191,0.5633270321361058,0.7,0.3,0.33,0.79,0.74,0.45,0.46,0.59,0.73,0.7,0.23,0.24,0.44,0.49,0.41,0.71
310,PJ Tucker,HOU,PF,1.0,0.7949627527492018,0.15693267944716896,0.3333333333333335,0.7435897435897435,0.34109221128021483,0.034351145038167955,0.26484018264840187,0.45368620037807184,0.11,0.3,0.36,0.04,0.07,0.07,0.06,0.29,0.36,0.34,0.09,0.57,0.14,0.16,0.33,0.09
311,Evan Turner,ATL,PG,0.7293729372937293,0.5743171337353672,0.2420864913062862,0.22222222222222224,0.20512820512820512,0.2520143240823634,0.2851145038167939,0.19558599695586001,0.3761814744801512,0.34,0.08,0.15,0.41,0.48,0.18,0.17,0.1,0.34,0.26,0.42,0.33,0.11,0.42,0.22,0.24
312,Myles Turner,IND,C,0.8118811881188119,0.7041504079460801,0.48551047703967903,0.4444444444444447,0.2692307692307692,0.44717994628469115,0.3816793893129771,0.3264840182648402,0.6370510396975425,0.45,0.2,0.23,0.51,0.52,0.28,0.31,0.31,0.5,0.44,0.08,0.29,0.75,0.28,0.43,0.41
313,Jonas Valanciunas,MEM,C,0.7920792079207921,0.5739623980134799,0.7235844850646456,0.6666666666666667,0.08974358974358974,0.8111011638316921,0.47633587786259546,0.4703196347031964,0.502835538752363,0.52,0.06,0.08,0.81,0.73,0.36,0.39,0.73,0.81,0.8,0.09,0.14,0.42,0.42,0.49,0.54
314,Denzel Valentine,CHI,SF,0.24422442244224424,0.44200070947144376,0.21176995095853768,0.2592592592592593,0.7692307692307692,0.27170993733213966,0.3190839694656488,0.17960426179604266,0.24196597353497165,0.44,0.52,0.63,0.16,0.22,0.02,0.03,0.1,0.39,0.28,0.3,0.43,0.06,0.28,0.37,0.29
315,Fred VanVleet,TOR,PG,0.44554455445544555,0.5441645973749556,0.38296923762817653,0.3333333333333335,0.5769230769230769,0.14279319606087734,0.38015267175572526,0.3264840182648402,0.3913043478260869,0.49,0.48,0.56,0.24,0.33,0.24,0.23,0.06,0.19,0.12,0.57,0.57,0.14,0.35,0.25,0.39
316,Noah Vonleh,DEN,C-PF,0.7062706270627063,0.31855267825470024,0.2634864021399911,0.3333333333333335,0.23076923076923075,0.598478066248881,0.15458015267175576,0.20243531202435314,0.223062381852552,0.19,0.12,0.17,0.3,0.32,0.18,0.21,0.53,0.63,0.61,0.09,0.24,0.22,0.26,0.49,0.18
317,Nikola Vucevic,ORL,C,0.801980198019802,0.7864490954239091,0.6990637539010254,0.37037037037037057,0.1923076923076923,0.684870188003581,0.6354961832061068,0.37671232876712335,0.6181474480151229,0.8,0.18,0.24,0.88,0.9,0.2,0.22,0.51,0.77,0.7,0.33,0.38,0.33,0.37,0.25,0.6
318,Dion Waiters,LAL,SG,0.3696369636963696,0.6881873004611564,0.2358448506464557,0.22222222222222224,0.5256410256410255,0.1060877350044763,0.4622137404580153,0.16514459665144599,0.27599243856332706,0.57,0.44,0.51,0.35,0.44,0.17,0.2,0.04,0.16,0.1,0.31,0.43,0.11,0.42,0.22,0.39
319,Kemba Walker,BOS,PG,0.9306930693069307,0.9159276339127349,0.6691930450289791,0.4444444444444447,0.5512820512820512,0.14279319606087734,0.716793893129771,0.5958904109589042,0.46502835538752363,0.82,0.6,0.7,0.49,0.57,0.48,0.48,0.08,0.2,0.14,0.52,0.48,0.11,0.42,0.04,0.71
320,Tyrone Wallace,ATL,SG,0.033003300330033,0.24760553387726145,0.06865804725813643,0.07407407407407415,0.1794871794871795,0.2148612354521039,0.30877862595419847,0.12557077625570778,0.10964083175803402,0.35,0.04,0.14,0.41,0.5,0.23,0.27,0.14,0.23,0.21,0.22,0.43,0.14,0.37,0.49,0.24
321,Taurean Prince,BRK,SF,0.07590759075907591,0.7155019510464703,0.19884083816317435,0.3333333333333335,0.717948717948718,0.256490599820949,0.3938931297709924,0.11872146118721463,0.31379962192816635,0.54,0.58,0.69,0.22,0.28,0.17,0.15,0.12,0.38,0.28,0.19,0.38,0.14,0.44,0.33,0.4
322,Brad Wanamaker,BOS,PG,0.036303630363036306,0.2667612628591699,0.3285777975925101,0.5185185185185185,0.3974358974358974,0.12533572068039392,0.24351145038167935,0.26636225266362257,0.27032136105860116,0.28,0.22,0.25,0.29,0.32,0.33,0.28,0.06,0.18,0.12,0.44,0.62,0.06,0.35,0.43,0.29
323,TJ Warren,IND,SF,0.6336633663366337,0.7857396239801347,0.48551047703967903,0.4444444444444447,0.21794871794871795,0.2139659803043867,0.4740458015267175,0.36681887366818877,0.24763705103969755,0.66,0.18,0.23,0.75,0.75,0.26,0.27,0.27,0.19,0.21,0.08,0.48,0.19,0.19,0.29,0.55
324,Russell Westbrook,HOU,PG,0.9075907590759076,0.9560127704859879,0.8653588943379402,0.3333333333333335,0.30769230769230765,0.5152193375111906,0.9534351145038168,0.601978691019787,0.8147448015122872,1.0,0.3,0.45,0.85,0.95,0.65,0.71,0.29,0.62,0.53,0.97,0.71,0.08,1.0,0.27,0.82
325,Derrick White,SAS,SG,0.1848184818481848,0.5264278112805959,0.43290236290682127,0.5185185185185185,0.4230769230769231,0.21262309758281112,0.31755725190839695,0.3249619482496195,0.2741020793950851,0.37,0.28,0.32,0.36,0.38,0.3,0.3,0.12,0.27,0.21,0.47,0.43,0.31,0.35,0.33,0.36
326,Hassan Whiteside,POR,C,0.8151815181518152,0.7006030507272082,0.8123049487293803,0.5925925925925926,0.01282051282051282,0.9525514771709938,0.4694656488549619,0.4604261796042619,0.8166351606805292,0.49,0.0,0.01,0.84,0.75,0.32,0.44,0.86,0.97,0.96,0.03,0.24,0.89,0.4,0.43,0.51
327,Andrew Wiggins,GSW,SF-SG,0.9108910891089109,0.9648811635331678,0.4003566651805618,0.2962962962962964,0.30769230769230765,0.16606982990152194,0.6328244274809159,0.2762557077625571,0.21928166351606806,0.73,0.26,0.35,0.65,0.74,0.41,0.47,0.2,0.16,0.15,0.18,0.33,0.17,0.37,0.14,0.58
328,Lou Williams,LAC,SG,0.8943894389438944,0.6991841078396595,0.6148016049933125,0.48148148148148134,0.48717948717948717,0.09489704565801256,0.7248091603053435,0.4596651445966515,0.20793950850661627,0.76,0.46,0.57,0.51,0.61,0.72,0.71,0.08,0.13,0.09,0.49,0.38,0.08,0.6,0.06,0.72
329,Marvin Williams,MIL,PF,0.8976897689768977,0.6534231997162113,0.35131520285332146,0.48148148148148134,0.6923076923076923,0.3428827215756491,0.2114503816793893,0.36377473363774737,0.4215500945179584,0.32,0.42,0.5,0.18,0.2,0.16,0.14,0.25,0.42,0.35,0.1,0.38,0.25,0.09,0.18,0.29
330,DJ Wilson,MIL,PF,0.036303630363036306,0.13550904576090814,0.1622826571555952,0.2962962962962964,0.6153846153846153,0.3894359892569382,0.2209923664122137,0.16210045662100458,0.18147448015122872,0.33,0.36,0.49,0.19,0.22,0.1,0.12,0.31,0.56,0.46,0.13,0.14,0.17,0.23,0.41,0.24
331,Justise Winslow,MIA,SF,0.47854785478547857,0.7069882937211777,0.20240748996879185,0.18518518518518517,0.34615384615384615,0.3348254252461952,0.2709923664122138,0.15677321156773213,0.46124763705103966,0.33,0.2,0.25,0.3,0.39,0.14,0.17,0.22,0.39,0.32,0.28,0.38,0.14,0.33,0.35,0.22
332,Christian Wood,DET,PF,0.056105610561056105,0.2731465058531394,0.652251448952296,0.6296296296296297,0.3205128205128205,0.5850492390331244,0.467557251908397,0.31582952815829535,0.18525519848771266,0.52,0.26,0.31,0.64,0.54,0.52,0.61,0.53,0.61,0.59,0.06,0.29,0.44,0.4,0.25,0.6
333,Delon Wright,DAL,SG,0.5775577557755776,0.4029797800638524,0.44137316094516277,0.4074074074074076,0.3846153846153846,0.23545210384959714,0.2820610687022901,0.28767123287671237,0.29111531190926276,0.32,0.22,0.29,0.31,0.36,0.24,0.25,0.25,0.26,0.24,0.47,0.71,0.19,0.3,0.16,0.29
334,Thaddeus Young,CHI,PF,0.9141914191419142,0.7768712309329548,0.42175657601426664,0.37037037037037057,0.24358974358974358,0.40241718889883615,0.33854961832061076,0.30365296803652975,0.5614366729678639,0.44,0.14,0.19,0.56,0.55,0.09,0.12,0.45,0.37,0.39,0.18,0.71,0.14,0.3,0.24,0.33
335,Trae Young,ATL,PG,0.1485148514851485,0.8623625399077687,0.6246098974587607,0.4444444444444447,0.5256410256410255,0.1486123545210385,0.8209923664122138,0.44063926940639275,0.14366729678638943,0.88,0.58,0.7,0.55,0.62,0.69,0.7,0.12,0.2,0.15,0.9,0.38,0.06,0.95,0.1,0.79
336,Cody Zeller,CHO,C,0.5907590759075908,0.5647392692444129,0.49264378065091396,0.5925925925925926,0.06410256410256411,0.5147717099373321,0.2709923664122138,0.37366818873668195,0.3553875236294896,0.28,0.02,0.05,0.52,0.49,0.33,0.38,0.59,0.47,0.52,0.14,0.43,0.33,0.26,0.53,0.33
337,Tyler Zeller,SAS,C,0.29372937293729373,0.16708052500886836,0.40213999108337045,0.4074074074074076,0.05128205128205128,0.5125335720680394,0.3522900763358779,0.2184170471841705,0.1379962192816635,0.41,0.06,0.04,0.61,0.63,0.27,0.29,0.61,0.44,0.5,0.12,0.1,0.31,0.26,0.59,0.37
338,Ante Zizic,CLE,C,0.056105610561056105,0.17523944661227384,0.5604101649576461,0.7407407407407409,0.0,0.5895255147717099,0.32709923664122137,0.2511415525114155,0.0661625708884688,0.36,0.0,0.0,0.66,0.62,0.31,0.37,0.65,0.53,0.58,0.09,0.1,0.31,0.33,0.51,0.4
339,Ivica Zubac,LAC,C,0.38283828382838286,0.2656970556935083,0.5737851092287116,0.5925925925925926,0.01282051282051282,0.6683079677708147,0.3347328244274809,0.3089802130898022,0.23629489603024575,0.4,0.0,0.0,0.71,0.66,0.33,0.35,0.8,0.66,0.72,0.13,0.1,0.5,0.35,0.61,0.43
