,Player,final_team,Pos,G,MP,PER,TS%,3PAr,TRB%,USG%,OWS,DWS,Height,FGA,3P,3PA,2P,2PA,FT,FTA,ORB,DRB,TRB,AST,STL,BLK,TOV,PF,PTS
0,Steven Adams,OKC,C,0.9326599326599326,0.7494646680942183,0.5470352206865805,0.6153846153846154,0.0,0.5425045703839123,0.233206106870229,0.5121765601217657,0.5916824196597353,0.7368421052631576,0.27,0.0,0.0,0.6,0.52,0.22,0.34,0.88,0.39,0.56,0.09,0.43,0.33,0.3,0.31,0.32
1,Bam Adebayo,MIA,PF,0.4074074074074074,0.6031406138472518,0.5376727596968346,0.5769230769230769,0.02564102564102564,0.5891224862888484,0.3019083969465649,0.4223744292237444,0.6049149338374291,0.6315789473684211,0.29,0.0,0.03,0.56,0.53,0.36,0.43,0.55,0.62,0.6,0.35,0.38,0.36,0.47,0.35,0.35
2,LaMarcus Aldridge,SAS,C,0.8518518518518519,0.851891506067095,0.7115470352206866,0.4230769230769233,0.08974358974358974,0.4821755027422304,0.6293893129770992,0.5669710806697108,0.6427221172022685,0.7368421052631576,0.74,0.06,0.1,0.9,0.94,0.43,0.43,0.55,0.46,0.48,0.15,0.19,0.39,0.28,0.2,0.63
3,Jarrett Allen,BRK,C,0.40404040404040403,0.5574589578872233,0.5769059295586269,0.730769230769231,0.05128205128205128,0.596892138939671,0.23091603053435117,0.471841704718417,0.5085066162570888,0.7368421052631576,0.25,0.0,0.03,0.59,0.46,0.34,0.4,0.69,0.62,0.66,0.11,0.19,0.58,0.3,0.37,0.36
4,Al-Farouq Aminu,ORL,PF,0.7037037037037037,0.7077087794432547,0.2755238519839501,0.3076923076923078,0.6282051282051282,0.4451553930530165,0.20725190839694657,0.2656012176560122,0.4858223062381853,0.5789473684210523,0.28,0.36,0.43,0.15,0.21,0.17,0.17,0.27,0.55,0.46,0.11,0.48,0.22,0.23,0.2,0.22
5,Justin Anderson,BRK,SF,0.4175084175084175,0.15952890792291216,0.2875613018279091,0.26923076923076933,0.6282051282051282,0.3254113345521024,0.34312977099236636,0.17960426179604266,0.14177693761814744,0.4210526315789476,0.43,0.32,0.52,0.27,0.28,0.25,0.27,0.27,0.36,0.33,0.12,0.38,0.22,0.26,0.37,0.33
6,Kyle Anderson,MEM,PF,0.7811447811447811,0.42362598144182717,0.33259028087382975,0.3846153846153848,0.21794871794871795,0.35237659963436935,0.13854961832061066,0.2458143074581431,0.4914933837429112,0.6315789473684211,0.16,0.08,0.12,0.32,0.32,0.15,0.17,0.2,0.44,0.35,0.31,0.71,0.31,0.26,0.24,0.16
7,Ryan Anderson,HOU,C,0.43434343434343436,0.6466809421841541,0.3285777975925101,0.3846153846153848,0.7564102564102564,0.3016453382084096,0.3274809160305343,0.3888888888888889,0.21928166351606806,0.6315789473684211,0.48,0.56,0.63,0.21,0.26,0.24,0.22,0.35,0.28,0.3,0.06,0.1,0.11,0.16,0.18,0.41
8,Giannis Antetokounmpo,MIL,PF,0.9023569023569024,0.916131334760885,0.9255461435577352,0.5769230769230769,0.1923076923076923,0.5941499085923219,0.7740458015267176,0.6978691019786911,0.8223062381852552,0.7368421052631576,0.74,0.14,0.23,0.95,0.85,0.66,0.78,0.35,0.71,0.6,0.49,0.52,0.44,0.65,0.37,0.78
9,Carmelo Anthony,POR,PF,0.6397306397306397,0.8847251962883653,0.43869817209094963,0.26923076923076933,0.41025641025641024,0.31124314442413165,0.616412213740458,0.32572298325722987,0.3686200378071834,0.5789473684210523,0.76,0.38,0.48,0.55,0.67,0.35,0.36,0.2,0.41,0.33,0.2,0.29,0.14,0.33,0.29,0.57
10,OG Anunoby,TOR,SF,0.36363636363636365,0.5239114917915774,0.22559072670530542,0.4999999999999999,0.6282051282051282,0.20612431444241316,0.16603053435114504,0.25722983257229837,0.45746691871455575,0.5263157894736841,0.26,0.34,0.4,0.22,0.21,0.09,0.11,0.24,0.26,0.23,0.08,0.52,0.17,0.21,0.35,0.24
11,Ryan Arcidiacono,CHI,PG,0.2053872053872054,0.39079229122055675,0.18323673651359784,0.4615384615384614,0.7564102564102564,0.11243144424131629,0.06832061068702287,0.2861491628614916,0.15689981096408318,0.31578947368421056,0.14,0.34,0.38,0.07,0.09,0.11,0.11,0.08,0.19,0.13,0.4,0.38,0.0,0.19,0.33,0.14
12,Trevor Ariza,POR,SF,0.835016835016835,0.8886509635974302,0.2741863575568435,0.3846153846153848,0.8333333333333334,0.21343692870201098,0.1904580152671756,0.3188736681887367,0.4026465028355387,0.5789473684210523,0.3,0.48,0.57,0.1,0.12,0.14,0.13,0.1,0.3,0.23,0.19,0.67,0.08,0.16,0.14,0.25
13,DJ Augustin,ORL,PG,0.8451178451178452,0.5167737330478229,0.3522068658047258,0.4999999999999999,0.6282051282051282,0.04844606946983547,0.3290076335877863,0.3493150684931507,0.19092627599243855,0.10526315789473706,0.36,0.44,0.48,0.19,0.25,0.34,0.33,0.06,0.1,0.07,0.56,0.29,0.0,0.4,0.12,0.36
14,Deandre Ayton,PHO,C,0.02356902356902357,0.8108493932905066,0.6419973250111457,0.5384615384615384,0.01282051282051282,0.7015539305301646,0.4736641221374046,0.40258751902587525,0.33459357277882795,0.7368421052631576,0.6,0.0,0.02,0.94,0.85,0.22,0.24,0.73,0.67,0.7,0.14,0.29,0.36,0.4,0.39,0.54
15,Dwayne Bacon,CHO,SG,0.1111111111111111,0.2619557458957887,0.08203299152920196,0.07692307692307679,0.358974358974359,0.20338208409506403,0.25572519083969464,0.13470319634703198,0.10396975425330814,0.4736842105263159,0.38,0.22,0.3,0.31,0.42,0.15,0.14,0.06,0.31,0.21,0.15,0.29,0.06,0.21,0.29,0.24
16,Lonzo Ball,NOP,PG,0.20202020202020202,0.842969307637402,0.2929112795363353,0.1153846153846153,0.6923076923076923,0.2957038391224863,0.3061068702290076,0.15525114155251143,0.4102079395085066,0.4736842105263159,0.39,0.42,0.56,0.18,0.23,0.05,0.07,0.22,0.39,0.32,0.69,0.67,0.19,0.58,0.22,0.24
17,Mo Bamba,ORL,C,0.02356902356902357,0.2294789436117059,0.46589389210878285,0.3461538461538463,0.4358974358974359,0.6407678244972579,0.2954198473282442,0.20395738203957386,0.31568998109640833,0.7894736842105264,0.39,0.24,0.33,0.4,0.37,0.12,0.18,0.67,0.64,0.66,0.1,0.19,0.92,0.33,0.67,0.3
18,JJ Barea,DAL,PG,0.48148148148148145,0.4550321199143468,0.46589389210878285,0.3076923076923078,0.5128205128205129,0.12065813528336382,0.5919847328244275,0.27549467275494677,0.14744801512287334,0.05263157894736882,0.66,0.48,0.56,0.42,0.5,0.18,0.18,0.06,0.19,0.13,0.81,0.19,0.0,0.58,0.12,0.48
19,Harrison Barnes,SAC,PF,0.9057239057239057,0.8932905067808707,0.36781096745430225,0.3846153846153848,0.3974358974358974,0.2253199268738575,0.4396946564885496,0.33866057838660585,0.3175803402646503,0.5789473684210523,0.54,0.32,0.37,0.46,0.52,0.31,0.3,0.18,0.28,0.23,0.12,0.19,0.06,0.19,0.04,0.45
20,Will Barton,DEN,SF,0.7474747474747475,0.7758743754461099,0.4141774409273295,0.3461538461538463,0.48717948717948717,0.280164533820841,0.4389312977099237,0.3584474885844749,0.3119092627599244,0.4210526315789476,0.54,0.38,0.46,0.4,0.45,0.26,0.27,0.18,0.36,0.29,0.33,0.38,0.17,0.35,0.16,0.43
21,Nicolas Batum,CHO,SF,0.6936026936026936,0.8390435403283367,0.3615693267944717,0.3461538461538463,0.6025641025641025,0.26782449725776974,0.3240458015267175,0.2914764079147641,0.4310018903591683,0.6315789473684211,0.37,0.36,0.44,0.24,0.28,0.2,0.2,0.14,0.37,0.28,0.49,0.38,0.17,0.47,0.06,0.3
22,Aron Baynes,PHO,C,0.7676767676767676,0.3008565310492504,0.3771734284440482,0.3846153846153848,0.14102564102564102,0.5630712979890311,0.2763358778625954,0.26636225266362257,0.32892249527410206,0.6842105263157894,0.34,0.12,0.15,0.46,0.48,0.23,0.23,0.63,0.52,0.57,0.12,0.05,0.36,0.33,0.73,0.3
23,Kent Bazemore,SAC,SF-SG,0.8282828282828283,0.6313347608850819,0.2764155149353545,0.26923076923076933,0.5384615384615384,0.22212065813528342,0.4129770992366412,0.13926940639269408,0.4347826086956522,0.3684210526315788,0.48,0.38,0.48,0.31,0.38,0.25,0.27,0.1,0.33,0.24,0.27,0.71,0.22,0.47,0.39,0.37
24,Bradley Beal,WAS,SG,0.8451178451178452,0.9500356887937188,0.6116807846633971,0.4999999999999999,0.47435897435897434,0.13162705667276053,0.7110687022900763,0.528158295281583,0.3251417769376182,0.31578947368421056,0.84,0.54,0.61,0.62,0.65,0.44,0.46,0.12,0.18,0.14,0.4,0.43,0.11,0.47,0.18,0.73
25,Malik Beasley,MIN,SG,0.39730639730639733,0.31370449678800855,0.2759696834596522,0.3846153846153848,0.641025641025641,0.12431444241316272,0.3564885496183206,0.24353120243531207,0.1720226843100189,0.3684210526315788,0.55,0.58,0.64,0.3,0.32,0.1,0.11,0.08,0.19,0.14,0.14,0.33,0.06,0.21,0.18,0.44
26,Marco Belinelli,SAS,SG,0.8619528619528619,0.4982155603140613,0.27240303165403473,0.3846153846153848,0.6666666666666666,0.07038391224862892,0.37519083969465644,0.2473363774733638,0.1550094517958412,0.4210526315789476,0.49,0.5,0.59,0.24,0.3,0.25,0.23,0.02,0.15,0.08,0.21,0.24,0.06,0.21,0.1,0.41
27,Jordan Bell,MEM,C-PF,0.1750841750841751,0.12062812276945034,0.4039233169861792,0.4999999999999999,0.05128205128205128,0.4776051188299818,0.17557251908396945,0.22450532724505332,0.21550094517958415,0.5789473684210523,0.2,0.0,0.03,0.46,0.42,0.14,0.18,0.49,0.47,0.5,0.33,0.43,0.67,0.37,0.43,0.22
28,DeAndre' Bembry,ATL,SG,0.29292929292929293,0.3847251962883654,0.1671868033883192,0.1923076923076923,0.3333333333333333,0.2586837294332724,0.24236641221374053,0.11035007610350078,0.22117202268431005,0.4210526315789476,0.32,0.14,0.24,0.35,0.37,0.11,0.16,0.18,0.36,0.29,0.29,0.76,0.19,0.49,0.37,0.22
29,Dragan Bender,GSW,SF,0.28619528619528617,0.4079229122055673,0.0731163620151583,0.2307692307692308,0.7692307692307692,0.3162705667276051,0.15076335877862593,0.12404870624048708,0.11909262759924386,0.7894736842105264,0.22,0.36,0.47,0.09,0.11,0.07,0.07,0.18,0.41,0.34,0.16,0.1,0.31,0.35,0.43,0.15
30,Davis Bertans,WAS,PF,0.5791245791245792,0.35688793718772294,0.3499777084262149,0.6153846153846154,0.9358974358974358,0.20429616087751376,0.25648854961832057,0.3143074581430746,0.2457466918714556,0.6842105263157894,0.39,0.74,0.76,0.05,0.07,0.14,0.13,0.12,0.3,0.23,0.14,0.24,0.22,0.16,0.33,0.38
31,Patrick Beverley,LAC,PG,0.5925925925925926,0.7069950035688793,0.294694605439144,0.3846153846153848,0.717948717948718,0.2554844606946984,0.1633587786259542,0.3554033485540335,0.3686200378071834,0.21052631578947353,0.25,0.4,0.45,0.1,0.15,0.11,0.1,0.24,0.31,0.28,0.41,0.57,0.14,0.26,0.55,0.21
32,Khem Birch,ORL,C,0.12794612794612795,0.23768736616702354,0.439589835042354,0.5769230769230769,0.0,0.533363802559415,0.10801526717557253,0.2671232876712329,0.17958412098298676,0.6315789473684211,0.1,0.0,0.0,0.36,0.34,0.28,0.36,0.75,0.43,0.54,0.14,0.29,0.33,0.16,0.47,0.18
33,Bismack Biyombo,CHO,C,0.8417508417508418,0.3915060670949322,0.3687026304057066,0.4615384615384614,0.0,0.6553930530164535,0.1530534351145038,0.27397260273972607,0.3742911153119093,0.5789473684210523,0.11,0.0,0.0,0.36,0.35,0.28,0.38,0.65,0.64,0.67,0.06,0.05,0.61,0.28,0.55,0.19
34,Nemanja Bjelica,SAC,PF,0.8047138047138047,0.46930763740185577,0.33036112349531876,0.4999999999999999,0.6282051282051282,0.3939670932358319,0.22290076335877862,0.31354642313546427,0.2684310018903592,0.6842105263157894,0.32,0.4,0.44,0.24,0.24,0.11,0.11,0.35,0.43,0.4,0.24,0.43,0.19,0.28,0.53,0.29
35,Eric Bledsoe,MIL,PG,0.7003367003367004,0.781941470378301,0.6000891662951405,0.4615384615384614,0.4230769230769231,0.19287020109689218,0.599236641221374,0.4124809741248098,0.4858223062381853,0.21052631578947353,0.65,0.36,0.46,0.55,0.57,0.44,0.47,0.14,0.26,0.21,0.61,0.71,0.17,0.65,0.25,0.59
36,Bogdan Bogdanovic,SAC,SG,0.3602693602693603,0.6966452533904355,0.3673651359786001,0.3846153846153848,0.6025641025641025,0.12340036563071301,0.4473282442748091,0.2838660578386606,0.2570888468809074,0.4736842105263159,0.57,0.52,0.61,0.32,0.38,0.18,0.18,0.08,0.2,0.14,0.39,0.48,0.08,0.35,0.25,0.45
37,Bojan Bogdanovic,UTA,SF,0.9494949494949495,0.7430406852248393,0.3557735176103433,0.5384615384615384,0.5641025641025641,0.15127970749542963,0.45496183206106866,0.34474885844748865,0.2627599243856333,0.5789473684210523,0.53,0.48,0.54,0.36,0.38,0.33,0.31,0.08,0.23,0.16,0.13,0.19,0.03,0.37,0.14,0.51
38,Devin Booker,PHO,SG,0.8080808080808081,0.8868665239114918,0.48595630851538113,0.4230769230769233,0.41025641025641024,0.10740402193784279,0.7358778625954199,0.36605783866057845,0.16068052930056712,0.4210526315789476,0.81,0.42,0.51,0.64,0.7,0.59,0.56,0.06,0.17,0.12,0.45,0.29,0.08,0.7,0.37,0.73
39,Avery Bradley,LAL,SG,0.6296296296296297,0.7897930049964311,0.2211324119482836,0.26923076923076933,0.5,0.10466179159049363,0.367175572519084,0.19178082191780824,0.3270321361058601,0.31578947368421056,0.52,0.4,0.46,0.37,0.43,0.1,0.09,0.12,0.15,0.12,0.16,0.48,0.06,0.3,0.25,0.37
40,Corey Brewer,SAC,SG,0.5723905723905723,0.30585296216987856,0.17967008470798043,0.1923076923076923,0.4615384615384615,0.1649908592321755,0.20954198473282445,0.16666666666666669,0.17580340264650282,0.6315789473684211,0.3,0.2,0.33,0.27,0.3,0.18,0.21,0.16,0.2,0.17,0.16,0.86,0.11,0.23,0.51,0.22
41,Mikal Bridges,PHO,SF,0.17845117845117844,0.7180585296216986,0.26125724476148016,0.5384615384615384,0.6153846153846153,0.15356489945155394,0.10610687022900761,0.3181126331811263,0.3440453686200378,0.4736842105263159,0.19,0.28,0.36,0.18,0.16,0.15,0.13,0.16,0.19,0.17,0.18,0.76,0.17,0.14,0.29,0.2
42,Miles Bridges,CHO,SF,0.1447811447811448,0.5999286224125625,0.29959875167186806,0.3461538461538463,0.5,0.30118829981718465,0.29160305343511456,0.22907153729071542,0.28544423440453687,0.4736842105263159,0.43,0.32,0.42,0.34,0.36,0.15,0.14,0.27,0.36,0.31,0.13,0.33,0.28,0.21,0.2,0.32
43,Malcolm Brogdon,IND,PG,0.468013468013468,0.7155603140613845,0.4569772625947392,0.4615384615384614,0.3974358974358974,0.17184643510054848,0.4213740458015267,0.3759512937595129,0.32136105860113423,0.4210526315789476,0.51,0.32,0.37,0.46,0.49,0.25,0.23,0.16,0.23,0.19,0.49,0.38,0.08,0.37,0.2,0.44
44,Dillon Brooks,MEM,SG,0.23905723905723905,0.6798715203426122,0.1903700401248328,0.26923076923076933,0.4615384615384615,0.11791590493601466,0.45496183206106866,0.14840182648401828,0.2514177693761815,0.5263157894736841,0.57,0.38,0.46,0.4,0.49,0.23,0.24,0.14,0.15,0.13,0.15,0.33,0.11,0.33,0.55,0.42
45,Bruce Brown,DET,SG,0.10101010101010101,0.5249821556031405,0.1413285777975925,0.1538461538461538,0.3333333333333333,0.20886654478976235,0.14580152671755728,0.17884322678843229,0.30434782608695654,0.3684210526315788,0.21,0.12,0.19,0.25,0.3,0.14,0.16,0.2,0.26,0.23,0.31,0.43,0.22,0.28,0.51,0.15
46,Jaylen Brown,BOS,SF,0.5959595959595959,0.6302640970735187,0.330806954971021,0.4230769230769233,0.4487179487179487,0.2554844606946984,0.44580152671755724,0.23896499238964997,0.45935727788279773,0.4736842105263159,0.54,0.38,0.45,0.46,0.46,0.26,0.34,0.2,0.33,0.28,0.12,0.43,0.11,0.37,0.37,0.47
47,Sterling Brown,MIL,SF,0.20875420875420875,0.25196288365453245,0.17521176995095852,0.26923076923076933,0.6153846153846153,0.3176416819012798,0.21832061068702294,0.16894977168949774,0.2457466918714556,0.4210526315789476,0.33,0.36,0.46,0.21,0.23,0.09,0.08,0.18,0.44,0.34,0.16,0.38,0.14,0.26,0.35,0.24
48,Troy Brown,WAS,SG,0.06397306397306397,0.4321912919343326,0.29647793134195277,0.2307692307692308,0.37179487179487175,0.3555758683729434,0.2893129770992366,0.22298325722983262,0.18147448015122872,0.4736842105263159,0.43,0.24,0.3,0.39,0.44,0.2,0.2,0.27,0.43,0.38,0.3,0.62,0.06,0.26,0.27,0.31
49,Jalen Brunson,DAL,PG,0.09427609427609428,0.4086366880799429,0.3473027195720018,0.3846153846153848,0.41025641025641024,0.12340036563071301,0.3820610687022901,0.27701674277016747,0.17391304347826086,0.21052631578947353,0.48,0.28,0.36,0.45,0.46,0.19,0.21,0.1,0.2,0.14,0.52,0.29,0.06,0.37,0.25,0.39
50,Thomas Bryant,WAS,C,0.10437710437710437,0.41970021413276226,0.6174765938475257,0.730769230769231,0.30769230769230765,0.5617001828153566,0.3129770992366412,0.4185692541856926,0.20604914933837432,0.6842105263157894,0.44,0.18,0.23,0.68,0.52,0.26,0.29,0.51,0.61,0.59,0.19,0.19,0.44,0.26,0.35,0.49
51,Reggie Bullock,NYK,SG,0.40404040404040403,0.5256959314775159,0.2532322781988408,0.4615384615384614,0.7307692307692307,0.11060329067641685,0.1916030534351145,0.2579908675799087,0.17013232514177695,0.4736842105263159,0.35,0.5,0.55,0.15,0.19,0.09,0.06,0.08,0.16,0.11,0.16,0.29,0.06,0.14,0.12,0.29
52,Trey Burke,DAL,PG,0.49158249158249157,0.33868665239114915,0.4083816317432011,0.3076923076923078,0.41025641025641024,0.050731261425959774,0.5118320610687023,0.22222222222222224,0.11531190926275992,0.15789473684210528,0.68,0.4,0.47,0.51,0.59,0.19,0.2,0.08,0.09,0.06,0.48,0.33,0.06,0.35,0.16,0.5
53,Alec Burks,PHI,SG,0.5555555555555556,0.4450392576730906,0.34685688809629966,0.3076923076923078,0.4358974358974359,0.26599634369287023,0.4778625954198473,0.20167427701674281,0.1833648393194707,0.4736842105263159,0.55,0.38,0.43,0.37,0.49,0.41,0.42,0.14,0.35,0.27,0.25,0.43,0.08,0.33,0.25,0.46
54,Jimmy Butler,MIA,SF,0.7508417508417509,0.9639543183440398,0.7525635309852875,0.4999999999999999,0.25641025641025644,0.24177330895795252,0.5729007633587787,0.6841704718417048,0.5141776937618148,0.5263157894736841,0.6,0.2,0.26,0.6,0.67,0.7,0.71,0.27,0.26,0.26,0.44,0.71,0.14,0.33,0.04,0.61
55,Kentavious Caldwell-Pope,LAL,SG,0.9259259259259259,0.7869379014989292,0.2924654480606331,0.3846153846153848,0.6282051282051282,0.11014625228519198,0.2984732824427481,0.33409436834094375,0.45746691871455575,0.4210526315789476,0.43,0.42,0.51,0.26,0.28,0.22,0.21,0.12,0.17,0.13,0.15,0.52,0.06,0.19,0.14,0.35
56,Clint Capela,HOU,C,0.7407407407407407,0.642755174875089,0.7061970575122604,0.6538461538461539,0.0,0.7641681901279708,0.32061068702290074,0.5197869101978692,0.5330812854442345,0.6842105263157894,0.38,0.0,0.0,0.77,0.64,0.23,0.36,0.86,0.72,0.79,0.06,0.29,0.56,0.3,0.41,0.44
57,DeMarre Carroll,HOU,SF-PF,0.5387205387205387,0.6231263383297644,0.28176549264378065,0.3076923076923078,0.6666666666666666,0.303473491773309,0.3091603053435115,0.27473363774733645,0.32136105860113423,0.4736842105263159,0.4,0.44,0.54,0.19,0.25,0.28,0.31,0.25,0.36,0.32,0.12,0.43,0.11,0.21,0.27,0.34
58,Vince Carter,ATL,SF,0.7575757575757576,0.3501070663811563,0.22514489522960324,0.3076923076923078,0.782051282051282,0.19378427787934188,0.25190839694656497,0.22298325722983262,0.20982986767485823,0.4736842105263159,0.36,0.5,0.59,0.1,0.17,0.15,0.13,0.12,0.27,0.21,0.16,0.43,0.22,0.16,0.41,0.27
59,Michael Carter-Williams,ORL,SG,0.4107744107744108,0.4139900071377587,0.3013820775746768,0.1153846153846153,0.28205128205128205,0.2655393053016454,0.37519083969465644,0.14535768645357688,0.24196597353497165,0.4210526315789476,0.39,0.1,0.2,0.37,0.49,0.3,0.31,0.24,0.32,0.28,0.49,0.71,0.31,0.51,0.49,0.27
60,Alex Caruso,LAL,PG,0.08080808080808081,0.333690221270521,0.21711992866696395,0.3076923076923078,0.48717948717948717,0.113345521023766,0.18740458015267178,0.18417047184170474,0.24763705103969755,0.4210526315789476,0.23,0.24,0.3,0.19,0.25,0.22,0.24,0.12,0.17,0.13,0.38,0.71,0.17,0.4,0.35,0.22
61,Willie Cauley-Stein,DAL,C,0.8316498316498316,0.5285510349750178,0.49308961212661606,0.4615384615384614,0.01282051282051282,0.507312614259598,0.30267175572519084,0.32191780821917815,0.37240075614366736,0.7894736842105264,0.38,0.0,0.02,0.65,0.63,0.23,0.31,0.51,0.52,0.52,0.19,0.52,0.33,0.23,0.45,0.35
62,Tyson Chandler,HOU,C,0.46464646464646464,0.45860099928622405,0.34908604547481054,0.7692307692307694,0.0,0.7248628884826326,0.026335877862595402,0.2884322678843227,0.22684310018903595,0.7894736842105264,0.03,0.0,0.0,0.32,0.26,0.22,0.27,0.75,0.75,0.77,0.06,0.24,0.22,0.3,0.45,0.14
63,Wilson Chandler,BRK,SF,0.43434343434343436,0.6884368308351176,0.22692822113241196,0.3461538461538463,0.5897435897435898,0.3126142595978062,0.2404580152671756,0.27245053272450537,0.20982986767485823,0.5789473684210523,0.37,0.34,0.42,0.29,0.3,0.14,0.13,0.24,0.37,0.32,0.16,0.24,0.14,0.23,0.31,0.29
64,Marquese Chriss,GSW,PF,0.5185185185185185,0.3832976445396145,0.3107445385644227,0.3076923076923078,0.41025641025641024,0.4675502742230348,0.365648854961832,0.18264840182648404,0.2514177693761815,0.6315789473684211,0.41,0.22,0.34,0.42,0.42,0.26,0.33,0.43,0.5,0.48,0.13,0.48,0.42,0.44,0.67,0.35
65,Jordan Clarkson,UTA,SG,0.9831649831649831,0.6655960028551033,0.4293357111012038,0.3461538461538463,0.4615384615384615,0.12431444241316272,0.5965648854961831,0.2549467275494673,0.1058601134215501,0.3684210526315788,0.74,0.42,0.54,0.55,0.6,0.25,0.24,0.18,0.15,0.14,0.26,0.43,0.03,0.4,0.14,0.56
66,John Collins,ATL,PF,0.24915824915824916,0.7005710206995004,0.6593847525635309,0.6923076923076924,0.20512820512820512,0.6087751371115175,0.433969465648855,0.46803652968036535,0.29678638941398866,0.6315789473684211,0.56,0.18,0.22,0.77,0.65,0.34,0.37,0.69,0.58,0.63,0.13,0.24,0.39,0.4,0.49,0.58
67,Zach Collins,POR,PF,0.1750841750841751,0.31477516059957167,0.2113241194828355,0.26923076923076933,0.4358974358974359,0.39442413162705675,0.23396946564885493,0.19101978691019791,0.26654064272211725,0.7368421052631576,0.29,0.2,0.29,0.27,0.32,0.15,0.17,0.45,0.42,0.42,0.12,0.14,0.39,0.37,0.61,0.23
68,Mike Conley,UTA,PG,0.5117845117845118,0.833690221270521,0.6188140882746321,0.4230769230769233,0.5,0.09917733089579527,0.5893129770992367,0.525875190258752,0.3534971644612477,0.21052631578947353,0.64,0.48,0.54,0.42,0.5,0.48,0.48,0.08,0.15,0.1,0.6,0.52,0.08,0.37,0.14,0.58
69,Pat Connaughton,MIL,SG,0.6094276094276094,0.2526766595289079,0.2050824788230049,0.3461538461538463,0.6666666666666666,0.2650822669104205,0.1541984732824427,0.24048706240487067,0.27788279773156904,0.4210526315789476,0.24,0.36,0.43,0.18,0.16,0.07,0.05,0.24,0.34,0.3,0.24,0.19,0.19,0.14,0.22,0.2
70,Quinn Cook,LAL,PG,0.21212121212121213,0.23090649536045674,0.27730717788675885,0.4230769230769233,0.5512820512820512,0.13208409506398539,0.38778625954198476,0.20700152207001526,0.12854442344045366,0.21052631578947353,0.54,0.48,0.52,0.37,0.4,0.05,0.04,0.1,0.2,0.15,0.35,0.19,0.0,0.33,0.29,0.41
71,Robert Covington,HOU,PF-C,0.7306397306397306,0.7983583154889363,0.32322781988408383,0.3846153846153848,0.8205128205128205,0.3240402193784278,0.3305343511450382,0.2001522070015221,0.5274102079395085,0.5263157894736841,0.42,0.56,0.68,0.14,0.16,0.2,0.2,0.16,0.43,0.34,0.1,0.81,0.33,0.35,0.45,0.35
72,Allen Crabbe,MIN,SG,0.7171717171717171,0.6363311920057101,0.21266161390994204,0.4230769230769233,0.7051282051282052,0.13025594149908593,0.249618320610687,0.3089802130898022,0.21550094517958415,0.4210526315789476,0.39,0.48,0.57,0.16,0.21,0.15,0.13,0.04,0.22,0.14,0.09,0.24,0.11,0.14,0.31,0.32
73,Torrey Craig,DEN,SF,0.2356902356902357,0.3561741613133475,0.19928666963887653,0.3846153846153848,0.641025641025641,0.2989031078610604,0.10267175572519083,0.24277016742770172,0.23440453686200377,0.5263157894736841,0.2,0.28,0.37,0.18,0.15,0.08,0.09,0.37,0.27,0.31,0.08,0.24,0.33,0.12,0.57,0.17
74,Jamal Crawford,BRK,SG,0.6868686868686869,0.5256959314775159,0.3053945608559964,0.26923076923076933,0.5128205128205129,0.0018281535648994533,0.5148854961832061,0.22526636225266364,0.17769376181474478,0.4210526315789476,0.6,0.4,0.52,0.39,0.47,0.32,0.29,0.02,0.05,0.01,0.36,0.29,0.08,0.4,0.12,0.45
75,Jae Crowder,MIA,SF,0.9023569023569024,0.730549607423269,0.31966116807846634,0.4230769230769233,0.7307692307692307,0.26005484460694706,0.30038167938931304,0.31963470319634707,0.43856332703213613,0.4736842105263159,0.4,0.48,0.58,0.2,0.21,0.25,0.25,0.16,0.36,0.28,0.15,0.52,0.14,0.21,0.27,0.35
76,Seth Curry,DAL,SG,0.5050505050505051,0.49785867237687365,0.35978600089166296,0.6153846153846154,0.6538461538461539,0.05850091407678244,0.3183206106870229,0.3378995433789954,0.20226843100189038,0.26315789473684237,0.43,0.58,0.56,0.24,0.27,0.15,0.13,0.06,0.12,0.08,0.23,0.38,0.06,0.26,0.2,0.41
77,Stephen Curry,GSW,PG,0.6094276094276094,0.8815132048536759,0.9424877396344182,0.7692307692307694,0.7307692307692307,0.21755027422303475,0.818320610687023,0.8706240487062405,0.6219281663516069,0.31578947368421056,0.92,1.0,1.0,0.48,0.44,0.5,0.47,0.14,0.3,0.23,0.62,0.71,0.06,0.63,0.2,0.93
78,Troy Daniels,DEN,SG,0.622895622895623,0.25981441827266233,0.20374498439589836,0.4230769230769233,0.9358974358974358,0.07038391224862892,0.34312977099236636,0.2092846270928463,0.07939508506616258,0.3684210526315788,0.51,0.76,0.87,0.06,0.11,0.09,0.08,0.06,0.12,0.08,0.07,0.19,0.06,0.21,0.29,0.39
79,Anthony Davis,LAL,PF,0.7643097643097643,0.9475374732334048,0.9754792688363798,0.5384615384615384,0.15384615384615383,0.600091407678245,0.7877862595419848,0.6560121765601218,0.8052930056710774,0.6842105263157894,0.87,0.16,0.21,1.0,1.0,0.72,0.76,0.45,0.7,0.62,0.21,0.52,0.67,0.4,0.2,0.84
80,Ed Davis,UTA,C,0.7138047138047138,0.33832976445396135,0.4342398573339278,0.5769230769230769,0.0,0.7975319926873857,0.09503816793893131,0.37062404870624055,0.3988657844990548,0.6315789473684211,0.11,0.0,0.0,0.39,0.34,0.22,0.3,0.9,0.76,0.83,0.07,0.33,0.33,0.26,0.75,0.18
81,Dewayne Dedmon,ATL,C,0.6801346801346801,0.3911491791577444,0.41150245207311636,0.5384615384615384,0.2692307692307692,0.6691042047531994,0.2267175572519084,0.27549467275494677,0.3667296786389414,0.7894736842105264,0.3,0.18,0.24,0.41,0.35,0.17,0.18,0.51,0.73,0.67,0.1,0.38,0.47,0.35,0.67,0.29
82,Matthew Dellavedova,CLE,PG,0.6498316498316499,0.4411134903640257,0.16852429781542583,0.1923076923076923,0.6153846153846153,0.0617001828153565,0.21717557251908395,0.21765601217656017,0.14744801512287334,0.31578947368421056,0.24,0.3,0.39,0.12,0.2,0.12,0.09,0.06,0.11,0.07,0.65,0.29,0.0,0.44,0.37,0.17
83,DeMar DeRozan,SAS,SF,0.9259259259259259,0.9350463954318344,0.6946054391440036,0.4230769230769233,0.11538461538461538,0.2029250457038391,0.7618320610687024,0.6248097412480975,0.45935727788279773,0.4736842105263159,0.81,0.1,0.16,0.88,0.97,0.68,0.69,0.12,0.27,0.21,0.46,0.38,0.08,0.47,0.16,0.72
84,Cheick Diallo,PHO,C,0.26262626262626265,0.11848679514632406,0.49487293802942495,0.730769230769231,0.01282051282051282,0.6759597806215722,0.283587786259542,0.23896499238964997,0.17391304347826086,0.5789473684210523,0.35,0.0,0.0,0.69,0.6,0.24,0.27,0.55,0.79,0.72,0.05,0.29,0.33,0.3,0.61,0.39
85,Gorgui Dieng,MEM,C,0.9427609427609428,0.4696645253390434,0.45742309407044146,0.4615384615384614,0.1923076923076923,0.5507312614259599,0.27175572519083974,0.3249619482496195,0.3516068052930057,0.6842105263157894,0.29,0.1,0.13,0.44,0.45,0.25,0.25,0.47,0.54,0.52,0.16,0.57,0.42,0.3,0.47,0.29
86,Spencer Dinwiddie,BRK,SG,0.6094276094276094,0.6630977872947893,0.424877396344182,0.3846153846153848,0.5384615384615384,0.09872029250457041,0.47633587786259546,0.4018264840182649,0.2627599243856333,0.4210526315789476,0.55,0.4,0.53,0.36,0.4,0.49,0.54,0.1,0.17,0.12,0.64,0.29,0.11,0.47,0.35,0.5
87,Luka Doncic,DAL,PG,0.10437710437710437,0.8625981441827266,0.773071778867588,0.4230769230769233,0.5512820512820512,0.4684643510054845,0.9057251908396947,0.47336377473363783,0.5047258979206048,0.5263157894736841,0.92,0.54,0.76,0.62,0.62,0.69,0.81,0.22,0.63,0.5,0.75,0.38,0.08,0.86,0.2,0.84
88,Damyean Dotson,NYK,SG,0.21212121212121213,0.4079229122055673,0.2278198840838163,0.3076923076923078,0.6282051282051282,0.17276051188299818,0.282824427480916,0.20243531202435314,0.13043478260869565,0.4210526315789476,0.44,0.46,0.55,0.24,0.28,0.11,0.1,0.06,0.25,0.18,0.19,0.38,0.06,0.19,0.18,0.32
89,Goran Dragic,MIA,PG,0.7171717171717171,0.8076374018558172,0.4814979937583594,0.3846153846153848,0.3974358974358974,0.1380255941499086,0.583969465648855,0.37899543378995443,0.4026465028355387,0.31578947368421056,0.62,0.34,0.41,0.52,0.58,0.34,0.37,0.12,0.19,0.15,0.56,0.33,0.06,0.56,0.29,0.52
90,Andre Drummond,CLE,C,0.9225589225589226,0.851891506067095,0.7195720017833259,0.3076923076923078,0.02564102564102564,1.0,0.5152671755725191,0.36073059360730597,1.0,0.6842105263157894,0.52,0.0,0.03,0.77,0.76,0.3,0.54,1.0,0.95,1.0,0.13,0.71,0.47,0.51,0.41,0.46
91,Jared Dudley,LAL,SF,0.6565656565656566,0.37972876516773724,0.16495764600980833,0.4615384615384614,0.7692307692307692,0.190127970749543,0.06488549618320608,0.2503805175038052,0.223062381852552,0.4736842105263159,0.14,0.34,0.39,0.1,0.09,0.09,0.09,0.1,0.27,0.2,0.24,0.38,0.11,0.23,0.45,0.16
92,Kris Dunn,CHI,PG,0.4208754208754209,0.5585296216987865,0.24119482835488187,0.07692307692307679,0.30769230769230765,0.18555758683729437,0.31412213740458017,0.10806697108066972,0.31568998109640833,0.31578947368421056,0.4,0.18,0.23,0.37,0.48,0.11,0.13,0.08,0.28,0.19,0.57,0.9,0.17,0.51,0.59,0.25
93,Joel Embiid,PHI,C,0.3602693602693603,0.7769450392576731,0.8399465002229157,0.4999999999999999,0.2692307692307692,0.762797074954296,0.9148854961832062,0.393455098934551,0.6219281663516069,0.7894736842105264,0.89,0.26,0.37,0.89,0.89,0.89,0.96,0.51,0.9,0.79,0.31,0.29,0.58,0.84,0.51,0.89
94,James Ennis,ORL,SF,0.6161616161616161,0.43361884368308345,0.2532322781988408,0.4615384615384614,0.5769230769230769,0.2541133455210238,0.17519083969465649,0.23592085235920854,0.17958412098298676,0.4736842105263159,0.22,0.28,0.37,0.21,0.19,0.2,0.2,0.29,0.24,0.25,0.09,0.33,0.14,0.21,0.47,0.23
95,Dante Exum,CLE,SG,0.18518518518518517,0.28515346181299067,0.18814088274632193,0.3076923076923078,0.4358974358974359,0.12934186471663622,0.34961832061068704,0.16666666666666669,0.17013232514177695,0.4210526315789476,0.36,0.22,0.32,0.32,0.36,0.26,0.27,0.14,0.17,0.14,0.35,0.29,0.11,0.49,0.45,0.29
96,Derrick Favors,NOP,C,0.7205387205387206,0.6320485367594575,0.6072224699063754,0.4999999999999999,0.07692307692307691,0.5886654478976234,0.37175572519083966,0.4185692541856926,0.5803402646502837,0.6315789473684211,0.43,0.02,0.06,0.7,0.64,0.25,0.32,0.65,0.51,0.58,0.11,0.38,0.44,0.26,0.31,0.41
97,Cristiano Felicio,CHI,PF,0.4444444444444444,0.22055674518201282,0.3695942933571111,0.5769230769230769,0.02564102564102564,0.53382084095064,0.12862595419847325,0.25570776255707767,0.14555765595463138,0.6842105263157894,0.14,0.0,0.02,0.41,0.36,0.22,0.26,0.73,0.45,0.54,0.1,0.19,0.14,0.23,0.43,0.2
98,Terrance Ferguson,OKC,SF,0.2996632996632997,0.42969307637401855,0.0,0.3076923076923078,0.9102564102564101,0.0,0.016793893129770972,0.20547945205479456,0.21550094517958415,0.4736842105263159,0.12,0.34,0.45,0.01,0.02,0.02,0.01,0.1,0.02,0.02,0.05,0.29,0.08,0.09,0.57,0.09
99,Yogi Ferrell,SAC,PG,0.494949494949495,0.41898643825838683,0.2759696834596522,0.3461538461538463,0.5769230769230769,0.0914076782449726,0.3076335877862595,0.24048706240487067,0.18147448015122872,0.15789473684210528,0.39,0.38,0.48,0.24,0.29,0.17,0.15,0.06,0.17,0.11,0.35,0.38,0.06,0.26,0.22,0.31
100,Dorian Finney-Smith,DAL,PF,0.5117845117845118,0.561741613133476,0.18279090503789566,0.3076923076923078,0.6923076923076923,0.26965265082266915,0.12824427480916029,0.25570776255707767,0.31379962192816635,0.5263157894736841,0.2,0.32,0.41,0.14,0.13,0.1,0.1,0.37,0.27,0.29,0.11,0.33,0.17,0.16,0.33,0.17
101,Bryn Forbes,SAS,SG,0.5353535353535354,0.46716630977872936,0.1836825679893001,0.3846153846153848,0.6923076923076923,0.053016453382084126,0.3,0.26027397260273977,0.19092627599243855,0.26315789473684237,0.43,0.54,0.59,0.2,0.24,0.11,0.09,0.02,0.13,0.08,0.19,0.19,0.0,0.16,0.22,0.35
102,Evan Fournier,ORL,SG,0.8383838383838383,0.8369022127052106,0.37851092287115473,0.4615384615384614,0.5384615384615384,0.06901279707495431,0.4881679389312977,0.33866057838660585,0.32892249527410206,0.5263157894736841,0.59,0.48,0.55,0.41,0.44,0.28,0.29,0.04,0.13,0.09,0.29,0.38,0.03,0.35,0.29,0.5
103,De'Aaron Fox,SAC,PG,0.3468013468013468,0.7715917201998571,0.46054391440035675,0.26923076923076933,0.2692307692307692,0.12065813528336382,0.6019083969465648,0.2595129375951294,0.3459357277882798,0.31578947368421056,0.64,0.22,0.29,0.62,0.7,0.41,0.5,0.08,0.18,0.13,0.67,0.67,0.14,0.63,0.31,0.53
104,Tim Frazier,DET,PG,0.5353535353535354,0.3172733761598857,0.23004904146232724,0.1538461538461538,0.41025641025641024,0.1640767824497258,0.20839694656488547,0.19939117199391174,0.15689981096408318,0.15789473684210528,0.22,0.2,0.25,0.22,0.29,0.18,0.19,0.16,0.21,0.18,0.77,0.52,0.06,0.51,0.45,0.17
105,Markelle Fultz,ORL,PG,0.010101010101010102,0.6009992862241255,0.3312527864467231,0.1538461538461538,0.1794871794871795,0.16727605118829986,0.44236641221374046,0.1879756468797565,0.30245746691871456,0.31578947368421056,0.53,0.12,0.17,0.59,0.66,0.19,0.24,0.16,0.21,0.18,0.6,0.62,0.08,0.47,0.31,0.36
106,Danilo Gallinari,OKC,PF,0.5555555555555556,0.8322626695217701,0.5755684351315203,0.6153846153846154,0.5641025641025641,0.263711151736746,0.49694656488549616,0.5624048706240488,0.25897920604914937,0.6842105263157894,0.56,0.5,0.55,0.34,0.4,0.66,0.62,0.12,0.37,0.28,0.2,0.24,0.08,0.23,0.08,0.61
107,Langston Galloway,DET,SG,0.8686868686868687,0.4682369735902926,0.24386981720909498,0.26923076923076933,0.717948717948718,0.11197440585009144,0.2782442748091603,0.26179604261796047,0.23251417769376181,0.21052631578947353,0.4,0.5,0.59,0.15,0.22,0.14,0.12,0.12,0.16,0.13,0.19,0.43,0.06,0.07,0.22,0.29
108,Marc Gasol,TOR,C,0.7407407407407407,0.8358315488936474,0.500222915737851,0.3461538461538463,0.34615384615384615,0.4195612431444242,0.4877862595419848,0.30745814307458147,0.502835538752363,0.7368421052631576,0.54,0.26,0.3,0.48,0.56,0.36,0.37,0.18,0.54,0.41,0.4,0.33,0.36,0.44,0.29,0.45
109,Rudy Gay,SAS,PF,0.6430976430976431,0.6566738044254103,0.4792688363798484,0.4230769230769233,0.3333333333333333,0.40904936014625237,0.5095419847328245,0.26864535768645365,0.3553875236294896,0.5789473684210523,0.6,0.26,0.34,0.57,0.62,0.32,0.31,0.27,0.49,0.41,0.21,0.48,0.22,0.42,0.27,0.5
110,Paul George,LAC,SF,0.8686868686868687,0.9461099214846537,0.6633972358448507,0.4999999999999999,0.5512820512820512,0.3075868372943328,0.7290076335877863,0.5197869101978692,0.7637051039697542,0.5789473684210523,0.81,0.62,0.7,0.49,0.56,0.53,0.53,0.14,0.42,0.33,0.32,0.76,0.11,0.58,0.29,0.73
111,Taj Gibson,NYK,C,0.8855218855218855,0.6067094932191291,0.4462773071778868,0.5384615384615384,0.05128205128205128,0.4542961608775138,0.2480916030534351,0.3949771689497717,0.3119092627599244,0.6315789473684211,0.32,0.02,0.03,0.59,0.55,0.2,0.22,0.59,0.4,0.47,0.08,0.24,0.28,0.23,0.39,0.31
112,Harry Giles,SAC,PF,0.006734006734006734,0.2016416845110635,0.4168524297815426,0.3846153846153848,0.01282051282051282,0.51691042047532,0.4729007633587787,0.18645357686453579,0.19092627599243855,0.7368421052631576,0.57,0.0,0.03,0.81,0.81,0.23,0.27,0.45,0.56,0.53,0.29,0.48,0.28,0.53,1.0,0.46
113,Shai Gilgeous-Alexander,OKC,SG,0.16835016835016836,0.771948608137045,0.4213107445385645,0.4230769230769233,0.28205128205128205,0.17687385740402198,0.4248091603053435,0.33028919330289197,0.4744801512287335,0.4210526315789476,0.5,0.22,0.27,0.52,0.56,0.35,0.37,0.12,0.27,0.2,0.33,0.52,0.19,0.37,0.18,0.45
114,Rudy Gobert,UTA,C,0.8249158249158249,0.8640256959314775,0.7097637093178779,0.8076923076923079,0.0,0.7993601462522851,0.2591603053435114,0.6453576864535769,0.935727788279773,0.8421052631578947,0.19,0.0,0.0,0.55,0.43,0.41,0.56,0.71,0.78,0.79,0.09,0.24,0.69,0.35,0.35,0.36
115,Aaron Gordon,ORL,PF,0.8552188552188552,0.7658815132048536,0.43156486847971465,0.3076923076923078,0.3974358974358974,0.4049360146252286,0.42175572519083976,0.30745814307458147,0.4555765595463138,0.5789473684210523,0.52,0.28,0.39,0.46,0.48,0.26,0.31,0.35,0.45,0.41,0.25,0.33,0.22,0.3,0.22,0.42
116,Eric Gordon,HOU,SF,0.6430976430976431,0.8037116345467523,0.32099866250557296,0.4230769230769233,0.8076923076923077,0.02787934186471663,0.4885496183206107,0.30974124809741255,0.23629489603024575,0.31578947368421056,0.62,0.7,0.84,0.22,0.25,0.25,0.25,0.02,0.08,0.05,0.19,0.24,0.14,0.3,0.18,0.51
117,Devonte' Graham,CHO,PG,0.02356902356902357,0.6366880799428978,0.3366027641551494,0.1923076923076923,0.7564102564102564,0.07266910420475321,0.4522900763358779,0.27168949771689505,0.14177693761814744,0.21052631578947353,0.57,0.62,0.77,0.15,0.25,0.3,0.29,0.1,0.12,0.09,0.68,0.38,0.08,0.49,0.12,0.44
118,Treveon Graham,ATL,SG,0.26262626262626265,0.26302640970735186,0.09228711547035222,0.2307692307692308,0.6282051282051282,0.17550274223034737,0.0984732824427481,0.18721461187214614,0.1058601134215501,0.4210526315789476,0.21,0.32,0.39,0.09,0.15,0.12,0.12,0.27,0.2,0.2,0.11,0.29,0.06,0.09,0.43,0.14
119,Jerami Grant,DEN,PF,0.9663299663299664,0.5856531049250533,0.3334819438252341,0.4615384615384614,0.41025641025641024,0.23400365630712985,0.23587786259541985,0.3439878234398782,0.4007561436672968,0.5789473684210523,0.31,0.22,0.3,0.35,0.33,0.3,0.36,0.24,0.27,0.25,0.07,0.29,0.44,0.19,0.37,0.32
120,Jerian Grant,WAS,PG,0.5959595959595959,0.3304782298358315,0.28354881854658937,0.26923076923076933,0.48717948717948717,0.10146252285191958,0.26717557251908397,0.23439878234398784,0.2173913043478261,0.3684210526315788,0.31,0.24,0.33,0.24,0.29,0.24,0.24,0.08,0.17,0.12,0.53,0.52,0.06,0.35,0.31,0.25
121,Danny Green,LAL,SG,0.8855218855218855,0.6263383297644538,0.23495318769505125,0.3846153846153848,0.8333333333333334,0.18829981718464356,0.1862595419847328,0.23135464231354644,0.6049149338374291,0.4736842105263159,0.28,0.5,0.57,0.06,0.11,0.05,0.02,0.12,0.25,0.19,0.15,0.52,0.31,0.21,0.24,0.22
122,Draymond Green,GSW,PF,0.7878787878787878,0.8440399714489649,0.44315648684797143,0.3461538461538463,0.48717948717948717,0.4433272394881171,0.25572519083969464,0.37366818873668195,0.7655954631379962,0.4736842105263159,0.24,0.22,0.31,0.25,0.25,0.2,0.23,0.22,0.58,0.46,0.73,0.71,0.36,0.58,0.33,0.22
123,JaMychal Green,LAC,PF,0.7946127946127947,0.511420413990007,0.34239857333927776,0.4230769230769233,0.4230769230769231,0.5530164533820842,0.28091603053435116,0.27473363774733645,0.34215500945179583,0.5789473684210523,0.32,0.26,0.3,0.34,0.36,0.19,0.21,0.55,0.55,0.54,0.09,0.29,0.17,0.33,0.59,0.29
124,Jeff Green,HOU,PF-C,0.8417508417508418,0.5706638115631691,0.31743201069995547,0.4230769230769233,0.4615384615384615,0.19652650822669107,0.36984732824427485,0.27473363774733645,0.17013232514177695,0.5789473684210523,0.44,0.3,0.39,0.39,0.4,0.33,0.32,0.16,0.25,0.21,0.13,0.29,0.17,0.26,0.27,0.4
125,Blake Griffin,DET,PF,0.4882154882154882,0.8979300499643112,0.6518056174765939,0.4230769230769233,0.3333333333333333,0.4012797074954297,0.7446564885496184,0.42922374429223753,0.3856332703213611,0.6315789473684211,0.77,0.32,0.41,0.7,0.74,0.56,0.62,0.25,0.49,0.41,0.48,0.19,0.11,0.58,0.25,0.69
126,Tim Hardaway,DAL,SG,0.7441077441077442,0.6912919343326194,0.36112349531876947,0.4230769230769233,0.6538461538461539,0.10511882998171848,0.4706106870229007,0.30974124809741255,0.2457466918714556,0.4210526315789476,0.63,0.54,0.68,0.35,0.38,0.31,0.3,0.06,0.19,0.13,0.21,0.29,0.03,0.23,0.16,0.51
127,James Harden,HOU,SG,0.9393939393939394,1.0,1.0,0.6153846153846154,0.641025641025641,0.28839122486288854,1.0,1.0,0.6597353497164462,0.4210526315789476,0.95,0.74,0.9,0.54,0.55,1.0,1.0,0.14,0.4,0.3,0.78,0.71,0.19,1.0,0.25,1.0
128,Maurice Harkless,NYK,SF,0.7878787878787878,0.5182012847965739,0.29112795363352656,0.4230769230769233,0.4358974358974359,0.25091407678244976,0.15725190839694653,0.2762557077625571,0.32892249527410206,0.5263157894736841,0.24,0.22,0.27,0.31,0.28,0.1,0.14,0.33,0.24,0.26,0.09,0.52,0.31,0.21,0.39,0.22
129,Montrezl Harrell,LAC,C,0.7272727272727273,0.436830835117773,0.7088720463664734,0.730769230769231,0.02564102564102564,0.4012797074954297,0.4645038167938931,0.47336377473363783,0.33648393194706994,0.5263157894736841,0.56,0.0,0.03,0.99,0.81,0.42,0.56,0.53,0.39,0.43,0.15,0.33,0.44,0.37,0.51,0.63
130,Gary Harris,DEN,SG,0.7104377104377104,0.8251249107780155,0.34106107891217124,0.4615384615384614,0.5128205128205129,0.06764168190127971,0.3232824427480916,0.3508371385083714,0.2570888468809074,0.3684210526315788,0.44,0.38,0.44,0.36,0.36,0.18,0.18,0.12,0.1,0.08,0.21,0.57,0.06,0.23,0.16,0.37
131,Joe Harris,BRK,SF,0.5993265993265994,0.6527480371163453,0.2875613018279091,0.6153846153846154,0.717948717948718,0.15996343692870205,0.28320610687022896,0.350076103500761,0.25897920604914937,0.4736842105263159,0.41,0.56,0.57,0.22,0.23,0.14,0.11,0.14,0.23,0.19,0.18,0.19,0.08,0.28,0.29,0.39
132,Tobias Harris,PHI,PF,0.9764309764309764,0.8807994289793004,0.48996879179670094,0.4615384615384614,0.3974358974358974,0.313528336380256,0.47862595419847326,0.3751902587519026,0.3818525519848771,0.5789473684210523,0.62,0.36,0.43,0.55,0.57,0.28,0.28,0.16,0.43,0.33,0.2,0.29,0.14,0.23,0.16,0.53
133,Shaquille Harrison,CHI,SF,0.12457912457912458,0.28122769450392576,0.386535889433794,0.26923076923076933,0.28205128205128205,0.24314442413162707,0.2893129770992366,0.17732115677321159,0.23629489603024575,0.5263157894736841,0.35,0.14,0.21,0.41,0.44,0.24,0.27,0.18,0.32,0.26,0.31,1.0,0.25,0.23,0.41,0.28
134,Josh Hart,NOP,SF,0.31313131313131315,0.5938615274803711,0.23049487293802942,0.4230769230769233,0.7564102564102564,0.293418647166362,0.16946564885496182,0.24505327245053277,0.34782608695652173,0.4210526315789476,0.28,0.42,0.52,0.12,0.13,0.15,0.15,0.16,0.42,0.32,0.13,0.48,0.17,0.19,0.31,0.25
135,Gordon Hayward,BOS,SF,0.5925925925925926,0.849036402569593,0.562639322336157,0.4999999999999999,0.4358974358974359,0.2541133455210238,0.5312977099236641,0.5235920852359209,0.55765595463138,0.5263157894736841,0.58,0.36,0.43,0.49,0.52,0.43,0.44,0.14,0.34,0.26,0.34,0.38,0.08,0.4,0.12,0.55
136,John Henson,DET,PF,0.48148148148148145,0.39650249821556033,0.47391885867142214,0.4615384615384614,0.08974358974358974,0.5246800731261426,0.2702290076335877,0.2732115677321157,0.28544423440453687,0.6315789473684211,0.28,0.04,0.04,0.52,0.5,0.19,0.27,0.53,0.49,0.51,0.15,0.29,0.69,0.3,0.59,0.28
137,Willy Hernangomez,CHO,C,0.3602693602693603,0.2044967880085653,0.6179224253232278,0.4999999999999999,0.11538461538461538,0.7600548446069469,0.4469465648854962,0.25875190258751907,0.19092627599243855,0.7368421052631576,0.45,0.04,0.09,0.68,0.65,0.36,0.44,0.88,0.71,0.79,0.19,0.33,0.28,0.53,0.51,0.45
138,Mario Hezonja,POR,PF,0.7676767676767676,0.35189150606709496,0.19081587160053506,0.2307692307692308,0.5256410256410255,0.24954296160877518,0.32786259541984736,0.13242009132420093,0.22684310018903595,0.5789473684210523,0.41,0.32,0.43,0.3,0.34,0.17,0.17,0.12,0.37,0.27,0.19,0.52,0.11,0.37,0.37,0.29
139,Buddy Hield,SAC,SG,0.7205387205387206,0.6788008565310493,0.4146232724030317,0.4230769230769233,0.641025641025641,0.21206581352833642,0.5606870229007634,0.29071537290715377,0.27032136105860116,0.3684210526315788,0.74,0.72,0.76,0.36,0.44,0.16,0.13,0.16,0.28,0.23,0.23,0.33,0.11,0.4,0.24,0.59
140,George Hill,MIL,PG,0.696969696969697,0.6677373304782298,0.3901025412394115,0.5384615384615384,0.5384615384615384,0.12385740402193787,0.27786259541984737,0.3554033485540335,0.3383742911153119,0.31578947368421056,0.34,0.36,0.4,0.27,0.29,0.22,0.23,0.14,0.17,0.14,0.35,0.43,0.08,0.26,0.22,0.34
141,Solomon Hill,MIA,SF,0.5117845117845118,0.44896502498215557,0.13865358894337937,0.26923076923076933,0.6794871794871795,0.2170932358318099,0.0984732824427481,0.19101978691019791,0.25897920604914937,0.4736842105263159,0.16,0.3,0.37,0.07,0.11,0.12,0.11,0.16,0.26,0.23,0.19,0.43,0.14,0.21,0.29,0.12
142,Aaron Holiday,IND,PG,0.04713804713804714,0.3875802997858672,0.2585822559072671,0.26923076923076933,0.5512820512820512,0.09095063985374771,0.39770992366412206,0.18036529680365299,0.26654064272211725,0.15789473684210528,0.48,0.4,0.48,0.27,0.37,0.17,0.16,0.04,0.16,0.1,0.44,0.48,0.11,0.35,0.31,0.34
143,Jrue Holiday,NOP,SG,0.8047138047138047,0.8915060670949322,0.5470352206865805,0.3846153846153848,0.3974358974358974,0.14579524680073128,0.5851145038167939,0.36681887366818877,0.4234404536862004,0.31578947368421056,0.69,0.34,0.43,0.6,0.63,0.26,0.28,0.14,0.2,0.17,0.67,0.62,0.19,0.58,0.22,0.54
144,Justin Holiday,IND,SG,0.8754208754208754,0.5895788722341185,0.2224699063753901,0.3076923076923078,0.7307692307692307,0.15447897623400367,0.24465648854961833,0.20243531202435314,0.29678638941398866,0.4736842105263159,0.35,0.46,0.56,0.12,0.18,0.12,0.13,0.08,0.24,0.17,0.14,0.62,0.19,0.21,0.2,0.27
145,Rondae Hollis-Jefferson,TOR,SF,0.6464646464646465,0.4989293361884367,0.38341506910387874,0.26923076923076933,0.11538461538461538,0.4465265082266911,0.36679389312977095,0.22298325722983262,0.37051039697542537,0.4736842105263159,0.41,0.04,0.1,0.5,0.58,0.4,0.45,0.43,0.5,0.47,0.24,0.52,0.22,0.37,0.37,0.35
146,Richaun Holmes,SAC,C,0.5656565656565656,0.36117059243397565,0.5648684797146679,0.6538461538461539,0.12820512820512822,0.49588665447897634,0.29694656488549626,0.33485540334855407,0.2438563327032136,0.6842105263157894,0.36,0.04,0.1,0.65,0.54,0.27,0.3,0.61,0.47,0.52,0.1,0.38,0.53,0.23,0.67,0.4
147,Rodney Hood,POR,SF,0.6363636363636364,0.7044967880085653,0.32322781988408383,0.3846153846153848,0.5512820512820512,0.10694698354661794,0.4301526717557252,0.27701674277016747,0.26654064272211725,0.5789473684210523,0.54,0.46,0.53,0.34,0.4,0.23,0.22,0.06,0.17,0.12,0.18,0.33,0.08,0.21,0.27,0.42
148,Al Horford,PHI,C,0.8585858585858586,0.8008565310492504,0.545697726259474,0.4615384615384614,0.3846153846153846,0.4031078610603291,0.3595419847328244,0.4642313546423136,0.6521739130434783,0.6315789473684211,0.48,0.28,0.34,0.49,0.47,0.12,0.13,0.33,0.47,0.41,0.43,0.29,0.39,0.28,0.18,0.39
149,Danuel House,HOU,SF,0.08080808080808081,0.6249107780157029,0.26125724476148016,0.4999999999999999,0.8076923076923077,0.22212065813528342,0.17213740458015267,0.27549467275494677,0.23251417769376181,0.4736842105263159,0.28,0.46,0.57,0.12,0.11,0.15,0.15,0.18,0.27,0.21,0.09,0.38,0.14,0.14,0.24,0.27
150,Dwight Howard,LAL,C,0.6801346801346801,0.6866523911491792,0.6139099420419082,0.6538461538461539,0.01282051282051282,0.8327239488117002,0.36946564885496186,0.4003044140030442,0.671077504725898,0.6842105263157894,0.31,0.0,0.01,0.68,0.56,0.42,0.68,0.76,0.84,0.84,0.08,0.29,0.5,0.51,0.51,0.43
151,Kevin Huerter,ATL,SG,0.09764309764309764,0.7287651677373305,0.21266161390994204,0.3076923076923078,0.6923076923076923,0.1403107861060329,0.25343511450381684,0.22298325722983262,0.14366729678638943,0.5263157894736841,0.41,0.5,0.56,0.18,0.23,0.07,0.05,0.14,0.2,0.17,0.35,0.38,0.14,0.33,0.25,0.29
152,Serge Ibaka,TOR,C,0.8754208754208754,0.7273376159885796,0.4543022737405261,0.4615384615384614,0.358974358974359,0.46023765996343696,0.4229007633587786,0.3181126331811263,0.5236294896030246,0.7894736842105264,0.56,0.28,0.35,0.57,0.56,0.16,0.16,0.37,0.51,0.47,0.05,0.14,0.47,0.33,0.41,0.45
153,Andre Iguodala,MIA,SG,0.6464646464646465,0.5831548893647392,0.2978154257690593,0.4615384615384614,0.5512820512820512,0.2280621572212066,0.06603053435114506,0.34779299847793005,0.4007561436672968,0.4736842105263159,0.11,0.2,0.28,0.19,0.15,0.1,0.11,0.16,0.29,0.24,0.42,0.48,0.25,0.21,0.16,0.14
154,Ersan Ilyasova,MIL,PF,0.8518518518518519,0.4925053533190577,0.3624609897458761,0.3846153846153848,0.5384615384615384,0.4291590493601463,0.334351145038168,0.25875190258751907,0.28544423440453687,0.6315789473684211,0.47,0.38,0.48,0.32,0.36,0.22,0.25,0.43,0.45,0.44,0.11,0.33,0.14,0.26,0.45,0.38
155,Joe Ingles,UTA,SF,1.0,0.6302640970735187,0.2987070887204637,0.5769230769230769,0.8333333333333334,0.17230347349177333,0.21106870229007632,0.34094368340943687,0.5482041587901701,0.5263157894736841,0.26,0.5,0.54,0.09,0.11,0.08,0.08,0.04,0.26,0.18,0.47,0.52,0.08,0.42,0.24,0.25
156,Brandon Ingram,NOP,PF,0.5050505050505051,0.8408279800142755,0.32813196611680784,0.3076923076923078,0.2948717948717949,0.21983546617915908,0.47748091603053444,0.22526636225266364,0.27788279773156904,0.5263157894736841,0.56,0.24,0.3,0.55,0.6,0.39,0.45,0.14,0.31,0.25,0.3,0.24,0.19,0.49,0.29,0.49
157,Kyrie Irving,BRK,PG,0.5723905723905723,0.8715203426124196,0.7784217565760143,0.4999999999999999,0.4230769230769231,0.12934186471663622,0.7927480916030535,0.5898021308980214,0.41587901701323254,0.26315789473684237,0.91,0.52,0.58,0.74,0.75,0.42,0.39,0.14,0.18,0.14,0.58,0.48,0.11,0.51,0.2,0.79
158,Jonathan Isaac,ORL,SF,0.11447811447811448,0.6127765881513205,0.3348194382523406,0.3076923076923078,0.47435897435897434,0.3537477148080439,0.2625954198473282,0.2001522070015221,0.46124763705103966,0.7368421052631576,0.36,0.28,0.37,0.3,0.33,0.19,0.18,0.31,0.43,0.37,0.08,0.57,0.58,0.23,0.27,0.28
159,Frank Jackson,NOP,PG,0.06060606060606061,0.2758743754461098,0.14801604993312528,0.2307692307692308,0.5256410256410255,0.09917733089579527,0.38816793893129764,0.1560121765601218,0.08506616257088846,0.31578947368421056,0.55,0.36,0.5,0.39,0.44,0.19,0.2,0.14,0.16,0.13,0.18,0.29,0.0,0.3,0.33,0.39
160,Jaren Jackson,MEM,C,0.04377104377104377,0.6648822269807281,0.4645563976816764,0.5384615384615384,0.4615384615384615,0.2641681901279708,0.5240458015267175,0.26636225266362257,0.39697542533081287,0.7368421052631576,0.62,0.44,0.5,0.52,0.5,0.34,0.38,0.25,0.3,0.28,0.09,0.38,0.56,0.4,0.73,0.57
161,Josh Jackson,MEM,SG,0.2558922558922559,0.5588865096359742,0.2505572893446278,0.1538461538461538,0.358974358974359,0.2765082266910421,0.5729007633587787,0.0,0.22117202268431005,0.5789473684210523,0.66,0.26,0.37,0.55,0.66,0.31,0.38,0.25,0.33,0.3,0.22,0.57,0.25,0.53,0.49,0.46
162,Justin Jackson,DAL,PF,0.3771043771043771,0.3857958600999286,0.18814088274632193,0.3076923076923078,0.6153846153846153,0.16681901279707495,0.18969465648854963,0.2123287671232877,0.11909262759924386,0.5263157894736841,0.32,0.34,0.45,0.24,0.23,0.09,0.09,0.14,0.23,0.19,0.11,0.19,0.11,0.05,0.16,0.24
163,Reggie Jackson,LAC,PG,0.6296296296296297,0.6891506067094932,0.4614355773517611,0.3076923076923078,0.4358974358974359,0.08729433272394885,0.6354961832061068,0.3554033485540335,0.29111531190926276,0.31578947368421056,0.73,0.42,0.5,0.52,0.62,0.36,0.34,0.12,0.13,0.1,0.61,0.29,0.03,0.53,0.31,0.57
164,LeBron James,LAL,PG,0.8484848484848485,0.9800142755174874,0.9384752563530986,0.5769230769230769,0.3333333333333333,0.40904936014625237,0.8221374045801526,0.8112633181126333,0.6370510396975425,0.6315789473684211,0.84,0.34,0.43,0.89,0.79,0.5,0.6,0.2,0.53,0.42,0.81,0.48,0.19,0.77,0.08,0.81
165,James Johnson,MIN,PF,0.6430976430976431,0.5117773019271947,0.36647347302719574,0.3846153846153848,0.4358974358974359,0.2641681901279708,0.3553435114503816,0.2442922374429224,0.4064272211720227,0.5263157894736841,0.4,0.26,0.34,0.41,0.38,0.19,0.24,0.18,0.34,0.28,0.38,0.48,0.36,0.51,0.43,0.35
166,Stanley Johnson,TOR,PF,0.7003367003367004,0.41755888650963596,0.12215782434239858,0.038461538461538505,0.5256410256410255,0.24588665447897629,0.31641221374045797,0.08828006088280063,0.33648393194706994,0.4736842105263159,0.38,0.28,0.42,0.24,0.31,0.15,0.15,0.14,0.32,0.24,0.19,0.62,0.11,0.37,0.39,0.22
167,Tyler Johnson,BRK,SG,0.5892255892255892,0.6359743040685224,0.3272403031654035,0.3461538461538463,0.5256410256410255,0.14488117001828155,0.3511450381679389,0.27777777777777785,0.33459357277882795,0.31578947368421056,0.44,0.36,0.43,0.3,0.36,0.24,0.25,0.12,0.21,0.15,0.29,0.43,0.19,0.26,0.25,0.35
168,Nikola Jokic,DEN,C,0.9393939393939394,0.726623840114204,0.8345965225144895,0.5769230769230769,0.2692307692307692,0.676873857404022,0.5583969465648855,0.678082191780822,0.5689981096408318,0.7894736842105264,0.62,0.22,0.3,0.74,0.66,0.39,0.39,0.59,0.7,0.68,0.63,0.52,0.25,0.6,0.41,0.6
169,Damian Jones,ATL,C,0.006734006734006734,0.19593147751605994,0.3272403031654035,0.8076923076923079,0.03846153846153846,0.36700182815356497,0.08473282442748094,0.26484018264840187,0.1058601134215501,0.7368421052631576,0.1,0.0,0.03,0.44,0.32,0.23,0.27,0.51,0.33,0.4,0.08,0.33,0.5,0.19,0.88,0.23
170,Derrick Jones,MIA,SF,0.23232323232323232,0.3836545324768022,0.3446277307177887,0.4999999999999999,0.37179487179487175,0.2783363802559415,0.16145038167938933,0.2732115677321157,0.25897920604914937,0.4736842105263159,0.24,0.14,0.24,0.35,0.3,0.24,0.27,0.43,0.25,0.3,0.06,0.48,0.31,0.09,0.45,0.25
171,Tyus Jones,MEM,PG,0.7070707070707071,0.33261955745895777,0.3571110120374498,0.26923076923076933,0.4358974358974359,0.058957952468007335,0.18549618320610686,0.2853881278538813,0.18714555765595464,0.15789473684210528,0.27,0.24,0.28,0.26,0.3,0.12,0.12,0.04,0.11,0.06,0.67,0.81,0.06,0.21,0.12,0.21
172,DeAndre Jordan,BRK,C,0.8686868686868687,0.769093504639543,0.644672313865359,0.8076923076923079,0.0,0.9355575868372943,0.2064885496183206,0.547945205479452,0.7107750472589792,0.7368421052631576,0.16,0.0,0.0,0.54,0.39,0.32,0.51,0.78,1.0,0.96,0.12,0.19,0.47,0.33,0.31,0.31
173,Cory Joseph,SAC,PG,0.98989898989899,0.5999286224125625,0.2501114578689255,0.1923076923076923,0.358974358974359,0.13848263254113347,0.21908396946564887,0.25722983257229837,0.3780718336483932,0.31578947368421056,0.28,0.16,0.23,0.29,0.35,0.12,0.12,0.1,0.18,0.14,0.42,0.48,0.08,0.28,0.2,0.2
174,Frank Kaminsky,PHO,C,0.7373737373737373,0.47287651677373294,0.35621934908604547,0.3076923076923078,0.5256410256410255,0.3075868372943328,0.40381679389312974,0.2541856925418569,0.29300567107750475,0.7894736842105264,0.5,0.4,0.49,0.34,0.39,0.26,0.3,0.22,0.38,0.31,0.2,0.24,0.19,0.23,0.24,0.4
175,Enes Kanter,BOS,C,0.835016835016835,0.47715917201998564,0.7770842621489077,0.6153846153846154,0.03846153846153846,0.8089579524680073,0.5148854961832061,0.4779299847792998,0.34782608695652173,0.6842105263157894,0.59,0.04,0.04,0.9,0.83,0.4,0.41,0.98,0.71,0.83,0.11,0.19,0.22,0.47,0.43,0.59
176,Luke Kennard,DET,SG,0.20875420875420875,0.5228408279800142,0.2893446277307178,0.4230769230769233,0.6153846153846153,0.14259597806215726,0.3179389312977099,0.25570776255707767,0.24007561436672967,0.4210526315789476,0.44,0.5,0.52,0.25,0.28,0.16,0.14,0.06,0.23,0.15,0.28,0.24,0.08,0.23,0.18,0.36
177,Michael Kidd-Gilchrist,DAL,SF-PF,0.5016835016835017,0.5249821556031405,0.294694605439144,0.3076923076923078,0.08974358974358974,0.35786106032906767,0.21412213740458014,0.29071537290715377,0.34782608695652173,0.4736842105263159,0.28,0.04,0.04,0.44,0.5,0.25,0.26,0.39,0.38,0.37,0.1,0.38,0.25,0.14,0.35,0.25
178,Maxi Kleber,DAL,C,0.3872053872053872,0.4475374732334047,0.33169861792242533,0.5384615384615384,0.6794871794871795,0.34552102376599636,0.1541984732824427,0.3234398782343988,0.31568998109640833,0.6842105263157894,0.25,0.38,0.46,0.18,0.15,0.12,0.11,0.39,0.37,0.37,0.1,0.19,0.47,0.16,0.39,0.24
179,Brandon Knight,DET,PG,0.22895622895622897,0.574589578872234,0.23941150245207315,0.1923076923076923,0.5641025641025641,0.08135283363802559,0.516793893129771,0.17884322678843229,0.08317580340264652,0.26315789473684237,0.64,0.44,0.56,0.39,0.49,0.3,0.29,0.08,0.14,0.1,0.39,0.33,0.08,0.56,0.24,0.46
180,Kevin Knox,NYK,SF,0.12794612794612795,0.5385438972162739,0.11502452073116362,0.07692307692307679,0.5641025641025641,0.21526508226691046,0.40267175572519087,0.05251141552511417,0.1720226843100189,0.5263157894736841,0.55,0.42,0.53,0.26,0.41,0.24,0.29,0.14,0.31,0.24,0.08,0.24,0.17,0.28,0.31,0.36
181,Furkan Korkmaz,PHI,SG,0.10774410774410774,0.3087080656673804,0.2224699063753901,0.3461538461538463,0.782051282051282,0.15722120658135283,0.32061068702290074,0.22754946727549472,0.20982986767485823,0.5263157894736841,0.46,0.62,0.7,0.15,0.2,0.18,0.17,0.08,0.24,0.16,0.14,0.33,0.06,0.16,0.25,0.38
182,Luke Kornet,CHI,C,0.0,0.2751605995717344,0.35176103432902367,0.3076923076923078,0.8205128205128205,0.2559414990859233,0.30114503816793897,0.1971080669710807,0.13043478260869565,0.8947368421052629,0.45,0.58,0.7,0.16,0.17,0.11,0.12,0.22,0.32,0.28,0.18,0.29,0.5,0.14,0.24,0.34
183,Kyle Korver,MIL,SF,0.8282828282828283,0.5139186295503212,0.24966562639322334,0.6153846153846154,0.923076923076923,0.11791590493601466,0.23053435114503815,0.2640791476407915,0.27977315689981097,0.5263157894736841,0.33,0.66,0.66,0.06,0.07,0.09,0.06,0.02,0.21,0.14,0.16,0.24,0.14,0.21,0.24,0.31
184,Rodions Kurucs,BRK,PF,0.026936026936026935,0.33297644539614557,0.18591172536781098,0.3846153846153848,0.5769230769230769,0.303473491773309,0.2732824427480916,0.16057838660578388,0.2457466918714556,0.6315789473684211,0.37,0.32,0.43,0.29,0.29,0.17,0.18,0.24,0.38,0.34,0.11,0.43,0.17,0.4,0.55,0.3
185,Kyle Kuzma,LAL,PF,0.3569023569023569,0.7619557458957887,0.3397235844850647,0.3461538461538463,0.5128205128205129,0.2819926873857404,0.5110687022900764,0.2351598173515982,0.4064272211720227,0.5789473684210523,0.66,0.44,0.57,0.49,0.5,0.26,0.29,0.2,0.38,0.31,0.16,0.19,0.14,0.4,0.24,0.53
186,Skal Labissiere,POR,C,0.15488215488215487,0.3169164882226981,0.4030316540347749,0.4230769230769233,0.14102564102564102,0.486745886654479,0.35190839694656484,0.20091324200913244,0.13610586011342155,0.6842105263157894,0.41,0.08,0.1,0.56,0.59,0.25,0.27,0.57,0.46,0.5,0.14,0.24,0.39,0.37,0.57,0.35
187,Jeremy Lamb,IND,SG,0.7777777777777778,0.5356887937187722,0.46856888096299604,0.3846153846153848,0.41025641025641024,0.31215722120658135,0.4751908396946565,0.3188736681887367,0.3553875236294896,0.4210526315789476,0.59,0.34,0.43,0.51,0.54,0.31,0.3,0.14,0.42,0.32,0.21,0.43,0.17,0.21,0.25,0.49
188,Zach LaVine,CHI,SG,0.5858585858585859,0.8493932905067809,0.47079803834150685,0.4230769230769233,0.4487179487179487,0.14305301645338211,0.6656488549618321,0.29528158295281587,0.2173913043478261,0.4736842105263159,0.76,0.46,0.54,0.56,0.62,0.4,0.41,0.08,0.22,0.15,0.34,0.38,0.08,0.56,0.24,0.64
189,Jake Layman,MIN,PF,0.20875420875420875,0.1788008565310492,0.15381185911725373,0.1538461538461538,0.5769230769230769,0.15447897623400367,0.2625954198473282,0.210806697108067,0.1379962192816635,0.5789473684210523,0.39,0.32,0.46,0.32,0.3,0.11,0.15,0.22,0.21,0.2,0.06,0.38,0.22,0.19,0.35,0.31
190,TJ Leaf,IND,PF,0.12457912457912458,0.0,0.347748551047704,0.3461538461538463,0.2948717948717949,0.42961608775137117,0.2805343511450382,0.20167427701674281,0.11153119092627599,0.6842105263157894,0.41,0.16,0.25,0.49,0.5,0.1,0.15,0.53,0.38,0.43,0.05,0.24,0.22,0.07,0.29,0.31
191,Courtney Lee,DAL,SG,0.632996632996633,0.6605995717344753,0.26526972804279986,0.4230769230769233,0.5,0.08729433272394885,0.2049618320610687,0.30365296803652975,0.1890359168241966,0.4210526315789476,0.32,0.32,0.35,0.26,0.3,0.14,0.11,0.06,0.14,0.1,0.19,0.48,0.11,0.16,0.12,0.26
192,Alex Len,SAC,C,0.8552188552188552,0.4221984296930763,0.4565314311190371,0.4230769230769233,0.12820512820512822,0.6389396709323585,0.3618320610687023,0.2656012176560122,0.26654064272211725,0.7894736842105264,0.4,0.1,0.12,0.54,0.56,0.34,0.43,0.73,0.62,0.66,0.11,0.19,0.44,0.42,0.65,0.39
193,Kawhi Leonard,LAC,SF,0.5723905723905723,0.8658101356174159,0.9206419973250111,0.6153846153846154,0.358974358974359,0.3450639853747715,0.7725190839694656,0.7009132420091325,0.8109640831758034,0.5263157894736841,0.86,0.42,0.47,0.77,0.78,0.66,0.64,0.22,0.44,0.35,0.32,0.81,0.22,0.4,0.1,0.83
194,Meyers Leonard,MIA,C,0.5993265993265994,0.29300499643112055,0.2831029870708872,0.5769230769230769,0.641025641025641,0.43601462522851925,0.21259541984732827,0.24353120243531207,0.18525519848771266,0.7894736842105264,0.31,0.42,0.46,0.21,0.21,0.09,0.07,0.22,0.55,0.44,0.16,0.05,0.11,0.23,0.65,0.27
195,Caris LeVert,BRK,SG,0.37373737373737376,0.6117059243397572,0.37137761925991974,0.3076923076923078,0.4615384615384615,0.18510054844606952,0.49694656488549616,0.20243531202435314,0.2684310018903592,0.4736842105263159,0.61,0.36,0.46,0.48,0.53,0.28,0.33,0.18,0.24,0.21,0.44,0.57,0.11,0.51,0.25,0.47
196,Damian Lillard,POR,PG,0.898989898989899,0.9825124910778015,0.8212215782434241,0.5384615384615384,0.5512820512820512,0.14396709323583182,0.7988549618320611,0.8721461187214612,0.3534971644612477,0.26315789473684237,0.88,0.64,0.74,0.55,0.6,0.68,0.64,0.1,0.22,0.17,0.63,0.33,0.11,0.53,0.1,0.83
197,Kevon Looney,GSW,C,0.4107744107744108,0.18843683083511772,0.4048149799375836,0.4999999999999999,0.07692307692307691,0.507312614259598,0.13511450381679385,0.3188736681887367,0.2514177693761815,0.6315789473684211,0.19,0.0,0.04,0.45,0.4,0.15,0.2,0.76,0.38,0.52,0.2,0.48,0.44,0.19,0.69,0.22
198,Brook Lopez,MIL,C,0.9057239057239057,0.7062812276945039,0.5202853321444495,0.4615384615384614,0.48717948717948717,0.28519195612431447,0.5076335877862596,0.3614916286149163,0.5425330812854442,0.7894736842105264,0.63,0.36,0.46,0.56,0.55,0.34,0.36,0.27,0.35,0.32,0.15,0.24,0.67,0.35,0.37,0.55
199,Robin Lopez,MIL,C,0.8922558922558923,0.5417558886509635,0.39144003566651814,0.4230769230769233,0.10256410256410256,0.34460694698354666,0.3225190839694656,0.29832572298325727,0.3119092627599244,0.7894736842105264,0.4,0.04,0.05,0.62,0.62,0.16,0.15,0.65,0.26,0.39,0.11,0.0,0.47,0.35,0.25,0.33
200,Kevin Love,CLE,PF,0.5791245791245792,0.7773019271948608,0.627730717788676,0.4999999999999999,0.6025641025641025,0.6864716636197441,0.5732824427480916,0.44901065449010663,0.4423440453686201,0.5789473684210523,0.62,0.54,0.63,0.35,0.41,0.48,0.46,0.37,0.81,0.68,0.21,0.24,0.14,0.44,0.2,0.58
201,Kyle Lowry,TOR,PG,0.7946127946127947,0.9493219129193433,0.6197057512260365,0.5384615384615384,0.717948717948718,0.1992687385740402,0.5133587786259541,0.634703196347032,0.6068052930056711,0.15789473684210528,0.52,0.6,0.66,0.25,0.28,0.44,0.44,0.1,0.28,0.21,0.68,0.57,0.11,0.56,0.27,0.52
202,Timothe Luwawu-Cabarrot,BRK,SG,0.39057239057239057,0.26730906495360457,0.10387873383860902,0.3076923076923078,0.6794871794871795,0.14808043875685556,0.2893129770992366,0.17503805175038056,0.13610586011342155,0.5263157894736841,0.37,0.4,0.52,0.18,0.23,0.27,0.25,0.14,0.22,0.17,0.11,0.29,0.06,0.3,0.61,0.3
203,Trey Lyles,SAS,PF,0.8383838383838383,0.3340471092077088,0.31297369594293356,0.3076923076923078,0.5256410256410255,0.43601462522851925,0.37824427480916034,0.21308980213089804,0.2835538752362949,0.6315789473684211,0.46,0.36,0.45,0.34,0.37,0.17,0.2,0.27,0.53,0.43,0.15,0.24,0.22,0.26,0.31,0.35
204,Ian Mahinmi,WAS,C,0.5016835016835017,0.3768736616702355,0.35755684351315203,0.4999999999999999,0.05128205128205128,0.5260511882998172,0.20687022900763358,0.25875190258751907,0.33081285444234404,0.7368421052631576,0.18,0.0,0.03,0.42,0.4,0.28,0.39,0.63,0.5,0.53,0.12,0.57,0.42,0.4,0.78,0.25
205,Thon Maker,DET,C,0.5151515151515151,0.1877230549607423,0.2813196611680785,0.3461538461538463,0.5256410256410255,0.3592321755027423,0.23435114503816798,0.19786910197869104,0.1720226843100189,0.7894736842105264,0.27,0.26,0.34,0.21,0.25,0.23,0.28,0.37,0.36,0.36,0.09,0.33,0.5,0.19,0.65,0.25
206,Boban Marjanovic,DAL,C,0.43097643097643096,0.038900785153461806,0.9170753455193937,0.730769230769231,0.02564102564102564,0.876599634369287,0.5950381679389313,0.25875190258751907,0.13988657844990549,1.0,0.58,0.0,0.03,0.92,0.83,0.6,0.68,0.98,0.83,0.88,0.12,0.19,0.42,0.49,0.61,0.68
207,Lauri Markkanen,CHI,PF,0.22895622895622897,0.7815845824411134,0.43468568880963,0.3846153846153848,0.6025641025641025,0.45383912248628894,0.4954198473282443,0.2640791476407915,0.31568998109640833,0.7894736842105264,0.62,0.52,0.63,0.37,0.41,0.32,0.29,0.25,0.57,0.47,0.08,0.24,0.19,0.3,0.16,0.51
208,Wesley Matthews,MIL,SG,0.835016835016835,0.8126338329764454,0.2064199732501115,0.3461538461538463,0.782051282051282,0.07221206581352836,0.2786259541984733,0.2442922374429224,0.3459357277882798,0.3684210526315788,0.38,0.5,0.6,0.12,0.17,0.16,0.16,0.06,0.15,0.08,0.19,0.33,0.06,0.19,0.2,0.29
209,Luc Mbah a Moute,HOU,PF,0.4074074074074074,0.4453961456102783,0.14177440927329468,0.3846153846153848,0.41025641025641024,0.12934186471663622,0.06183206106870226,0.2153729071537291,0.332703213610586,0.5789473684210523,0.11,0.18,0.23,0.19,0.19,0.1,0.13,0.16,0.16,0.14,0.03,0.57,0.19,0.16,0.24,0.13
210,Patrick McCaw,TOR,SF,0.30976430976430974,0.30585296216987856,0.08649130628622383,0.2307692307692308,0.5641025641025641,0.07769652650822673,0.06297709923664124,0.17199391171993916,0.20226843100189038,0.5263157894736841,0.12,0.2,0.29,0.12,0.15,0.06,0.04,0.08,0.12,0.08,0.23,0.57,0.11,0.19,0.22,0.09
211,CJ McCollum,POR,SG,0.9393939393939394,0.9493219129193433,0.5274186357556845,0.3846153846153848,0.4358974358974359,0.10374771480804389,0.6442748091603053,0.49391171993911726,0.3383742911153119,0.31578947368421056,0.82,0.5,0.55,0.61,0.7,0.26,0.25,0.1,0.17,0.12,0.32,0.29,0.11,0.35,0.22,0.65
212,TJ McConnell,IND,PG,0.9528619528619529,0.4553890078515346,0.3637984841729826,0.3076923076923078,0.15384615384615383,0.16956124314442417,0.22366412213740455,0.2534246575342466,0.3856332703213611,0.21052631578947353,0.27,0.06,0.1,0.41,0.44,0.06,0.04,0.12,0.24,0.18,0.74,0.81,0.08,0.51,0.2,0.19
213,Doug McDermott,IND,PF,0.9158249158249159,0.44039971448965015,0.2501114578689255,0.5384615384615384,0.5769230769230769,0.10786106032906764,0.27404580152671754,0.2823439878234399,0.16068052930056712,0.5263157894736841,0.41,0.44,0.48,0.29,0.3,0.14,0.11,0.1,0.17,0.12,0.08,0.0,0.06,0.12,0.24,0.35
214,JaVale McGee,LAL,C,0.7306397306397306,0.1973590292648108,0.7168970129291129,0.6923076923076924,0.02564102564102564,0.6499085923217551,0.3874045801526717,0.317351598173516,0.3648393194706995,0.7894736842105264,0.46,0.0,0.03,0.88,0.71,0.19,0.29,0.8,0.59,0.68,0.03,0.33,0.83,0.35,0.67,0.49
215,Rodney McGruder,LAC,SG,0.39057239057239057,0.45860099928622405,0.1283994650022292,0.2307692307692308,0.6153846153846153,0.1983546617915905,0.1194656488549618,0.2031963470319635,0.2835538752362949,0.3684210526315788,0.22,0.3,0.38,0.14,0.18,0.06,0.07,0.25,0.21,0.21,0.15,0.24,0.08,0.16,0.25,0.16
216,Alfonzo McKinnie,CLE,SF,0.08080808080808081,0.158458244111349,0.19393669193045027,0.3846153846153848,0.5512820512820512,0.37202925045703844,0.18664122137404582,0.20700152207001526,0.13610586011342155,0.5263157894736841,0.29,0.28,0.36,0.27,0.25,0.09,0.13,0.45,0.39,0.41,0.04,0.24,0.14,0.21,0.65,0.23
217,Ben McLemore,HOU,SG,0.5824915824915825,0.40328336902212697,0.1836825679893001,0.4230769230769233,0.6923076923076923,0.11243144424131629,0.3240458015267175,0.19101978691019791,0.1550094517958412,0.31578947368421056,0.41,0.5,0.58,0.2,0.24,0.15,0.16,0.1,0.16,0.12,0.09,0.38,0.11,0.3,0.47,0.34
218,Jordan McRae,DET,SG,0.0707070707070707,0.18344039971448958,0.3120820329915292,0.26923076923076933,0.41025641025641024,0.15219378427787938,0.4778625954198473,0.17123287671232879,0.054820415879017016,0.4210526315789476,0.62,0.36,0.43,0.45,0.56,0.35,0.38,0.12,0.26,0.18,0.31,0.33,0.14,0.3,0.33,0.48
219,De'Anthony Melton,MEM,PG,0.026936026936026935,0.3890078515346181,0.26437806509139544,0.1538461538461538,0.4615384615384615,0.24131627056672766,0.2912213740458015,0.13622526636225268,0.2627599243856333,0.26315789473684237,0.34,0.22,0.34,0.25,0.33,0.17,0.2,0.18,0.32,0.26,0.49,1.0,0.19,0.49,0.45,0.23
220,Khris Middleton,MIL,SF,0.7643097643097643,0.8811563169164883,0.5171645118145342,0.4999999999999999,0.4487179487179487,0.2253199268738575,0.566030534351145,0.44063926940639275,0.500945179584121,0.5263157894736841,0.65,0.44,0.49,0.51,0.56,0.38,0.35,0.08,0.34,0.24,0.38,0.52,0.06,0.47,0.27,0.57
221,CJ Miles,WAS,SG,0.5757575757575758,0.422555317630264,0.29514043691484626,0.3846153846153848,0.8461538461538461,0.136654478976234,0.41335877862595416,0.2625570776255708,0.27221172022684315,0.4736842105263159,0.56,0.7,0.84,0.15,0.19,0.2,0.19,0.06,0.21,0.14,0.07,0.38,0.14,0.16,0.37,0.45
222,Patty Mills,SAS,PG,0.9730639730639731,0.5049964311206281,0.3544360231832368,0.4615384615384614,0.7564102564102564,0.052102376599634376,0.36145038167938925,0.33637747336377477,0.3534971644612477,0.21052631578947353,0.46,0.6,0.66,0.18,0.21,0.15,0.13,0.06,0.1,0.06,0.38,0.38,0.06,0.28,0.2,0.38
223,Paul Millsap,DEN,PF,0.696969696969697,0.7615988579586008,0.5599643334819437,0.4230769230769233,0.3205128205128205,0.4638939670932359,0.4812977099236641,0.3805175038051751,0.6691871455576559,0.5263157894736841,0.52,0.24,0.3,0.52,0.57,0.42,0.47,0.43,0.49,0.48,0.26,0.62,0.36,0.42,0.39,0.48
224,Donovan Mitchell,UTA,SG,0.41414141414141414,0.8968593861527481,0.516718680338832,0.3461538461538463,0.47435897435897434,0.14396709323583182,0.7946564885496183,0.3059360730593607,0.6389413988657845,0.21052631578947353,0.91,0.52,0.63,0.64,0.72,0.41,0.42,0.1,0.19,0.16,0.37,0.52,0.08,0.56,0.27,0.73
225,Malik Monk,CHO,SG,0.2996632996632997,0.3044254104211277,0.2501114578689255,0.2307692307692308,0.6666666666666666,0.10100548446069472,0.5553435114503817,0.13774733637747338,0.1342155009451796,0.31578947368421056,0.68,0.54,0.75,0.34,0.4,0.23,0.21,0.08,0.17,0.13,0.3,0.24,0.11,0.42,0.25,0.48
226,E'Twaun Moore,NOP,SG,0.7441077441077442,0.5920770877944324,0.2585822559072671,0.3846153846153848,0.4358974358974359,0.07586837294332727,0.2881679389312977,0.26636225266362257,0.23251417769376181,0.31578947368421056,0.43,0.34,0.37,0.37,0.4,0.07,0.07,0.1,0.12,0.09,0.23,0.33,0.11,0.21,0.25,0.33
227,Marcus Morris,LAC,SF-PF,0.835016835016835,0.8022840827980012,0.33704859563085154,0.3461538461538463,0.5,0.26005484460694706,0.42022900763358784,0.30136986301369867,0.41965973534971646,0.5789473684210523,0.52,0.4,0.46,0.37,0.44,0.27,0.28,0.2,0.33,0.27,0.14,0.24,0.08,0.26,0.25,0.43
228,Markieff Morris,LAL,PF,0.7643097643097643,0.605638829407566,0.3004904146232724,0.3461538461538463,0.41025641025641024,0.3628884826325412,0.4225190839694657,0.2062404870624049,0.2835538752362949,0.5789473684210523,0.52,0.3,0.37,0.44,0.5,0.22,0.22,0.25,0.43,0.37,0.18,0.38,0.19,0.4,0.53,0.41
229,Monte Morris,DEN,PG,0.18855218855218855,0.511420413990007,0.4404814979937584,0.4615384615384614,0.3974358974358974,0.06764168190127971,0.28854961832061066,0.4284627092846271,0.29111531190926276,0.26315789473684237,0.45,0.32,0.34,0.42,0.44,0.12,0.11,0.08,0.12,0.08,0.49,0.48,0.06,0.14,0.06,0.36
230,Emmanuel Mudiay,UTA,PG,0.6666666666666666,0.5449678800856531,0.2670530539456086,0.1538461538461538,0.358974358974359,0.1531078610603291,0.5580152671755726,0.09665144596651447,0.15689981096408318,0.31578947368421056,0.62,0.28,0.37,0.46,0.6,0.3,0.33,0.12,0.22,0.16,0.52,0.38,0.14,0.65,0.2,0.42
231,Dejounte Murray,SAS,PG,0.27946127946127947,0.4150606709493219,0.3758359340169416,0.1923076923076923,0.16666666666666666,0.3989945155393053,0.44465648854961826,0.16590563165905634,0.45368620037807184,0.3684210526315788,0.48,0.1,0.14,0.52,0.63,0.2,0.22,0.31,0.5,0.44,0.47,0.86,0.14,0.53,0.31,0.33
232,Jamal Murray,DEN,PG,0.6565656565656566,0.7344753747323339,0.4146232724030317,0.3846153846153848,0.5128205128205129,0.1476234003656307,0.5274809160305344,0.35768645357686457,0.2835538752362949,0.3684210526315788,0.66,0.44,0.55,0.46,0.51,0.28,0.26,0.16,0.19,0.16,0.4,0.38,0.11,0.42,0.18,0.53
233,Mike Muscala,OKC,C,0.6464646464646465,0.26659528907922914,0.32322781988408383,0.4999999999999999,0.641025641025641,0.33363802559414996,0.2145038167938931,0.2442922374429224,0.20793950850661627,0.6842105263157894,0.3,0.4,0.47,0.2,0.19,0.17,0.14,0.31,0.38,0.35,0.15,0.29,0.31,0.19,0.39,0.28
234,Larry Nance,CLE,C,0.7171717171717171,0.5292648108493933,0.49710209540793576,0.4999999999999999,0.1794871794871795,0.5452468007312615,0.18587786259541983,0.33257229832572305,0.25897920604914937,0.5263157894736841,0.26,0.1,0.13,0.45,0.4,0.14,0.17,0.59,0.53,0.55,0.22,0.71,0.22,0.23,0.41,0.25
235,Shabazz Napier,WAS,PG,0.6464646464646465,0.29514632405424696,0.3312527864467231,0.3076923076923078,0.6282051282051282,0.10648994515539308,0.4248091603053435,0.2001522070015221,0.19848771266540643,0.15789473684210528,0.47,0.42,0.56,0.24,0.3,0.33,0.32,0.08,0.18,0.13,0.45,0.67,0.06,0.53,0.18,0.39
236,Raul Neto,PHI,PG,0.5084175084175084,0.18272662384011415,0.25144895229603215,0.3461538461538463,0.47435897435897434,0.08135283363802559,0.3022900763358778,0.18417047184170474,0.19281663516068054,0.21052631578947353,0.32,0.32,0.34,0.29,0.32,0.15,0.15,0.06,0.14,0.09,0.44,0.48,0.08,0.49,0.33,0.27
237,Georges Niang,UTA,PF,0.18518518518518517,0.046752319771591735,0.19705751226036558,0.3461538461538463,0.7435897435897435,0.25182815356489946,0.3213740458015267,0.20700152207001526,0.13610586011342155,0.5263157894736841,0.44,0.64,0.69,0.18,0.18,0.09,0.05,0.1,0.31,0.23,0.15,0.19,0.11,0.21,0.35,0.36
238,Joakim Noah,LAC,C,0.09090909090909091,0.3643825838686652,0.4453856442264824,0.1923076923076923,0.01282051282051282,0.7687385740402194,0.23053435114503815,0.21156773211567736,0.223062381852552,0.7368421052631576,0.18,0.0,0.0,0.36,0.42,0.2,0.3,0.9,0.73,0.8,0.4,0.38,0.42,0.47,0.63,0.16
239,Nerlens Noel,OKC,C,0.6195286195286195,0.3982869379014988,0.5679893000445833,0.6153846153846154,0.0,0.5617001828153566,0.2374045801526718,0.26331811263318117,0.41587901701323254,0.6842105263157894,0.27,0.0,0.0,0.56,0.52,0.24,0.29,0.61,0.54,0.57,0.11,0.9,0.67,0.4,0.61,0.3
240,Frank Ntilikina,NYK,PG,0.2558922558922559,0.45253390435403273,0.07891217119928669,0.0,0.47435897435897434,0.0891224862888483,0.25534351145038175,0.07153729071537293,0.17580340264650282,0.3684210526315788,0.32,0.24,0.34,0.2,0.32,0.1,0.09,0.1,0.15,0.11,0.46,0.52,0.14,0.44,0.53,0.16
241,Jusuf Nurkic,POR,C,0.5185185185185185,0.5631691648822269,0.6049933125278645,0.3076923076923078,0.02564102564102564,0.6978976234003658,0.5938931297709923,0.26864535768645365,0.4858223062381853,0.7894736842105264,0.61,0.0,0.03,0.82,0.86,0.4,0.5,0.71,0.7,0.72,0.26,0.48,0.58,0.63,0.63,0.53
242,David Nwaba,BRK,SF,0.19865319865319866,0.42184154175588856,0.29380294248773964,0.4615384615384614,0.25641025641025644,0.2810786106032907,0.19007633587786263,0.2321156773211568,0.166351606805293,0.4210526315789476,0.22,0.1,0.16,0.35,0.36,0.26,0.33,0.31,0.31,0.3,0.12,0.43,0.19,0.21,0.45,0.24
243,Royce O'Neale,UTA,PF,0.40404040404040403,0.4743040685224839,0.168970129291128,0.4615384615384614,0.6794871794871795,0.31215722120658135,0.07671755725190839,0.2351598173515982,0.44990548204158787,0.3684210526315788,0.12,0.3,0.34,0.09,0.09,0.08,0.07,0.06,0.46,0.32,0.24,0.43,0.14,0.19,0.43,0.12
244,Kyle O'Quinn,PHI,C,0.6498316498316499,0.18308351177730187,0.57958091841284,0.4230769230769233,0.10256410256410256,0.6942413162705667,0.3480916030534352,0.27092846270928467,0.29867674858223064,0.6315789473684211,0.38,0.06,0.07,0.57,0.58,0.2,0.23,0.69,0.69,0.7,0.33,0.33,0.72,0.49,0.75,0.33
245,Semi Ojeleye,BOS,PF,0.32323232323232326,0.1877230549607423,0.037895675434685715,0.26923076923076933,0.8076923076923077,0.19058500914076784,0.03931297709923662,0.17960426179604266,0.20226843100189038,0.4736842105263159,0.09,0.32,0.38,0.02,0.04,0.08,0.1,0.16,0.23,0.21,0.03,0.24,0.08,0.07,0.27,0.08
246,Jahlil Okafor,NOP,C,0.39730639730639733,0.4179157744468236,0.4814979937583594,0.4999999999999999,0.01282051282051282,0.4542961608775138,0.5011450381679389,0.2077625570776256,0.16446124763705103,0.6842105263157894,0.62,0.0,0.02,0.9,0.87,0.28,0.36,0.51,0.44,0.46,0.11,0.1,0.44,0.49,0.49,0.53
247,Elie Okobo,PHO,PG,0.020202020202020204,0.2455389007851534,0.14266607222469913,0.1923076923076923,0.5384615384615384,0.12705667276051189,0.2374045801526718,0.15296803652968038,0.08506616257088846,0.31578947368421056,0.29,0.28,0.38,0.19,0.25,0.18,0.2,0.1,0.19,0.12,0.45,0.43,0.06,0.42,0.41,0.2
248,Josh Okogie,MIN,SG,0.11447811447811448,0.5581727337615987,0.19750334373606776,0.26923076923076933,0.5256410256410255,0.19241316270566733,0.21374045801526717,0.18721461187214614,0.26654064272211725,0.3684210526315788,0.28,0.2,0.35,0.21,0.25,0.31,0.33,0.22,0.23,0.22,0.14,0.62,0.17,0.26,0.37,0.24
249,Victor Oladipo,IND,SG,0.5622895622895623,0.8625981441827266,0.5135978600089166,0.3461538461538463,0.4358974358974359,0.21297989031078612,0.6030534351145038,0.32876712328767127,0.5311909262759924,0.3684210526315788,0.7,0.4,0.5,0.54,0.6,0.32,0.34,0.1,0.3,0.22,0.36,0.76,0.14,0.47,0.22,0.56
250,Kelly Olynyk,MIA,C,0.8888888888888888,0.45431834403997134,0.43513152028533214,0.5769230769230769,0.6025641025641025,0.40082266910420483,0.3721374045801527,0.33257229832572305,0.4347826086956522,0.7368421052631576,0.43,0.44,0.5,0.32,0.3,0.25,0.26,0.29,0.48,0.41,0.28,0.43,0.19,0.44,0.59,0.42
251,Cedi Osman,CLE,SF,0.3367003367003367,0.5792291220556743,0.23004904146232724,0.3846153846153848,0.6153846153846153,0.21435100548446076,0.28320610687022896,0.22983257229832574,0.09262759924385633,0.5263157894736841,0.39,0.4,0.49,0.24,0.27,0.15,0.17,0.1,0.27,0.21,0.21,0.33,0.03,0.28,0.31,0.31
252,Kelly Oubre,PHO,SF,0.8282828282828283,0.5503211991434689,0.2576905929558627,0.3076923076923078,0.5256410256410255,0.28427787934186477,0.3629770992366413,0.21765601217656017,0.29678638941398866,0.5263157894736841,0.49,0.36,0.48,0.35,0.39,0.28,0.31,0.2,0.33,0.28,0.06,0.48,0.19,0.23,0.49,0.41
253,Jabari Parker,SAC,PF,0.531986531986532,0.7234118486795147,0.47837717342844405,0.3846153846153848,0.24358974358974358,0.35968921389396713,0.5389312977099238,0.2625570776255708,0.20226843100189038,0.5789473684210523,0.62,0.2,0.25,0.7,0.7,0.27,0.3,0.33,0.38,0.35,0.2,0.38,0.14,0.4,0.25,0.51
254,Chandler Parsons,ATL,SF,0.19865319865319866,0.5146324054246966,0.28399465002229163,0.3076923076923078,0.5769230769230769,0.20063985374771484,0.36679389312977095,0.23135464231354644,0.19659735349716448,0.6315789473684211,0.44,0.4,0.49,0.31,0.34,0.15,0.16,0.06,0.31,0.21,0.27,0.38,0.14,0.33,0.24,0.35
255,Patrick Patterson,LAC,PF,0.8282828282828283,0.3604568165596002,0.1903700401248328,0.3461538461538463,0.8333333333333334,0.26965265082266915,0.1072519083969466,0.2503805175038052,0.27977315689981097,0.5789473684210523,0.21,0.42,0.49,0.05,0.07,0.08,0.05,0.22,0.32,0.28,0.1,0.33,0.17,0.12,0.18,0.16
256,Chris Paul,OKC,PG,0.7373737373737373,0.8311920057102069,0.7931341952741864,0.5384615384615384,0.5,0.22029250457038393,0.5648854961832062,0.6971080669710807,0.555765595463138,0.21052631578947353,0.6,0.46,0.51,0.45,0.48,0.43,0.39,0.1,0.31,0.23,0.91,0.81,0.06,0.51,0.25,0.57
257,Cameron Payne,PHO,PG,0.19865319865319866,0.2758743754461098,0.24342398573339283,0.1538461538461538,0.5256410256410255,0.12614259597806218,0.3778625954198473,0.17427701674277019,0.1058601134215501,0.21052631578947353,0.49,0.4,0.48,0.3,0.39,0.09,0.07,0.1,0.19,0.14,0.49,0.57,0.11,0.4,0.41,0.3
258,Elfrid Payton,NYK,PG,0.6835016835016835,0.7280513918629549,0.4342398573339278,0.1923076923076923,0.20512820512820512,0.21526508226691046,0.4179389312977099,0.24657534246575347,0.28733459357277885,0.31578947368421056,0.46,0.12,0.18,0.52,0.58,0.18,0.24,0.24,0.26,0.23,0.78,0.57,0.14,0.58,0.24,0.33
259,Mason Plumlee,DEN,C,0.936026936026936,0.48572448251249106,0.5251894783771734,0.4999999999999999,0.01282051282051282,0.5749542961608776,0.2858778625954198,0.3493150684931507,0.41209829867674863,0.7368421052631576,0.25,0.0,0.02,0.52,0.49,0.3,0.44,0.59,0.56,0.58,0.39,0.48,0.44,0.49,0.61,0.3
260,Jakob Poeltl,SAS,C,0.5959595959595959,0.27908636688079935,0.5104770396790013,0.6923076923076924,0.0,0.5731261425959782,0.14389312977099236,0.3592085235920853,0.332703213610586,0.8421052631578947,0.18,0.0,0.0,0.51,0.42,0.11,0.2,0.82,0.45,0.58,0.15,0.29,0.61,0.28,0.63,0.24
261,Otto Porter,CHI,SF,0.6734006734006734,0.7933618843683081,0.4716897012929114,0.5384615384615384,0.5,0.3176416819012798,0.28854961832061066,0.4573820395738204,0.48015122873345933,0.5789473684210523,0.43,0.4,0.42,0.37,0.37,0.14,0.13,0.25,0.36,0.32,0.14,0.62,0.17,0.12,0.2,0.38
262,Bobby Portis,NYK,C,0.7171717171717171,0.4204139900071377,0.44583147570218457,0.3076923076923078,0.3205128205128205,0.5493601462522852,0.4858778625954199,0.23363774733637752,0.23629489603024575,0.6842105263157894,0.65,0.32,0.37,0.59,0.64,0.18,0.2,0.55,0.57,0.57,0.14,0.29,0.14,0.33,0.35,0.48
263,Kristaps Porzingis,DAL,PF,0.47474747474747475,0.8044254104211277,0.5711101203744984,0.3461538461538463,0.41025641025641024,0.44378427787934194,0.6370229007633589,0.31050228310502287,0.4725897920604915,0.9473684210526312,0.75,0.4,0.5,0.57,0.66,0.42,0.44,0.35,0.52,0.46,0.09,0.24,0.64,0.35,0.45,0.61
264,Dwight Powell,DAL,C,0.8080808080808081,0.39257673090649525,0.5448060633080695,0.6923076923076924,0.23076923076923075,0.46572212065813534,0.2572519083969465,0.4337899543378996,0.3440453686200378,0.6842105263157894,0.26,0.12,0.16,0.49,0.39,0.34,0.38,0.51,0.45,0.48,0.11,0.48,0.25,0.19,0.51,0.35
265,Norman Powell,TOR,SG,0.6902356902356902,0.360813704496788,0.313865358894338,0.4230769230769233,0.5384615384615384,0.1604204753199269,0.384351145038168,0.22907153729071542,0.2892249527410208,0.31578947368421056,0.48,0.38,0.49,0.36,0.38,0.25,0.25,0.08,0.24,0.17,0.19,0.48,0.11,0.33,0.33,0.42
266,Julius Randle,NYK,PF,0.9158249158249159,0.7334047109207706,0.5242978154257691,0.3846153846153848,0.14102564102564102,0.5946069469835467,0.567175572519084,0.32572298325722987,0.389413988657845,0.5789473684210523,0.61,0.1,0.16,0.73,0.75,0.45,0.54,0.49,0.67,0.62,0.29,0.29,0.17,0.6,0.49,0.55
267,JJ Redick,NOP,SG,0.8653198653198653,0.7223411848679514,0.4373606776638431,0.6538461538461539,0.7051282051282052,0.035648994515539295,0.46259541984732827,0.4901065449010655,0.2684310018903592,0.31578947368421056,0.59,0.7,0.7,0.26,0.31,0.35,0.31,0.0,0.11,0.06,0.2,0.14,0.03,0.26,0.14,0.57
268,Josh Richardson,PHI,SG,0.7138047138047138,0.7872947894361171,0.2955862683905484,0.3461538461538463,0.5256410256410255,0.09963436928702012,0.3290076335877863,0.27549467275494677,0.45746691871455575,0.4210526315789476,0.43,0.38,0.45,0.29,0.35,0.19,0.19,0.12,0.14,0.12,0.28,0.48,0.22,0.3,0.29,0.34
269,Austin Rivers,HOU,SG,0.8215488215488216,0.6399000713775873,0.20552831029870708,0.3076923076923078,0.6025641025641025,0.052102376599634376,0.3183206106870229,0.23059360730593612,0.21550094517958415,0.31578947368421056,0.42,0.4,0.5,0.26,0.3,0.17,0.2,0.04,0.11,0.06,0.26,0.38,0.08,0.26,0.33,0.33
270,Andre Roberson,OKC,SG,0.31313131313131315,0.6159885795860098,0.17788675880517166,0.3076923076923078,0.4615384615384615,0.2755941499085924,0.0,0.2549467275494673,0.41398865784499056,0.5263157894736841,0.08,0.14,0.21,0.18,0.15,0.05,0.09,0.31,0.27,0.28,0.06,0.52,0.31,0.07,0.35,0.06
271,Glenn Robinson,PHI,SF,0.48484848484848486,0.3686652391149179,0.24297815425769065,0.3461538461538463,0.4358974358974359,0.2020109689213894,0.19122137404580153,0.21917808219178084,0.1550094517958412,0.4736842105263159,0.31,0.26,0.3,0.29,0.32,0.14,0.13,0.22,0.24,0.22,0.08,0.38,0.11,0.09,0.1,0.25
272,Mitchell Robinson,NYK,C,0.08417508417508418,0.47037830121341884,0.7485510477039679,1.0,0.0,0.5813528336380257,0.11526717557251907,0.49315068493150693,0.41587901701323254,0.7894736842105264,0.18,0.0,0.0,0.6,0.42,0.2,0.3,0.9,0.47,0.62,0.03,0.48,1.0,0.12,0.76,0.32
273,Rajon Rondo,LAL,PG,0.6666666666666666,0.6952177016416843,0.37494427106553724,0.1538461538461538,0.358974358974359,0.2554844606946984,0.31564885496183204,0.22526636225266364,0.39319470699432896,0.21052631578947353,0.35,0.2,0.27,0.32,0.4,0.06,0.08,0.16,0.35,0.28,1.0,0.71,0.03,0.7,0.24,0.22
274,Derrick Rose,DET,PG,0.5185185185185185,0.707351891506067,0.48506464556397677,0.26923076923076933,0.1794871794871795,0.09414990859232177,0.6828244274809161,0.2549467275494673,0.14366729678638943,0.26315789473684237,0.8,0.16,0.23,0.82,0.91,0.34,0.32,0.14,0.14,0.12,0.51,0.24,0.08,0.53,0.0,0.6
275,Terrence Ross,ORL,SG,0.7508417508417509,0.6070663811563167,0.347748551047704,0.3846153846153848,0.7051282051282052,0.13117001828153568,0.4259541984732825,0.26484018264840187,0.3459357277882798,0.4736842105263159,0.58,0.58,0.7,0.26,0.3,0.17,0.15,0.04,0.22,0.14,0.1,0.52,0.17,0.19,0.16,0.45
276,Terry Rozier,CHO,PG,0.7845117845117845,0.5007137758743754,0.2893446277307178,0.1538461538461538,0.5769230769230769,0.263254113345521,0.3774809160305344,0.2382039573820396,0.3799621928166351,0.21052631578947353,0.52,0.48,0.57,0.24,0.35,0.18,0.18,0.16,0.33,0.26,0.37,0.48,0.08,0.28,0.14,0.37
277,Ricky Rubio,PHO,PG,0.8720538720538721,0.7748037116345466,0.45296477931341955,0.3076923076923078,0.41025641025641024,0.20018281535649,0.401145038167939,0.3652968036529681,0.4933837429111531,0.31578947368421056,0.38,0.24,0.32,0.29,0.38,0.39,0.37,0.1,0.27,0.2,0.86,0.81,0.03,0.6,0.33,0.33
278,D'Angelo Russell,MIN,PG,0.7239057239057239,0.7273376159885796,0.4618814088274632,0.26923076923076933,0.5512820512820512,0.15219378427787938,0.7248091603053435,0.19939117199391174,0.2514177693761815,0.3684210526315788,0.84,0.6,0.71,0.5,0.58,0.27,0.3,0.1,0.22,0.17,0.61,0.52,0.06,0.72,0.2,0.63
279,Domantas Sabonis,IND,PF,0.6363636363636364,0.6034975017844395,0.4645563976816764,0.4230769230769233,0.16666666666666666,0.6028336380255942,0.42709923664122146,0.33637747336377477,0.5141776937618148,0.7368421052631576,0.46,0.08,0.12,0.65,0.64,0.32,0.36,0.51,0.67,0.63,0.31,0.24,0.17,0.51,0.53,0.44
280,JaKarr Sampson,IND,SF,0.10437710437710437,0.255174875089222,0.2144449398127508,0.3846153846153848,0.21794871794871795,0.303473491773309,0.21832061068702294,0.16286149162861494,0.09640831758034027,0.5263157894736841,0.27,0.1,0.16,0.4,0.4,0.2,0.26,0.27,0.34,0.31,0.07,0.29,0.31,0.26,0.63,0.25
281,Dario Saric,PHO,PF,0.6868686868686869,0.6352605281941469,0.35978600089166296,0.4230769230769233,0.5512820512820512,0.4227605118829982,0.4099236641221374,0.2838660578386606,0.3648393194706995,0.6842105263157894,0.51,0.4,0.5,0.35,0.38,0.26,0.25,0.39,0.46,0.43,0.23,0.24,0.08,0.42,0.31,0.42
282,Tomas Satoransky,CHI,PG,0.5824915824915825,0.5224839400428265,0.3205528310298707,0.4230769230769233,0.3846153846153846,0.1713893967093236,0.1729007633587786,0.3523592085235921,0.22873345935727793,0.5263157894736841,0.22,0.22,0.24,0.26,0.28,0.18,0.17,0.24,0.18,0.19,0.58,0.52,0.06,0.35,0.27,0.22
283,Dennis Schroder,OKC,PG,0.9023569023569024,0.7037830121341897,0.429781542576906,0.3076923076923078,0.37179487179487175,0.12065813528336382,0.6851145038167938,0.22831050228310504,0.40453686200378075,0.21052631578947353,0.77,0.36,0.44,0.62,0.72,0.34,0.33,0.08,0.18,0.14,0.58,0.38,0.08,0.65,0.25,0.59
284,Mike Scott,PHI,PF,0.7205387205387206,0.29550321199143464,0.25144895229603215,0.3846153846153848,0.6153846153846153,0.3167276051188301,0.2603053435114504,0.24048706240487067,0.20793950850661627,0.5263157894736841,0.39,0.42,0.48,0.26,0.28,0.09,0.09,0.25,0.37,0.32,0.12,0.14,0.11,0.19,0.39,0.31
285,Thabo Sefolosha,HOU,PF,0.5521885521885522,0.3897216274089935,0.28176549264378065,0.4230769230769233,0.5128205128205129,0.31809872029250463,0.12519083969465647,0.2123287671232877,0.41209829867674863,0.4736842105263159,0.19,0.22,0.27,0.22,0.23,0.11,0.12,0.18,0.41,0.32,0.13,0.81,0.19,0.19,0.2,0.18
286,Collin Sexton,CLE,SG,0.15151515151515152,0.8440399714489649,0.35532768613464116,0.3461538461538463,0.30769230769230765,0.07312614259597806,0.6267175572519084,0.22602739726027402,0.0,0.21052631578947353,0.74,0.34,0.36,0.64,0.74,0.34,0.34,0.14,0.1,0.08,0.27,0.24,0.03,0.49,0.22,0.58
287,Landry Shamet,LAC,SG,0.10101010101010101,0.5710206995003567,0.17833259028087384,0.5384615384615384,0.9358974358974358,0.01096892138939672,0.1793893129770992,0.27168949771689505,0.15879017013232513,0.3684210526315788,0.31,0.62,0.66,0.02,0.05,0.15,0.13,0.02,0.08,0.03,0.16,0.14,0.08,0.12,0.35,0.29
288,Iman Shumpert,BRK,SG,0.3939393939393939,0.5471092077087794,0.11145786892554614,0.1923076923076923,0.6923076923076923,0.1640767824497258,0.1583969465648855,0.17732115677321159,0.2381852551984877,0.4210526315789476,0.24,0.32,0.44,0.11,0.15,0.08,0.08,0.12,0.23,0.17,0.18,0.52,0.11,0.23,0.31,0.16
289,Pascal Siakam,TOR,PF,0.5858585858585859,0.6216987865810135,0.4427106553722693,0.4615384615384614,0.28205128205128205,0.3752285191956125,0.3702290076335878,0.36834094368340947,0.5482041587901701,0.6315789473684211,0.52,0.24,0.31,0.57,0.54,0.28,0.3,0.29,0.45,0.39,0.26,0.38,0.28,0.37,0.39,0.47
290,Ben Simmons,PHI,PG,0.3872053872053872,0.9164882226980727,0.6321890325456977,0.4999999999999999,0.01282051282051282,0.43464351005484464,0.46564885496183206,0.482496194824962,0.773156899810964,0.6842105263157894,0.44,0.0,0.01,0.74,0.7,0.31,0.45,0.37,0.5,0.46,0.79,0.71,0.22,0.74,0.29,0.45
291,Marcus Smart,BOS,SG,0.7811447811447811,0.7384011420413988,0.28221132411948285,0.2307692307692308,0.6666666666666666,0.1444241316270567,0.30496183206106864,0.23135464231354644,0.5349716446124764,0.31578947368421056,0.36,0.36,0.5,0.15,0.23,0.25,0.25,0.18,0.17,0.16,0.47,0.81,0.14,0.4,0.35,0.27
292,Dennis Smith,NYK,PG,0.18181818181818182,0.6277658815132047,0.24609897458760588,0.07692307692307679,0.3974358974358974,0.1416819012797075,0.6324427480916031,0.03957382039573821,0.224952741020794,0.26315789473684237,0.69,0.32,0.47,0.48,0.62,0.23,0.3,0.16,0.18,0.16,0.57,0.57,0.11,0.72,0.31,0.45
293,Ish Smith,WAS,PG,0.8821548821548821,0.6006423982869378,0.37494427106553724,0.1538461538461538,0.23076923076923075,0.14259597806215726,0.42748091603053434,0.23744292237442927,0.27788279773156904,0.15789473684210528,0.56,0.16,0.23,0.55,0.64,0.15,0.15,0.08,0.22,0.16,0.66,0.38,0.11,0.37,0.2,0.36
294,JR Smith,LAL,SG,0.38047138047138046,0.7027123483226265,0.16139099420419087,0.26923076923076933,0.8205128205128205,0.08455210237659964,0.23129770992366414,0.25875190258751907,0.2816635160680529,0.4736842105263159,0.36,0.54,0.62,0.09,0.14,0.03,0.03,0.06,0.14,0.09,0.15,0.38,0.08,0.12,0.27,0.25
295,Tony Snell,DET,SF,0.8417508417508418,0.5667380442541041,0.13909942041908163,0.4615384615384614,0.7692307692307692,0.09689213893967097,0.09389312977099233,0.26788432267884327,0.2173913043478261,0.4736842105263159,0.19,0.42,0.44,0.06,0.09,0.05,0.03,0.02,0.17,0.1,0.12,0.19,0.11,0.09,0.16,0.17
296,Jayson Tatum,BOS,PF,0.41414141414141414,0.8265524625267664,0.4814979937583594,0.4615384615384614,0.41025641025641024,0.2979890310786107,0.5122137404580153,0.3554033485540335,0.7183364839319472,0.5789473684210523,0.63,0.4,0.44,0.5,0.56,0.34,0.35,0.14,0.42,0.32,0.19,0.52,0.25,0.33,0.2,0.54
297,Jeff Teague,ATL,PG,0.7744107744107744,0.7608850820842255,0.4913062862238074,0.3846153846153848,0.34615384615384615,0.09277879341864716,0.4717557251908397,0.40334855403348563,0.3440453686200378,0.31578947368421056,0.47,0.26,0.3,0.41,0.5,0.43,0.42,0.06,0.16,0.1,0.77,0.52,0.11,0.58,0.22,0.43
298,Garrett Temple,BRK,SG,0.8249158249158249,0.6234832262669521,0.17432010699955416,0.3076923076923078,0.6794871794871795,0.11425959780621575,0.1935114503816794,0.2062404870624049,0.27599243856332706,0.4210526315789476,0.28,0.38,0.47,0.12,0.17,0.12,0.13,0.08,0.17,0.12,0.22,0.52,0.17,0.21,0.35,0.21
299,Daniel Theis,BOS,C,0.30976430976430974,0.3187009279086366,0.4939812750780206,0.6538461538461539,0.30769230769230765,0.5050274223034735,0.21259541984732827,0.36073059360730597,0.38374291115311904,0.5789473684210523,0.27,0.16,0.19,0.45,0.36,0.22,0.23,0.61,0.47,0.53,0.19,0.33,0.5,0.21,0.84,0.31
300,Isaiah Thomas,WAS,PG,0.4713804713804714,0.7501784439685939,0.6063308069549711,0.4230769230769233,0.5256410256410255,0.042504570383912255,0.7767175572519085,0.6050228310502284,0.27599243856332706,0.0,0.84,0.56,0.66,0.55,0.62,0.68,0.66,0.08,0.09,0.06,0.59,0.33,0.03,0.63,0.2,0.78
301,Lance Thomas,BRK,SF,0.43434343434343436,0.3890078515346181,0.07846633972358452,0.26923076923076933,0.5,0.1581352833638026,0.1377862595419847,0.19482496194824964,0.1058601134215501,0.5789473684210523,0.21,0.26,0.29,0.16,0.23,0.17,0.14,0.18,0.19,0.17,0.06,0.19,0.06,0.19,0.37,0.17
302,Tristan Thompson,CLE,C,0.7104377104377104,0.671306209850107,0.44315648684797143,0.4999999999999999,0.01282051282051282,0.6759597806215722,0.15725190839694653,0.439117199391172,0.3534971644612477,0.6315789473684211,0.19,0.0,0.01,0.45,0.42,0.19,0.28,0.84,0.56,0.67,0.09,0.19,0.25,0.19,0.29,0.22
303,Sindarius Thornwell,NOP,SG,0.12457912457912458,0.0774446823697359,0.04369148461881411,0.1923076923076923,0.358974358974359,0.1613345521023766,0.08206106870229009,0.15296803652968038,0.1342155009451796,0.3684210526315788,0.09,0.14,0.17,0.15,0.2,0.19,0.24,0.16,0.21,0.18,0.13,0.67,0.19,0.28,0.51,0.11
304,Anthony Tolliver,MEM,PF,0.7878787878787878,0.38436830835117775,0.19572001783325907,0.4999999999999999,1.0,0.24040219378427788,0.12786259541984732,0.28462709284627097,0.19092627599243855,0.5789473684210523,0.21,0.52,0.6,0.0,0.0,0.14,0.13,0.18,0.3,0.26,0.1,0.19,0.17,0.14,0.27,0.22
305,Karl-Anthony Towns,MIN,C,0.8619528619528619,0.9182726623840115,0.8519839500668747,0.6538461538461539,0.28205128205128205,0.7216636197440586,0.634351145038168,0.7587519025875191,0.5633270321361058,0.7368421052631576,0.7,0.3,0.33,0.79,0.74,0.45,0.46,0.59,0.73,0.7,0.23,0.24,0.44,0.49,0.41,0.71
306,PJ Tucker,HOU,PF,1.0,0.793718772305496,0.15693267944716896,0.3076923076923078,0.7435897435897435,0.3272394881170019,0.034351145038167955,0.26484018264840187,0.45368620037807184,0.4210526315789476,0.11,0.3,0.36,0.04,0.07,0.07,0.06,0.29,0.36,0.34,0.09,0.57,0.14,0.16,0.33,0.09
307,Evan Turner,ATL,PG,0.7239057239057239,0.5717344753747324,0.2420864913062862,0.1923076923076923,0.20512820512820512,0.2362888482632541,0.2851145038167939,0.19558599695586001,0.3761814744801512,0.4736842105263159,0.34,0.08,0.15,0.41,0.48,0.18,0.17,0.1,0.34,0.26,0.42,0.33,0.11,0.42,0.22,0.24
308,Myles Turner,IND,C,0.8080808080808081,0.7023554603854388,0.48551047703967903,0.4230769230769233,0.2692307692307692,0.4355575868372944,0.3816793893129771,0.3264840182648402,0.6370510396975425,0.7368421052631576,0.45,0.2,0.23,0.51,0.52,0.28,0.31,0.31,0.5,0.44,0.08,0.29,0.75,0.28,0.43,0.41
309,Jonas Valanciunas,MEM,C,0.7878787878787878,0.5713775874375445,0.7235844850646456,0.6538461538461539,0.08974358974358974,0.8071297989031079,0.47633587786259546,0.4703196347031964,0.502835538752363,0.7368421052631576,0.52,0.06,0.08,0.81,0.73,0.36,0.39,0.73,0.81,0.8,0.09,0.14,0.42,0.42,0.49,0.54
310,Denzel Valentine,CHI,SF,0.22895622895622897,0.4386152748037116,0.21176995095853768,0.2307692307692308,0.7692307692307692,0.25639853747714814,0.3190839694656488,0.17960426179604266,0.24196597353497165,0.3684210526315788,0.44,0.52,0.63,0.16,0.22,0.02,0.03,0.1,0.39,0.28,0.3,0.43,0.06,0.28,0.37,0.29
311,Fred VanVleet,TOR,PG,0.43434343434343436,0.5413990007137758,0.38296923762817653,0.3076923076923078,0.5769230769230769,0.12477148080438757,0.38015267175572526,0.3264840182648402,0.3913043478260869,0.21052631578947353,0.49,0.48,0.56,0.24,0.33,0.24,0.23,0.06,0.19,0.12,0.57,0.57,0.14,0.35,0.25,0.39
312,Noah Vonleh,DEN,C-PF,0.7003367003367004,0.314418272662384,0.2634864021399911,0.3076923076923078,0.23076923076923075,0.5900365630712981,0.15458015267175576,0.20243531202435314,0.223062381852552,0.6842105263157894,0.19,0.12,0.17,0.3,0.32,0.18,0.21,0.53,0.63,0.61,0.09,0.24,0.22,0.26,0.49,0.18
313,Nikola Vucevic,ORL,C,0.797979797979798,0.7851534618129906,0.6990637539010254,0.3461538461538463,0.1923076923076923,0.6782449725776967,0.6354961832061068,0.37671232876712335,0.6181474480151229,0.7368421052631576,0.8,0.18,0.24,0.88,0.9,0.2,0.22,0.51,0.77,0.7,0.33,0.38,0.33,0.37,0.25,0.6
314,Dion Waiters,LAL,SG,0.3569023569023569,0.6862955032119913,0.2358448506464557,0.1923076923076923,0.5256410256410255,0.08729433272394885,0.4622137404580153,0.16514459665144599,0.27599243856332706,0.31578947368421056,0.57,0.44,0.51,0.35,0.44,0.17,0.2,0.04,0.16,0.1,0.31,0.43,0.11,0.42,0.22,0.39
315,Kemba Walker,BOS,PG,0.9292929292929293,0.9154175588865094,0.6691930450289791,0.4230769230769233,0.5512820512820512,0.12477148080438757,0.716793893129771,0.5958904109589042,0.46502835538752363,0.15789473684210528,0.82,0.6,0.7,0.49,0.57,0.48,0.48,0.08,0.2,0.14,0.52,0.48,0.11,0.42,0.04,0.71
316,Tyrone Wallace,ATL,SG,0.013468013468013467,0.2430406852248394,0.06865804725813643,0.038461538461538505,0.1794871794871795,0.1983546617915905,0.30877862595419847,0.12557077625570778,0.10964083175803402,0.4210526315789476,0.35,0.04,0.14,0.41,0.5,0.23,0.27,0.14,0.23,0.21,0.22,0.43,0.14,0.37,0.49,0.24
317,Taurean Prince,BRK,SF,0.05723905723905724,0.713775874375446,0.19884083816317435,0.3076923076923078,0.717948717948718,0.2408592321755028,0.3938931297709924,0.11872146118721463,0.31379962192816635,0.5263157894736841,0.54,0.58,0.69,0.22,0.28,0.17,0.15,0.12,0.38,0.28,0.19,0.38,0.14,0.44,0.33,0.4
318,Brad Wanamaker,BOS,PG,0.016835016835016835,0.2623126338329764,0.3285777975925101,0.4999999999999999,0.3974358974358974,0.10694698354661794,0.24351145038167935,0.26636225266362257,0.27032136105860116,0.31578947368421056,0.28,0.22,0.25,0.29,0.32,0.33,0.28,0.06,0.18,0.12,0.44,0.62,0.06,0.35,0.43,0.29
319,TJ Warren,IND,SF,0.6262626262626263,0.7844396859386151,0.48551047703967903,0.4230769230769233,0.21794871794871795,0.1974405850091408,0.4740458015267175,0.36681887366818877,0.24763705103969755,0.5789473684210523,0.66,0.18,0.23,0.75,0.75,0.26,0.27,0.27,0.19,0.21,0.08,0.48,0.19,0.19,0.29,0.55
320,Russell Westbrook,HOU,PG,0.9057239057239057,0.9557458957887223,0.8653588943379402,0.3076923076923078,0.30769230769230765,0.5050274223034735,0.9534351145038168,0.601978691019787,0.8147448015122872,0.31578947368421056,1.0,0.3,0.45,0.85,0.95,0.65,0.71,0.29,0.62,0.53,0.97,0.71,0.08,1.0,0.27,0.82
321,Derrick White,SAS,SG,0.16835016835016836,0.5235546038543897,0.43290236290682127,0.4999999999999999,0.4230769230769231,0.19606946983546622,0.31755725190839695,0.3249619482496195,0.2741020793950851,0.3684210526315788,0.37,0.28,0.32,0.36,0.38,0.3,0.3,0.12,0.27,0.21,0.47,0.43,0.31,0.35,0.33,0.36
322,Hassan Whiteside,POR,C,0.8114478114478114,0.6987865810135616,0.8123049487293803,0.5769230769230769,0.01282051282051282,0.9515539305301646,0.4694656488549619,0.4604261796042619,0.8166351606805292,0.7894736842105264,0.49,0.0,0.01,0.84,0.75,0.32,0.44,0.86,0.97,0.96,0.03,0.24,0.89,0.4,0.43,0.51
323,Andrew Wiggins,GSW,SF-SG,0.9090909090909091,0.9646680942184154,0.4003566651805618,0.26923076923076933,0.30769230769230765,0.14853747714808047,0.6328244274809159,0.2762557077625571,0.21928166351606806,0.5263157894736841,0.73,0.26,0.35,0.65,0.74,0.41,0.47,0.2,0.16,0.15,0.18,0.33,0.17,0.37,0.14,0.58
324,Lou Williams,LAC,SG,0.8922558922558923,0.6973590292648107,0.6148016049933125,0.4615384615384614,0.48717948717948717,0.07586837294332727,0.7248091603053435,0.4596651445966515,0.20793950850661627,0.21052631578947353,0.76,0.46,0.57,0.51,0.61,0.72,0.71,0.08,0.13,0.09,0.49,0.38,0.08,0.6,0.06,0.72
325,Marvin Williams,MIL,PF,0.8956228956228957,0.6513204853675945,0.35131520285332146,0.4615384615384614,0.6923076923076923,0.32906764168190134,0.2114503816793893,0.36377473363774737,0.4215500945179584,0.5789473684210523,0.32,0.42,0.5,0.18,0.2,0.16,0.14,0.25,0.42,0.35,0.1,0.38,0.25,0.09,0.18,0.29
326,DJ Wilson,MIL,PF,0.016835016835016835,0.1302640970735189,0.1622826571555952,0.26923076923076933,0.6153846153846153,0.37659963436928706,0.2209923664122137,0.16210045662100458,0.18147448015122872,0.6842105263157894,0.33,0.36,0.49,0.19,0.22,0.1,0.12,0.31,0.56,0.46,0.13,0.14,0.17,0.23,0.41,0.24
327,Justise Winslow,MIA,SF,0.468013468013468,0.7052105638829406,0.20240748996879185,0.1538461538461538,0.34615384615384615,0.32084095063985385,0.2709923664122138,0.15677321156773213,0.46124763705103966,0.4736842105263159,0.33,0.2,0.25,0.3,0.39,0.14,0.17,0.22,0.39,0.32,0.28,0.38,0.14,0.33,0.35,0.22
328,Christian Wood,DET,PF,0.037037037037037035,0.26873661670235544,0.652251448952296,0.6153846153846154,0.3205128205128205,0.5763254113345522,0.467557251908397,0.31582952815829535,0.18525519848771266,0.6842105263157894,0.52,0.26,0.31,0.64,0.54,0.52,0.61,0.53,0.61,0.59,0.06,0.29,0.44,0.4,0.25,0.6
329,Delon Wright,DAL,SG,0.569023569023569,0.39935760171306206,0.44137316094516277,0.3846153846153848,0.3846153846153846,0.21937842778793423,0.2820610687022901,0.28767123287671237,0.29111531190926276,0.4210526315789476,0.32,0.22,0.29,0.31,0.36,0.24,0.25,0.25,0.26,0.24,0.47,0.71,0.19,0.3,0.16,0.29
330,Thaddeus Young,CHI,PF,0.9124579124579124,0.775517487508922,0.42175657601426664,0.3461538461538463,0.24358974358974358,0.38985374771480813,0.33854961832061076,0.30365296803652975,0.5614366729678639,0.5789473684210523,0.44,0.14,0.19,0.56,0.55,0.09,0.12,0.45,0.37,0.39,0.18,0.71,0.14,0.3,0.24,0.33
331,Trae Young,ATL,PG,0.13131313131313133,0.8615274803711633,0.6246098974587607,0.4230769230769233,0.5256410256410255,0.13071297989031078,0.8209923664122138,0.44063926940639275,0.14366729678638943,0.21052631578947353,0.88,0.58,0.7,0.55,0.62,0.69,0.7,0.12,0.2,0.15,0.9,0.38,0.06,0.95,0.1,0.79
332,Cody Zeller,CHO,C,0.5824915824915825,0.5620985010706637,0.49264378065091396,0.5769230769230769,0.06410256410256411,0.5045703839122487,0.2709923664122138,0.37366818873668195,0.3553875236294896,0.7894736842105264,0.28,0.02,0.05,0.52,0.49,0.33,0.38,0.59,0.47,0.52,0.14,0.43,0.33,0.26,0.53,0.33
333,Tyler Zeller,SAS,C,0.27946127946127947,0.16202712348322623,0.40213999108337045,0.3846153846153848,0.05128205128205128,0.5022851919561243,0.3522900763358779,0.2184170471841705,0.1379962192816635,0.7368421052631576,0.41,0.06,0.04,0.61,0.63,0.27,0.29,0.61,0.44,0.5,0.12,0.1,0.31,0.26,0.59,0.37
334,Ante Zizic,CLE,C,0.037037037037037035,0.17023554603854385,0.5604101649576461,0.730769230769231,0.0,0.5808957952468007,0.32709923664122137,0.2511415525114155,0.0661625708884688,0.6842105263157894,0.36,0.0,0.0,0.66,0.62,0.31,0.37,0.65,0.53,0.58,0.09,0.1,0.31,0.33,0.51,0.4
335,Ivica Zubac,LAC,C,0.37037037037037035,0.26124197002141325,0.5737851092287116,0.5769230769230769,0.01282051282051282,0.6613345521023767,0.3347328244274809,0.3089802130898022,0.23629489603024575,0.7894736842105264,0.4,0.0,0.0,0.71,0.66,0.33,0.35,0.8,0.66,0.72,0.13,0.1,0.5,0.35,0.61,0.43
