;epsilon;min_size;score;nb_clusters;var_portion
781;0.5500000000000002;2.0;0.2571359919369887;3.0;0.8500000000000002
113;0.27;3.0;0.24185894522480766;3.0;0.6
115;0.28;3.0;0.24185894522480766;3.0;0.6
111;0.26000000000000006;3.0;0.24185894522480766;3.0;0.6
104;0.23000000000000004;3.0;0.2329935314318412;3.0;0.6
106;0.24000000000000005;3.0;0.2329935314318412;3.0;0.6
109;0.25000000000000006;3.0;0.2329935314318412;3.0;0.6
251;0.38000000000000006;2.0;0.2303338592962876;3.0;0.65
383;0.38000000000000006;2.0;0.2303338592962876;3.0;0.7000000000000001
97;0.2;6.0;0.22157340430594127;3.0;0.6
94;0.19;6.0;0.2190537489589302;3.0;0.6
89;0.18000000000000005;5.0;0.21763323253571537;3.0;0.6
514;0.37000000000000005;5.0;0.20636846877853204;3.0;0.7500000000000001
653;0.37000000000000005;5.0;0.20636846877853204;3.0;0.8000000000000002
90;0.18000000000000005;6.0;0.20500175227470635;3.0;0.6
83;0.17000000000000004;5.0;0.20360743783551719;4.0;0.6
82;0.17000000000000004;4.0;0.20088007217338003;4.0;0.6
511;0.36000000000000004;5.0;0.2008508063299556;3.0;0.7500000000000001
650;0.36000000000000004;5.0;0.2008508063299556;3.0;0.8000000000000002
102;0.22000000000000003;6.0;0.19639868611239644;3.0;0.6
92;0.19;3.0;0.19563720870659482;4.0;0.6
380;0.35000000000000003;2.0;0.1942652339643196;5.0;0.7000000000000001
248;0.35000000000000003;2.0;0.1942652339643196;5.0;0.65
93;0.19;4.0;0.19353605114113698;3.0;0.6
107;0.24000000000000005;7.0;0.1926057590038523;3.0;0.6
249;0.36000000000000004;2.0;0.19235440641836496;5.0;0.65
381;0.36000000000000004;2.0;0.19235440641836496;5.0;0.7000000000000001
96;0.2;3.0;0.19138712963614246;3.0;0.6
99;0.21000000000000002;3.0;0.19138712963614246;3.0;0.6
87;0.18000000000000005;3.0;0.18988913437450355;4.0;0.6
250;0.37000000000000005;2.0;0.1875934708156978;4.0;0.65
382;0.37000000000000005;2.0;0.1875934708156978;4.0;0.7000000000000001
88;0.18000000000000005;4.0;0.18496593523827312;3.0;0.6
359;0.27;5.0;0.17833379913510777;3.0;0.7000000000000001
227;0.27;5.0;0.17833379913510777;3.0;0.65
377;0.33;5.0;0.17520400633847952;3.0;0.7000000000000001
245;0.33;5.0;0.17520400633847952;3.0;0.65
374;0.32000000000000006;5.0;0.17371542912379173;3.0;0.7000000000000001
242;0.32000000000000006;5.0;0.17371542912379173;3.0;0.65
368;0.30000000000000004;4.0;0.17348449209608574;3.0;0.7000000000000001
236;0.30000000000000004;4.0;0.17348449209608574;3.0;0.65
512;0.36000000000000004;6.0;0.17244547611020705;3.0;0.7500000000000001
651;0.36000000000000004;6.0;0.17244547611020705;3.0;0.8000000000000002
637;0.33;3.0;0.1721056855235594;4.0;0.8000000000000002
498;0.33;3.0;0.1721056855235594;4.0;0.7500000000000001
371;0.31000000000000005;4.0;0.1719340294297854;3.0;0.7000000000000001
239;0.31000000000000005;4.0;0.1719340294297854;3.0;0.65
646;0.35000000000000003;4.0;0.17163543946771673;4.0;0.8000000000000002
507;0.35000000000000003;4.0;0.17163543946771673;4.0;0.7500000000000001
348;0.25000000000000006;3.0;0.17105794604946223;4.0;0.7000000000000001
216;0.25000000000000006;3.0;0.17105794604946223;4.0;0.65
233;0.29000000000000004;4.0;0.16933230232449406;3.0;0.65
365;0.29000000000000004;4.0;0.16933230232449406;3.0;0.7000000000000001
101;0.22000000000000003;3.0;0.16584570804027202;4.0;0.6
230;0.28;4.0;0.16574169474241926;3.0;0.65
362;0.28;4.0;0.16574169474241926;3.0;0.7000000000000001
509;0.35000000000000003;6.0;0.16551284006098285;3.0;0.7500000000000001
648;0.35000000000000003;6.0;0.16551284006098285;3.0;0.8000000000000002
349;0.25000000000000006;4.0;0.16499640023746634;4.0;0.7000000000000001
217;0.25000000000000006;4.0;0.16499640023746634;4.0;0.65
354;0.26000000000000006;4.0;0.1630127875937224;4.0;0.7000000000000001
222;0.26000000000000006;4.0;0.1630127875937224;4.0;0.65
902;0.5500000000000002;2.0;0.16283019900871132;4.0;0.9000000000000002
72;0.15000000000000002;5.0;0.1626098010031099;3.0;0.6
770;0.44000000000000006;2.0;0.15657127127774512;4.0;0.8500000000000002
642;0.34;4.0;0.15594471461391315;4.0;0.8000000000000002
503;0.34;4.0;0.15594471461391315;4.0;0.7500000000000001
647;0.35000000000000003;5.0;0.15280617115781908;5.0;0.8000000000000002
508;0.35000000000000003;5.0;0.15280617115781908;5.0;0.7500000000000001
226;0.27;4.0;0.15086801582083917;3.0;0.65
358;0.27;4.0;0.15086801582083917;3.0;0.7000000000000001
643;0.34;5.0;0.14987203265815402;5.0;0.8000000000000002
504;0.34;5.0;0.14987203265815402;5.0;0.7500000000000001
762;0.39000000000000007;5.0;0.14947671772345064;3.0;0.8500000000000002
350;0.25000000000000006;5.0;0.14889554190867837;3.0;0.7000000000000001
218;0.25000000000000006;5.0;0.14889554190867837;3.0;0.65
761;0.39000000000000007;4.0;0.14385768671559704;5.0;0.8500000000000002
632;0.32000000000000006;3.0;0.1428524429627752;5.0;0.8000000000000002
493;0.32000000000000006;3.0;0.1428524429627752;5.0;0.7500000000000001
499;0.33;4.0;0.14088612028739173;5.0;0.7500000000000001
638;0.33;4.0;0.14088612028739173;5.0;0.8000000000000002
342;0.24000000000000005;3.0;0.14026233991621492;5.0;0.7000000000000001
210;0.24000000000000005;3.0;0.14026233991621492;5.0;0.65
223;0.26000000000000006;6.0;0.1392647055087844;3.0;0.65
355;0.26000000000000006;6.0;0.1392647055087844;3.0;0.7000000000000001
888;0.44000000000000006;5.0;0.13902577763799656;3.0;0.9000000000000002
203;0.23000000000000004;3.0;0.13771822153895974;5.0;0.65
335;0.23000000000000004;3.0;0.13771822153895974;5.0;0.7000000000000001
882;0.43000000000000005;4.0;0.13526167751409338;4.0;0.9000000000000002
758;0.38000000000000006;4.0;0.1339426794061787;5.0;0.8500000000000002
500;0.33;5.0;0.1338122551346207;4.0;0.7500000000000001
639;0.33;5.0;0.1338122551346207;4.0;0.8000000000000002
769;0.43000000000000005;2.0;0.13030603586037384;5.0;0.8500000000000002
84;0.17000000000000004;7.0;0.13019243849954465;3.0;0.6
78;0.16000000000000003;7.0;0.12985443319950182;3.0;0.6
626;0.31000000000000005;3.0;0.1287610605454312;5.0;0.8000000000000002
487;0.31000000000000005;3.0;0.1287610605454312;5.0;0.7500000000000001
767;0.4100000000000001;4.0;0.12800827978556456;3.0;0.8500000000000002
875;0.42000000000000004;3.0;0.12778384035022833;4.0;0.9000000000000002
760;0.39000000000000007;3.0;0.1275594140323292;3.0;0.8500000000000002
754;0.37000000000000005;4.0;0.12617028907682987;5.0;0.8500000000000002
494;0.32000000000000006;4.0;0.12548346507276525;5.0;0.7500000000000001
633;0.32000000000000006;4.0;0.12548346507276525;5.0;0.8000000000000002
73;0.15000000000000002;6.0;0.12294235838966489;3.0;0.6
85;0.17000000000000004;9.0;0.12088239101839113;3.0;0.6
876;0.42000000000000004;4.0;0.1205367711294617;4.0;0.9000000000000002
114;0.28;2.0;0.11750380869717994;4.0;0.6
112;0.27;2.0;0.11750380869717994;4.0;0.6
110;0.26000000000000006;2.0;0.11750380869717994;4.0;0.6
764;0.4000000000000001;4.0;0.11700747891655136;3.0;0.8500000000000002
627;0.31000000000000005;4.0;0.11657148957438489;5.0;0.8000000000000002
488;0.31000000000000005;4.0;0.11657148957438489;5.0;0.7500000000000001
757;0.38000000000000006;3.0;0.1154894976030189;3.0;0.8500000000000002
739;0.34;3.0;0.11519613801106625;5.0;0.8500000000000002
881;0.43000000000000005;3.0;0.11462622184989414;4.0;0.9000000000000002
108;0.25000000000000006;2.0;0.11197102681861347;4.0;0.6
105;0.24000000000000005;2.0;0.11197102681861347;4.0;0.6
103;0.23000000000000004;2.0;0.11197102681861347;4.0;0.6
749;0.36000000000000004;4.0;0.11193572575585421;4.0;0.8500000000000002
887;0.44000000000000006;4.0;0.11106169568935007;3.0;0.9000000000000002
870;0.4100000000000001;3.0;0.1096393606445172;4.0;0.9000000000000002
618;0.30000000000000004;3.0;0.10766120127532235;6.0;0.8000000000000002
479;0.30000000000000004;3.0;0.10766120127532235;6.0;0.7500000000000001
119;0.32000000000000006;2.0;0.10686890246570932;3.0;0.6
117;0.30000000000000004;2.0;0.10686890246570932;3.0;0.6
118;0.31000000000000005;2.0;0.10686890246570932;3.0;0.6
116;0.29000000000000004;2.0;0.10686890246570932;3.0;0.6
753;0.37000000000000005;3.0;0.10448146663948751;3.0;0.8500000000000002
91;0.19;2.0;0.10375775063373734;7.0;0.6
471;0.29000000000000004;3.0;0.10298900516866558;6.0;0.7500000000000001
610;0.29000000000000004;3.0;0.10298900516866558;6.0;0.8000000000000002
869;0.4100000000000001;2.0;0.10249758117590164;6.0;0.9000000000000002
86;0.18000000000000005;2.0;0.10103421658765062;8.0;0.6
738;0.34;2.0;0.10026556715133099;9.0;0.8500000000000002
65;0.14;6.0;0.0991928130778718;3.0;0.6
895;0.4800000000000001;2.0;0.09776529250572755;4.0;0.9000000000000002
896;0.49000000000000005;2.0;0.09633276445896694;4.0;0.9000000000000002
98;0.21000000000000002;2.0;0.09619863078766876;6.0;0.6
95;0.2;2.0;0.09619863078766876;6.0;0.6
871;0.4100000000000001;4.0;0.09579638739788779;4.0;0.9000000000000002
100;0.22000000000000003;2.0;0.09329352656490258;5.0;0.6
897;0.5000000000000001;2.0;0.09294515527040134;3.0;0.9000000000000002
79;0.16000000000000003;8.0;0.09167175547754665;3.0;0.6
748;0.36000000000000004;3.0;0.08687498908101235;4.0;0.8500000000000002
755;0.37000000000000005;6.0;0.0857451892568832;3.0;0.8500000000000002
886;0.44000000000000006;3.0;0.08481771964914657;3.0;0.9000000000000002
772;0.4600000000000001;2.0;0.08278830502585667;4.0;0.8500000000000002
741;0.34;5.0;0.08160106826453524;3.0;0.8500000000000002
212;0.24000000000000005;7.0;0.08147121090129861;3.0;0.65
344;0.24000000000000005;7.0;0.08147121090129861;3.0;0.7000000000000001
773;0.4700000000000001;2.0;0.08026282264650222;4.0;0.8500000000000002
776;0.5000000000000001;2.0;0.07966568414598298;4.0;0.8500000000000002
777;0.5100000000000001;2.0;0.07966568414598298;4.0;0.8500000000000002
775;0.49000000000000005;2.0;0.07931460128617356;4.0;0.8500000000000002
766;0.4100000000000001;3.0;0.07865695417433186;3.0;0.8500000000000002
779;0.5300000000000001;2.0;0.07833890434537177;4.0;0.8500000000000002
778;0.5200000000000001;2.0;0.07833890434537177;4.0;0.8500000000000002
774;0.4800000000000001;2.0;0.07820073632514657;4.0;0.8500000000000002
780;0.5400000000000001;2.0;0.07815996505785333;4.0;0.8500000000000002
744;0.35000000000000003;3.0;0.07805642320323895;4.0;0.8500000000000002
901;0.5400000000000001;2.0;0.07671710922269798;4.0;0.9000000000000002
866;0.4000000000000001;4.0;0.0759849820992868;3.0;0.9000000000000002
329;0.22000000000000003;5.0;0.0755253568462802;3.0;0.7000000000000001
197;0.22000000000000003;5.0;0.0755253568462802;3.0;0.65
899;0.5200000000000001;2.0;0.07515106425981835;4.0;0.9000000000000002
900;0.5300000000000001;2.0;0.07515106425981835;4.0;0.9000000000000002
771;0.45000000000000007;2.0;0.07491639860139279;4.0;0.8500000000000002
898;0.5100000000000001;2.0;0.0745308375367163;4.0;0.9000000000000002
756;0.38000000000000006;2.0;0.06461775618472608;7.0;0.8500000000000002
659;0.43000000000000005;2.0;0.06294929049971108;4.0;0.8000000000000002
520;0.43000000000000005;2.0;0.06294929049971108;4.0;0.7500000000000001
244;0.33;3.0;0.062494879487006764;3.0;0.65
376;0.33;3.0;0.062494879487006764;3.0;0.7000000000000001
518;0.4100000000000001;2.0;0.061467206083190194;4.0;0.7500000000000001
519;0.42000000000000004;2.0;0.061467206083190194;4.0;0.7500000000000001
658;0.42000000000000004;2.0;0.061467206083190194;4.0;0.8000000000000002
657;0.4100000000000001;2.0;0.061467206083190194;4.0;0.8000000000000002
247;0.34;3.0;0.060929019758376356;3.0;0.65
379;0.34;3.0;0.060929019758376356;3.0;0.7000000000000001
241;0.32000000000000006;3.0;0.06039312210079206;3.0;0.65
373;0.32000000000000006;3.0;0.06039312210079206;3.0;0.7000000000000001
644;0.34;8.0;0.05920000026766502;3.0;0.8000000000000002
505;0.34;8.0;0.05920000026766502;3.0;0.7500000000000001
747;0.36000000000000004;2.0;0.0550425728330062;8.0;0.8500000000000002
522;0.45000000000000007;2.0;0.053461112261166545;3.0;0.7500000000000001
661;0.45000000000000007;2.0;0.053461112261166545;3.0;0.8000000000000002
660;0.44000000000000006;2.0;0.0529097473775242;3.0;0.8000000000000002
521;0.44000000000000006;2.0;0.0529097473775242;3.0;0.7500000000000001
743;0.35000000000000003;2.0;0.05047162976764996;8.0;0.8500000000000002
890;0.44000000000000006;9.0;0.04757893781267233;3.0;0.9000000000000002
872;0.4100000000000001;5.0;0.045688844382824785;3.0;0.9000000000000002
903;0.5600000000000002;2.0;0.04376797371538369;5.0;0.9000000000000002
640;0.33;6.0;0.04307697907947699;3.0;0.8000000000000002
501;0.33;6.0;0.04307697907947699;3.0;0.7500000000000001
904;0.5700000000000002;2.0;0.042697365756828795;5.0;0.9000000000000002
905;0.5800000000000002;2.0;0.04251750640515562;5.0;0.9000000000000002
906;0.5900000000000002;2.0;0.04174620372401223;5.0;0.9000000000000002
68;0.14;9.0;0.03748094869178876;3.0;0.6
883;0.43000000000000005;8.0;0.03635693991979383;3.0;0.9000000000000002
330;0.22000000000000003;6.0;0.0289804920421599;3.0;0.7000000000000001
198;0.22000000000000003;6.0;0.0289804920421599;3.0;0.65
884;0.43000000000000005;9.0;0.028145158619285276;3.0;0.9000000000000002
497;0.33;2.0;0.027789136961608108;11.0;0.7500000000000001
636;0.33;2.0;0.027789136961608108;11.0;0.8000000000000002
64;0.14;5.0;0.026174544107660302;4.0;0.6
621;0.30000000000000004;6.0;0.02347335844156604;3.0;0.8000000000000002
482;0.30000000000000004;6.0;0.02347335844156604;3.0;0.7500000000000001
345;0.24000000000000005;8.0;0.023273439513758282;3.0;0.7000000000000001
213;0.24000000000000005;8.0;0.023273439513758282;3.0;0.65
378;0.34;2.0;0.023036499500117175;6.0;0.7000000000000001
246;0.34;2.0;0.023036499500117175;6.0;0.65
77;0.16000000000000003;4.0;0.021770843678157265;5.0;0.6
206;0.23000000000000004;7.0;0.019939856520773656;4.0;0.65
338;0.23000000000000004;7.0;0.019939856520773656;4.0;0.7000000000000001
879;0.42000000000000004;8.0;0.017914853565817283;3.0;0.9000000000000002
605;0.28;4.0;0.01751390630875361;5.0;0.8000000000000002
466;0.28;4.0;0.01751390630875361;5.0;0.7500000000000001
496;0.32000000000000006;6.0;0.017465558680478784;3.0;0.7500000000000001
635;0.32000000000000006;6.0;0.017465558680478784;3.0;0.8000000000000002
74;0.15000000000000002;7.0;0.016404331360948664;4.0;0.6
628;0.31000000000000005;5.0;0.015320093207334205;4.0;0.8000000000000002
489;0.31000000000000005;5.0;0.015320093207334205;4.0;0.7500000000000001
612;0.29000000000000004;5.0;0.015049435439057205;5.0;0.8000000000000002
473;0.29000000000000004;5.0;0.015049435439057205;5.0;0.7500000000000001
205;0.23000000000000004;6.0;0.013635408704106363;5.0;0.65
337;0.23000000000000004;6.0;0.013635408704106363;5.0;0.7000000000000001
351;0.25000000000000006;8.0;0.013290749485677392;3.0;0.7000000000000001
219;0.25000000000000006;8.0;0.013290749485677392;3.0;0.65
228;0.28;2.0;0.01234298581556973;9.0;0.65
360;0.28;2.0;0.01234298581556973;9.0;0.7000000000000001
634;0.32000000000000006;5.0;0.011201770038956973;5.0;0.8000000000000002
495;0.32000000000000006;5.0;0.011201770038956973;5.0;0.7500000000000001
199;0.22000000000000003;7.0;0.011179018252019455;3.0;0.65
331;0.22000000000000003;7.0;0.011179018252019455;3.0;0.7000000000000001
67;0.14;8.0;0.010952954260561884;3.0;0.6
243;0.33;2.0;0.009520084873947869;7.0;0.65
375;0.33;2.0;0.009520084873947869;7.0;0.7000000000000001
232;0.29000000000000004;3.0;0.009377388445229475;4.0;0.65
364;0.29000000000000004;3.0;0.009377388445229475;4.0;0.7000000000000001
229;0.28;3.0;0.008551955730415312;4.0;0.65
361;0.28;3.0;0.008551955730415312;4.0;0.7000000000000001
474;0.29000000000000004;6.0;0.008467789462617356;3.0;0.7500000000000001
613;0.29000000000000004;6.0;0.008467789462617356;3.0;0.8000000000000002
752;0.37000000000000005;2.0;0.007950345110518857;8.0;0.8500000000000002
240;0.32000000000000006;2.0;0.007823166905720798;7.0;0.65
372;0.32000000000000006;2.0;0.007823166905720798;7.0;0.7000000000000001
370;0.31000000000000005;3.0;0.006361650972209332;4.0;0.7000000000000001
367;0.30000000000000004;3.0;0.006361650972209332;4.0;0.7000000000000001
235;0.30000000000000004;3.0;0.006361650972209332;4.0;0.65
238;0.31000000000000005;3.0;0.006361650972209332;4.0;0.65
357;0.27;3.0;0.005913145534583072;5.0;0.7000000000000001
225;0.27;3.0;0.005913145534583072;5.0;0.65
71;0.15000000000000002;4.0;0.0038444548661127104;6.0;0.6
735;0.33;5.0;0.003276589082469842;3.0;0.8500000000000002
363;0.29000000000000004;2.0;0.002734407555553996;10.0;0.7000000000000001
231;0.29000000000000004;2.0;0.002734407555553996;10.0;0.65
346;0.24000000000000005;9.0;0.0024137823446850944;3.0;0.7000000000000001
214;0.24000000000000005;9.0;0.0024137823446850944;3.0;0.65
480;0.30000000000000004;4.0;0.0023080860980130504;6.0;0.7500000000000001
619;0.30000000000000004;4.0;0.0023080860980130504;6.0;0.8000000000000002
339;0.23000000000000004;8.0;0.0012961820731564257;3.0;0.7000000000000001
207;0.23000000000000004;8.0;0.0012961820731564257;3.0;0.65
874;0.42000000000000004;2.0;0.0003633637010599206;8.0;0.9000000000000002
343;0.24000000000000005;4.0;-0.0012975759339642662;6.0;0.7000000000000001
211;0.24000000000000005;4.0;-0.0012975759339642662;6.0;0.65
237;0.31000000000000005;2.0;-0.0016539269688345965;8.0;0.65
369;0.31000000000000005;2.0;-0.0016539269688345965;8.0;0.7000000000000001
234;0.30000000000000004;2.0;-0.0016539269688345965;8.0;0.65
366;0.30000000000000004;2.0;-0.0016539269688345965;8.0;0.7000000000000001
58;0.13;5.0;-0.008654590291275223;5.0;0.6
733;0.33;3.0;-0.009269859301084054;7.0;0.8500000000000002
353;0.26000000000000006;3.0;-0.010831602526029797;6.0;0.7000000000000001
221;0.26000000000000006;3.0;-0.010831602526029797;6.0;0.65
759;0.39000000000000007;2.0;-0.012673467585271967;8.0;0.8500000000000002
880;0.43000000000000005;2.0;-0.01370159652315104;8.0;0.9000000000000002
336;0.23000000000000004;4.0;-0.01602646238091701;6.0;0.7000000000000001
204;0.23000000000000004;4.0;-0.01602646238091701;6.0;0.65
622;0.30000000000000004;7.0;-0.01794531849277942;3.0;0.8000000000000002
483;0.30000000000000004;7.0;-0.01794531849277942;3.0;0.7500000000000001
655;0.39000000000000007;2.0;-0.018495758447508493;6.0;0.8000000000000002
516;0.39000000000000007;2.0;-0.018495758447508493;6.0;0.7500000000000001
893;0.4600000000000001;2.0;-0.02163716690428605;5.0;0.9000000000000002
894;0.4700000000000001;2.0;-0.02163716690428605;5.0;0.9000000000000002
517;0.4000000000000001;2.0;-0.021860024806695112;5.0;0.7500000000000001
656;0.4000000000000001;2.0;-0.021860024806695112;5.0;0.8000000000000002
750;0.36000000000000004;6.0;-0.0226253251181749;3.0;0.8500000000000002
340;0.23000000000000004;9.0;-0.02455931662662748;3.0;0.7000000000000001
208;0.23000000000000004;9.0;-0.02455931662662748;3.0;0.65
50;0.12000000000000001;5.0;-0.025556315894179674;7.0;0.6
59;0.13;6.0;-0.026355620287342167;5.0;0.6
864;0.4000000000000001;2.0;-0.028895072919096758;9.0;0.9000000000000002
865;0.4000000000000001;3.0;-0.029986647918650678;6.0;0.9000000000000002
66;0.14;7.0;-0.03021817159734859;5.0;0.6
878;0.42000000000000004;7.0;-0.031217196624054956;3.0;0.9000000000000002
53;0.12000000000000001;8.0;-0.031713106684021046;3.0;0.6
51;0.12000000000000001;6.0;-0.03661400628878163;6.0;0.6
763;0.4000000000000001;2.0;-0.04156859519887498;7.0;0.8500000000000002
45;0.11000000000000001;7.0;-0.04258610177904975;3.0;0.6
732;0.33;2.0;-0.04288363046245621;11.0;0.8500000000000002
63;0.14;4.0;-0.043369172943036376;9.0;0.6
196;0.22000000000000003;4.0;-0.04521210006110075;4.0;0.65
328;0.22000000000000003;4.0;-0.04521210006110075;4.0;0.7000000000000001
745;0.35000000000000003;4.0;-0.0453686095292528;3.0;0.8500000000000002
486;0.31000000000000005;2.0;-0.045481101459315616;13.0;0.7500000000000001
625;0.31000000000000005;2.0;-0.045481101459315616;13.0;0.8000000000000002
60;0.13;7.0;-0.046487456187852494;5.0;0.6
490;0.31000000000000005;8.0;-0.0487219955166604;3.0;0.7500000000000001
629;0.31000000000000005;8.0;-0.0487219955166604;3.0;0.8000000000000002
740;0.34;4.0;-0.04892429441244221;3.0;0.8500000000000002
62;0.14;3.0;-0.04999466275396027;11.0;0.6
461;0.27;6.0;-0.050710697122815084;3.0;0.7500000000000001
600;0.27;6.0;-0.050710697122815084;3.0;0.8000000000000002
57;0.13;4.0;-0.05225117057072363;8.0;0.6
347;0.25000000000000006;2.0;-0.053723291755322436;14.0;0.7000000000000001
215;0.25000000000000006;2.0;-0.053723291755322436;14.0;0.65
56;0.13;3.0;-0.055319620717367644;11.0;0.6
631;0.32000000000000006;2.0;-0.05584435636359208;13.0;0.8000000000000002
492;0.32000000000000006;2.0;-0.05584435636359208;13.0;0.7500000000000001
889;0.44000000000000006;8.0;-0.05928581180404517;3.0;0.9000000000000002
54;0.12000000000000001;9.0;-0.06211642587252314;3.0;0.6
317;0.2;6.0;-0.0636641107031356;4.0;0.7000000000000001
185;0.2;6.0;-0.0636641107031356;4.0;0.65
858;0.39000000000000007;3.0;-0.06433037202771166;5.0;0.9000000000000002
877;0.42000000000000004;6.0;-0.0661285193832045;4.0;0.9000000000000002
846;0.37000000000000005;5.0;-0.06641983539459705;3.0;0.9000000000000002
620;0.30000000000000004;5.0;-0.0664227288514458;7.0;0.8000000000000002
481;0.30000000000000004;5.0;-0.0664227288514458;7.0;0.7500000000000001
885;0.44000000000000006;2.0;-0.06853277629166386;8.0;0.9000000000000002
70;0.15000000000000002;3.0;-0.06880865550080963;7.0;0.6
861;0.39000000000000007;6.0;-0.07003635310576961;4.0;0.9000000000000002
611;0.29000000000000004;4.0;-0.07110723615542255;7.0;0.8000000000000002
472;0.29000000000000004;4.0;-0.07110723615542255;7.0;0.7500000000000001
200;0.22000000000000003;8.0;-0.07209795224686764;3.0;0.65
332;0.22000000000000003;8.0;-0.07209795224686764;3.0;0.7000000000000001
81;0.17000000000000004;3.0;-0.07480835972001534;5.0;0.6
76;0.16000000000000003;3.0;-0.07576648544035942;5.0;0.6
892;0.45000000000000007;3.0;-0.0775221809264162;4.0;0.9000000000000002
321;0.21000000000000002;3.0;-0.07770887666419808;7.0;0.7000000000000001
189;0.21000000000000002;3.0;-0.07770887666419808;7.0;0.65
43;0.11000000000000001;5.0;-0.07776664008986264;9.0;0.6
333;0.22000000000000003;9.0;-0.07833236442004876;3.0;0.7000000000000001
201;0.22000000000000003;9.0;-0.07833236442004876;3.0;0.65
891;0.45000000000000007;2.0;-0.07923385616352566;7.0;0.9000000000000002
654;0.38000000000000006;2.0;-0.07965569958640387;8.0;0.8000000000000002
515;0.38000000000000006;2.0;-0.07965569958640387;8.0;0.7500000000000001
325;0.21000000000000002;8.0;-0.08016991717923885;3.0;0.7000000000000001
193;0.21000000000000002;8.0;-0.08016991717923885;3.0;0.65
649;0.36000000000000004;2.0;-0.08130207703056166;8.0;0.8000000000000002
510;0.36000000000000004;2.0;-0.08130207703056166;8.0;0.7500000000000001
513;0.37000000000000005;2.0;-0.08177174860635206;9.0;0.7500000000000001
652;0.37000000000000005;2.0;-0.08177174860635206;9.0;0.8000000000000002
38;0.1;8.0;-0.08349519622385196;3.0;0.6
52;0.12000000000000001;7.0;-0.08428119918546698;4.0;0.6
39;0.1;9.0;-0.08468290651807835;3.0;0.6
838;0.36000000000000004;4.0;-0.08487926555054356;3.0;0.9000000000000002
465;0.28;3.0;-0.08516825875213152;8.0;0.7500000000000001
604;0.28;3.0;-0.08516825875213152;8.0;0.8000000000000002
192;0.21000000000000002;6.0;-0.08863373225109204;4.0;0.65
324;0.21000000000000002;6.0;-0.08863373225109204;4.0;0.7000000000000001
857;0.39000000000000007;2.0;-0.08902042396243272;12.0;0.9000000000000002
42;0.11000000000000001;4.0;-0.09049975685375747;9.0;0.6
851;0.38000000000000006;3.0;-0.09114982294961067;6.0;0.9000000000000002
742;0.34;8.0;-0.09190872434134982;3.0;0.8500000000000002
209;0.24000000000000005;2.0;-0.09321673962851247;15.0;0.65
341;0.24000000000000005;2.0;-0.09321673962851247;15.0;0.7000000000000001
502;0.34;2.0;-0.09498929496200606;10.0;0.7500000000000001
641;0.34;2.0;-0.09498929496200606;10.0;0.8000000000000002
854;0.38000000000000006;6.0;-0.09597598251759842;4.0;0.9000000000000002
736;0.33;6.0;-0.09599920001873079;3.0;0.8500000000000002
723;0.31000000000000005;3.0;-0.0993824199759886;9.0;0.8500000000000002
606;0.28;5.0;-0.10179274437251469;6.0;0.8000000000000002
467;0.28;5.0;-0.10179274437251469;6.0;0.7500000000000001
34;0.1;4.0;-0.1021042918907588;9.0;0.6
334;0.23000000000000004;2.0;-0.10235137077663849;16.0;0.7000000000000001
202;0.23000000000000004;2.0;-0.10235137077663849;16.0;0.65
49;0.12000000000000001;4.0;-0.10297542027374386;10.0;0.6
44;0.11000000000000001;6.0;-0.10320915307502088;6.0;0.6
737;0.33;7.0;-0.10368867105651645;3.0;0.8500000000000002
356;0.27;2.0;-0.10426934741359957;11.0;0.7000000000000001
224;0.27;2.0;-0.10426934741359957;11.0;0.65
178;0.19;7.0;-0.10676818021237533;3.0;0.65
310;0.19;7.0;-0.10676818021237533;3.0;0.7000000000000001
191;0.21000000000000002;5.0;-0.10858860122292874;7.0;0.65
323;0.21000000000000002;5.0;-0.10858860122292874;7.0;0.7000000000000001
458;0.27;3.0;-0.10874131290437139;8.0;0.7500000000000001
597;0.27;3.0;-0.10874131290437139;8.0;0.8000000000000002
728;0.32000000000000006;3.0;-0.10875851994994176;10.0;0.8500000000000002
645;0.35000000000000003;2.0;-0.11040387930813556;9.0;0.8000000000000002
506;0.35000000000000003;2.0;-0.11040387930813556;9.0;0.7500000000000001
590;0.26000000000000006;3.0;-0.11092315330218006;9.0;0.8000000000000002
451;0.26000000000000006;3.0;-0.11092315330218006;9.0;0.7500000000000001
309;0.19;6.0;-0.11164791313693308;4.0;0.7000000000000001
177;0.19;6.0;-0.11164791313693308;4.0;0.65
768;0.42000000000000004;2.0;-0.11172821768193446;7.0;0.8500000000000002
80;0.17000000000000004;2.0;-0.11318268934202443;10.0;0.6
859;0.39000000000000007;4.0;-0.11403969426333294;7.0;0.9000000000000002
463;0.27;9.0;-0.11503351779945267;3.0;0.7500000000000001
602;0.27;9.0;-0.11503351779945267;3.0;0.8000000000000002
322;0.21000000000000002;4.0;-0.1164795568771276;6.0;0.7000000000000001
190;0.21000000000000002;4.0;-0.1164795568771276;6.0;0.65
46;0.11000000000000001;8.0;-0.11685019430131642;4.0;0.6
61;0.14;2.0;-0.11862647841420043;17.0;0.6
327;0.22000000000000003;3.0;-0.12004379833979434;6.0;0.7000000000000001
195;0.22000000000000003;3.0;-0.12004379833979434;6.0;0.65
484;0.30000000000000004;8.0;-0.12161845298965657;4.0;0.7500000000000001
623;0.30000000000000004;8.0;-0.12161845298965657;4.0;0.8000000000000002
873;0.4100000000000001;6.0;-0.1219210220055148;5.0;0.9000000000000002
48;0.12000000000000001;3.0;-0.12196988822331542;11.0;0.6
595;0.26000000000000006;9.0;-0.12225908875543127;3.0;0.8000000000000002
456;0.26000000000000006;9.0;-0.12225908875543127;3.0;0.7500000000000001
55;0.13;2.0;-0.12330430364412572;18.0;0.6
867;0.4000000000000001;5.0;-0.12391732951083782;5.0;0.9000000000000002
30;0.09000000000000001;8.0;-0.12468944758574023;4.0;0.6
617;0.30000000000000004;2.0;-0.12496126207752462;13.0;0.8000000000000002
478;0.30000000000000004;2.0;-0.12496126207752462;13.0;0.7500000000000001
470;0.29000000000000004;2.0;-0.1253595743004562;13.0;0.7500000000000001
609;0.29000000000000004;2.0;-0.1253595743004562;13.0;0.8000000000000002
751;0.36000000000000004;9.0;-0.1264049750819803;4.0;0.8500000000000002
31;0.09000000000000001;9.0;-0.1276529828285198;3.0;0.6
863;0.39000000000000007;9.0;-0.12815504158551722;3.0;0.9000000000000002
319;0.2;9.0;-0.12911298490585596;3.0;0.7000000000000001
187;0.2;9.0;-0.12911298490585596;3.0;0.65
460;0.27;5.0;-0.12931630500352964;8.0;0.7500000000000001
599;0.27;5.0;-0.12931630500352964;8.0;0.8000000000000002
318;0.2;7.0;-0.1293850010291396;4.0;0.7000000000000001
186;0.2;7.0;-0.1293850010291396;4.0;0.65
491;0.31000000000000005;9.0;-0.13065212850041086;4.0;0.7500000000000001
630;0.31000000000000005;9.0;-0.13065212850041086;4.0;0.8000000000000002
765;0.4100000000000001;2.0;-0.13206305968055818;9.0;0.8500000000000002
860;0.39000000000000007;5.0;-0.13326962783586774;5.0;0.9000000000000002
726;0.31000000000000005;6.0;-0.13377732520307267;3.0;0.8500000000000002
37;0.1;7.0;-0.13430790278001187;6.0;0.6
853;0.38000000000000006;5.0;-0.13571748951846013;4.0;0.9000000000000002
715;0.30000000000000004;3.0;-0.13729772634706042;11.0;0.8500000000000002
855;0.38000000000000006;8.0;-0.13740377539313883;3.0;0.9000000000000002
35;0.1;5.0;-0.13747291327553424;9.0;0.6
607;0.28;6.0;-0.13750998861786226;5.0;0.8000000000000002
468;0.28;6.0;-0.13750998861786226;5.0;0.7500000000000001
624;0.30000000000000004;9.0;-0.13860624180541603;4.0;0.8000000000000002
485;0.30000000000000004;9.0;-0.13860624180541603;4.0;0.7500000000000001
41;0.11000000000000001;3.0;-0.1388224280966502;18.0;0.6
862;0.39000000000000007;8.0;-0.13955100285834715;4.0;0.9000000000000002
180;0.19;9.0;-0.14041126081453062;3.0;0.65
312;0.19;9.0;-0.14041126081453062;3.0;0.7000000000000001
36;0.1;6.0;-0.1439281525578352;5.0;0.6
447;0.25000000000000006;6.0;-0.14569852393892924;4.0;0.7500000000000001
586;0.25000000000000006;6.0;-0.14569852393892924;4.0;0.8000000000000002
448;0.25000000000000006;8.0;-0.14601850970705937;3.0;0.7500000000000001
587;0.25000000000000006;8.0;-0.14601850970705937;3.0;0.8000000000000002
844;0.37000000000000005;3.0;-0.14632139650264767;7.0;0.9000000000000002
170;0.18000000000000005;7.0;-0.14654314992036527;4.0;0.65
302;0.18000000000000005;7.0;-0.14654314992036527;4.0;0.7000000000000001
614;0.29000000000000004;7.0;-0.14733097370848583;5.0;0.8000000000000002
475;0.29000000000000004;7.0;-0.14733097370848583;5.0;0.7500000000000001
476;0.29000000000000004;8.0;-0.14827741364915548;4.0;0.7500000000000001
615;0.29000000000000004;8.0;-0.14827741364915548;4.0;0.8000000000000002
746;0.35000000000000003;9.0;-0.14854047461169873;4.0;0.8500000000000002
29;0.09000000000000001;7.0;-0.14891935100459144;5.0;0.6
730;0.32000000000000006;5.0;-0.14918226902284207;5.0;0.8500000000000002
734;0.33;4.0;-0.14955214388885765;5.0;0.8500000000000002
727;0.32000000000000006;2.0;-0.14957417774472961;17.0;0.8500000000000002
33;0.1;3.0;-0.14969697437622756;18.0;0.6
32;0.1;2.0;-0.14974258711853833;24.0;0.6
183;0.2;4.0;-0.15011142839663022;10.0;0.65
315;0.2;4.0;-0.15011142839663022;10.0;0.7000000000000001
454;0.26000000000000006;6.0;-0.15172817285085075;4.0;0.7500000000000001
593;0.26000000000000006;6.0;-0.15172817285085075;4.0;0.8000000000000002
22;0.08000000000000002;7.0;-0.151868343819025;4.0;0.6
171;0.18000000000000005;8.0;-0.1538020909682522;5.0;0.65
303;0.18000000000000005;8.0;-0.1538020909682522;5.0;0.7000000000000001
173;0.19;2.0;-0.15528503932125765;33.0;0.65
305;0.19;2.0;-0.15528503932125765;33.0;0.7000000000000001
724;0.31000000000000005;4.0;-0.1569205056508687;9.0;0.8500000000000002
23;0.08000000000000002;8.0;-0.15732750054518063;4.0;0.6
26;0.09000000000000001;4.0;-0.15811480762162022;11.0;0.6
722;0.31000000000000005;2.0;-0.1582359340331036;19.0;0.8500000000000002
616;0.29000000000000004;9.0;-0.16022592875356859;4.0;0.8000000000000002
477;0.29000000000000004;9.0;-0.16022592875356859;4.0;0.7500000000000001
449;0.25000000000000006;9.0;-0.16033261939428936;3.0;0.7500000000000001
588;0.25000000000000006;9.0;-0.16033261939428936;3.0;0.8000000000000002
852;0.38000000000000006;4.0;-0.1608993918979721;9.0;0.9000000000000002
169;0.18000000000000005;6.0;-0.16145624995225696;6.0;0.65
301;0.18000000000000005;6.0;-0.16145624995225696;6.0;0.7000000000000001
716;0.30000000000000004;4.0;-0.16195586924849387;11.0;0.8500000000000002
729;0.32000000000000006;4.0;-0.1631334245610248;8.0;0.8500000000000002
868;0.4000000000000001;6.0;-0.16346602563386256;6.0;0.9000000000000002
856;0.38000000000000006;9.0;-0.16361497709544293;3.0;0.9000000000000002
47;0.12000000000000001;2.0;-0.1640288932207326;19.0;0.6
580;0.24000000000000005;8.0;-0.16426321256352644;3.0;0.8000000000000002
441;0.24000000000000005;8.0;-0.16426321256352644;3.0;0.7500000000000001
847;0.37000000000000005;7.0;-0.1645819454842328;5.0;0.9000000000000002
28;0.09000000000000001;6.0;-0.16484318026614866;8.0;0.6
40;0.11000000000000001;2.0;-0.16534264549895614;26.0;0.6
721;0.30000000000000004;9.0;-0.1657232909759572;3.0;0.8500000000000002
598;0.27;4.0;-0.16587938914248498;8.0;0.8000000000000002
459;0.27;4.0;-0.16587938914248498;8.0;0.7500000000000001
579;0.24000000000000005;7.0;-0.1663938912667515;3.0;0.8000000000000002
440;0.24000000000000005;7.0;-0.1663938912667515;3.0;0.7500000000000001
181;0.2;2.0;-0.16667863204155067;29.0;0.65
313;0.2;2.0;-0.16667863204155067;29.0;0.7000000000000001
352;0.26000000000000006;2.0;-0.16704955691918563;13.0;0.7000000000000001
220;0.26000000000000006;2.0;-0.16704955691918563;13.0;0.65
165;0.18000000000000005;2.0;-0.1679411250343323;35.0;0.65
297;0.18000000000000005;2.0;-0.1679411250343323;35.0;0.7000000000000001
439;0.24000000000000005;6.0;-0.16848394367829614;4.0;0.7500000000000001
578;0.24000000000000005;6.0;-0.16848394367829614;4.0;0.8000000000000002
304;0.18000000000000005;9.0;-0.16900172435152927;4.0;0.7000000000000001
172;0.18000000000000005;9.0;-0.16900172435152927;4.0;0.65
450;0.26000000000000006;2.0;-0.17000866232034445;22.0;0.7500000000000001
589;0.26000000000000006;2.0;-0.17000866232034445;22.0;0.8000000000000002
711;0.29000000000000004;6.0;-0.17005828618107377;3.0;0.8500000000000002
719;0.30000000000000004;7.0;-0.17005991540618343;3.0;0.8500000000000002
845;0.37000000000000005;4.0;-0.17025914362383351;8.0;0.9000000000000002
713;0.29000000000000004;8.0;-0.17027498218619858;3.0;0.8500000000000002
161;0.17000000000000004;5.0;-0.17136328727915148;8.0;0.65
293;0.17000000000000004;5.0;-0.17136328727915148;8.0;0.7000000000000001
27;0.09000000000000001;5.0;-0.17176941127305442;11.0;0.6
194;0.22000000000000003;2.0;-0.17183299371508334;19.0;0.65
326;0.22000000000000003;2.0;-0.17183299371508334;19.0;0.7000000000000001
608;0.28;7.0;-0.17365100481348814;5.0;0.8000000000000002
469;0.28;7.0;-0.17365100481348814;5.0;0.7500000000000001
167;0.18000000000000005;4.0;-0.17406002120583372;8.0;0.65
299;0.18000000000000005;4.0;-0.17406002120583372;8.0;0.7000000000000001
179;0.19;8.0;-0.17453335902759196;5.0;0.65
311;0.19;8.0;-0.17453335902759196;5.0;0.7000000000000001
426;0.22000000000000003;6.0;-0.17463166618786607;3.0;0.7500000000000001
565;0.22000000000000003;6.0;-0.17463166618786607;3.0;0.8000000000000002
434;0.23000000000000004;8.0;-0.17502977450591733;3.0;0.7500000000000001
573;0.23000000000000004;8.0;-0.17502977450591733;3.0;0.8000000000000002
295;0.17000000000000004;7.0;-0.17504373505339313;5.0;0.7000000000000001
163;0.17000000000000004;7.0;-0.17504373505339313;5.0;0.65
174;0.19;3.0;-0.17575984067272787;18.0;0.65
306;0.19;3.0;-0.17575984067272787;18.0;0.7000000000000001
839;0.36000000000000004;5.0;-0.17687594219162014;5.0;0.9000000000000002
432;0.23000000000000004;6.0;-0.1768995142547948;4.0;0.7500000000000001
571;0.23000000000000004;6.0;-0.1768995142547948;4.0;0.8000000000000002
830;0.35000000000000003;4.0;-0.17812074887362878;4.0;0.9000000000000002
433;0.23000000000000004;7.0;-0.17852021028957404;4.0;0.7500000000000001
572;0.23000000000000004;7.0;-0.17852021028957404;4.0;0.8000000000000002
850;0.38000000000000006;2.0;-0.17859383240287746;15.0;0.9000000000000002
592;0.26000000000000006;5.0;-0.17879525418922718;7.0;0.8000000000000002
453;0.26000000000000006;5.0;-0.17879525418922718;7.0;0.7500000000000001
10;0.060000000000000005;7.0;-0.17937912388578917;4.0;0.6
712;0.29000000000000004;7.0;-0.17992195280350992;4.0;0.8500000000000002
182;0.2;3.0;-0.18054895183231817;14.0;0.65
314;0.2;3.0;-0.18054895183231817;14.0;0.7000000000000001
155;0.16000000000000003;5.0;-0.18079029681312306;9.0;0.65
287;0.16000000000000003;5.0;-0.18079029681312306;9.0;0.7000000000000001
176;0.19;5.0;-0.18095581236171976;6.0;0.65
308;0.19;5.0;-0.18095581236171976;6.0;0.7000000000000001
16;0.07;7.0;-0.18100844652018466;5.0;0.6
694;0.26000000000000006;6.0;-0.18128568415657473;3.0;0.8500000000000002
714;0.30000000000000004;2.0;-0.18159880586989569;22.0;0.8500000000000002
316;0.2;5.0;-0.18553942530850198;8.0;0.7000000000000001
184;0.2;5.0;-0.18553942530850198;8.0;0.65
442;0.24000000000000005;9.0;-0.1858800556460503;3.0;0.7500000000000001
581;0.24000000000000005;9.0;-0.1858800556460503;3.0;0.8000000000000002
699;0.27;6.0;-0.18622026181288742;4.0;0.8500000000000002
307;0.19;4.0;-0.18649995856603138;12.0;0.7000000000000001
175;0.19;4.0;-0.18649995856603138;12.0;0.65
296;0.17000000000000004;8.0;-0.18687272558210405;6.0;0.7000000000000001
164;0.17000000000000004;8.0;-0.18687272558210405;6.0;0.65
427;0.22000000000000003;7.0;-0.1878416103998493;3.0;0.7500000000000001
566;0.22000000000000003;7.0;-0.1878416103998493;3.0;0.8000000000000002
320;0.21000000000000002;2.0;-0.18825677251682083;20.0;0.7000000000000001
188;0.21000000000000002;2.0;-0.18825677251682083;20.0;0.65
21;0.08000000000000002;6.0;-0.18831170712528994;7.0;0.6
300;0.18000000000000005;5.0;-0.18908532952958335;6.0;0.7000000000000001
168;0.18000000000000005;5.0;-0.18908532952958335;6.0;0.65
603;0.28;2.0;-0.1891708358502945;19.0;0.8000000000000002
464;0.28;2.0;-0.1891708358502945;19.0;0.7500000000000001
166;0.18000000000000005;3.0;-0.18932415406277187;19.0;0.65
298;0.18000000000000005;3.0;-0.18932415406277187;19.0;0.7000000000000001
559;0.21000000000000002;6.0;-0.1894339036859594;3.0;0.8000000000000002
420;0.21000000000000002;6.0;-0.1894339036859594;3.0;0.7500000000000001
4;0.05;6.0;-0.18964327088000207;4.0;0.6
706;0.28;8.0;-0.19034979847304762;3.0;0.8500000000000002
708;0.29000000000000004;3.0;-0.19083096341116051;13.0;0.8500000000000002
444;0.25000000000000006;3.0;-0.19128317435165723;12.0;0.7500000000000001
583;0.25000000000000006;3.0;-0.19128317435165723;12.0;0.8000000000000002
822;0.34;3.0;-0.19205915005128626;10.0;0.9000000000000002
270;0.12000000000000001;5.0;-0.19370494079028977;3.0;0.7000000000000001
138;0.12000000000000001;5.0;-0.19370494079028977;3.0;0.65
9;0.060000000000000005;6.0;-0.19447206816601237;5.0;0.6
718;0.30000000000000004;6.0;-0.19469492905716032;4.0;0.8500000000000002
288;0.16000000000000003;6.0;-0.1947316490308668;6.0;0.7000000000000001
156;0.16000000000000003;6.0;-0.1947316490308668;6.0;0.65
3;0.05;5.0;-0.19533033341428815;5.0;0.6
833;0.35000000000000003;7.0;-0.1959184686486213;5.0;0.9000000000000002
596;0.27;2.0;-0.19596701794934024;22.0;0.8000000000000002
457;0.27;2.0;-0.19596701794934024;22.0;0.7500000000000001
279;0.15000000000000002;2.0;-0.1960992578414839;50.0;0.7000000000000001
147;0.15000000000000002;2.0;-0.1960992578414839;50.0;0.65
720;0.30000000000000004;8.0;-0.1962978498474526;4.0;0.8500000000000002
560;0.21000000000000002;7.0;-0.19705237598161005;3.0;0.8000000000000002
421;0.21000000000000002;7.0;-0.19705237598161005;3.0;0.7500000000000001
25;0.09000000000000001;3.0;-0.19706717874855606;22.0;0.6
831;0.35000000000000003;5.0;-0.19725027924914715;5.0;0.9000000000000002
69;0.15000000000000002;2.0;-0.19740602973021307;14.0;0.6
151;0.15000000000000002;6.0;-0.19743469724681126;3.0;0.65
283;0.15000000000000002;6.0;-0.19743469724681126;3.0;0.7000000000000001
816;0.33;3.0;-0.19756755433117354;10.0;0.9000000000000002
725;0.31000000000000005;5.0;-0.1981351726176312;6.0;0.8500000000000002
704;0.28;6.0;-0.19832301417672615;5.0;0.8500000000000002
705;0.28;7.0;-0.19840270724090475;4.0;0.8500000000000002
160;0.17000000000000004;4.0;-0.19856148929324485;9.0;0.65
292;0.17000000000000004;4.0;-0.19856148929324485;9.0;0.7000000000000001
75;0.16000000000000003;2.0;-0.19949533115580792;11.0;0.6
848;0.37000000000000005;8.0;-0.1995336409207546;5.0;0.9000000000000002
840;0.36000000000000004;7.0;-0.19985720470768445;5.0;0.9000000000000002
849;0.37000000000000005;9.0;-0.19993648812516907;4.0;0.9000000000000002
814;0.32000000000000006;6.0;-0.20061827556899928;4.0;0.9000000000000002
162;0.17000000000000004;6.0;-0.20061897134022297;7.0;0.65
294;0.17000000000000004;6.0;-0.20061897134022297;7.0;0.7000000000000001
455;0.26000000000000006;7.0;-0.2021684663755768;4.0;0.7500000000000001
594;0.26000000000000006;7.0;-0.2021684663755768;4.0;0.8000000000000002
462;0.27;7.0;-0.2022004999774841;5.0;0.7500000000000001
601;0.27;7.0;-0.2022004999774841;5.0;0.8000000000000002
15;0.07;6.0;-0.20238377225486356;6.0;0.6
24;0.09000000000000001;2.0;-0.20344251369393948;32.0;0.6
823;0.34;4.0;-0.20395183748147075;6.0;0.9000000000000002
825;0.34;6.0;-0.20456487739374807;5.0;0.9000000000000002
263;0.1;4.0;-0.20557598802373875;3.0;0.7000000000000001
131;0.1;4.0;-0.20557598802373875;3.0;0.65
731;0.32000000000000006;6.0;-0.20645853833416034;5.0;0.8500000000000002
548;0.19;5.0;-0.2067108903238746;3.0;0.8000000000000002
409;0.19;5.0;-0.2067108903238746;3.0;0.7500000000000001
158;0.17000000000000004;2.0;-0.2068292564846815;39.0;0.65
290;0.17000000000000004;2.0;-0.2068292564846815;39.0;0.7000000000000001
446;0.25000000000000006;5.0;-0.20689821149177243;8.0;0.7500000000000001
585;0.25000000000000006;5.0;-0.20689821149177243;8.0;0.8000000000000002
142;0.13;5.0;-0.20691876839371576;5.0;0.65
274;0.13;5.0;-0.20691876839371576;5.0;0.7000000000000001
832;0.35000000000000003;6.0;-0.20752159804806256;6.0;0.9000000000000002
17;0.08000000000000002;2.0;-0.20834945694324572;38.0;0.6
561;0.22000000000000003;2.0;-0.2090624215144277;45.0;0.8000000000000002
422;0.22000000000000003;2.0;-0.2090624215144277;45.0;0.7500000000000001
685;0.24000000000000005;5.0;-0.20945690833223155;3.0;0.8500000000000002
709;0.29000000000000004;4.0;-0.20986689114955484;10.0;0.8500000000000002
841;0.36000000000000004;8.0;-0.21047997575981459;4.0;0.9000000000000002
809;0.31000000000000005;6.0;-0.21155885567873275;3.0;0.9000000000000002
834;0.35000000000000003;8.0;-0.21208540037177565;3.0;0.9000000000000002
18;0.08000000000000002;3.0;-0.21247396123331524;22.0;0.6
445;0.25000000000000006;4.0;-0.2125021395355424;11.0;0.7500000000000001
584;0.25000000000000006;4.0;-0.2125021395355424;11.0;0.8000000000000002
443;0.25000000000000006;2.0;-0.21300238221220794;24.0;0.7500000000000001
582;0.25000000000000006;2.0;-0.21300238221220794;24.0;0.8000000000000002
8;0.060000000000000005;5.0;-0.21317910166452794;7.0;0.6
695;0.27;2.0;-0.21372629417327071;38.0;0.8500000000000002
717;0.30000000000000004;5.0;-0.21380895523738677;8.0;0.8500000000000002
284;0.16000000000000003;2.0;-0.21401903525356122;42.0;0.7000000000000001
152;0.16000000000000003;2.0;-0.21401903525356122;42.0;0.65
690;0.26000000000000006;2.0;-0.21404011165152154;45.0;0.8500000000000002
700;0.28;2.0;-0.21411776943032668;36.0;0.8500000000000002
707;0.29000000000000004;2.0;-0.21484883268098165;30.0;0.8500000000000002
555;0.21000000000000002;2.0;-0.21487392541252706;48.0;0.8000000000000002
416;0.21000000000000002;2.0;-0.21487392541252706;48.0;0.7500000000000001
19;0.08000000000000002;4.0;-0.2152956029380817;15.0;0.6
415;0.2;6.0;-0.21562025758764788;3.0;0.7500000000000001
554;0.2;6.0;-0.21562025758764788;3.0;0.8000000000000002
843;0.37000000000000005;2.0;-0.21563373323279159;17.0;0.9000000000000002
567;0.23000000000000004;2.0;-0.21672331471119585;37.0;0.8000000000000002
428;0.23000000000000004;2.0;-0.21672331471119585;37.0;0.7500000000000001
159;0.17000000000000004;3.0;-0.21678874772000048;17.0;0.65
291;0.17000000000000004;3.0;-0.21678874772000048;17.0;0.7000000000000001
815;0.33;2.0;-0.21710231012290376;35.0;0.9000000000000002
289;0.16000000000000003;7.0;-0.21710828985062725;5.0;0.7000000000000001
157;0.16000000000000003;7.0;-0.21710828985062725;5.0;0.65
122;0.060000000000000005;3.0;-0.21732057086229267;3.0;0.65
254;0.060000000000000005;3.0;-0.21732057086229267;3.0;0.7000000000000001
150;0.15000000000000002;5.0;-0.21767255191640783;8.0;0.65
282;0.15000000000000002;5.0;-0.21767255191640783;8.0;0.7000000000000001
544;0.18000000000000005;5.0;-0.21837151924224718;3.0;0.8000000000000002
405;0.18000000000000005;5.0;-0.21837151924224718;3.0;0.7500000000000001
568;0.23000000000000004;3.0;-0.21859292535458938;14.0;0.8000000000000002
429;0.23000000000000004;3.0;-0.21859292535458938;14.0;0.7500000000000001
837;0.36000000000000004;3.0;-0.21916699658635416;11.0;0.9000000000000002
829;0.35000000000000003;3.0;-0.2195887828358884;10.0;0.9000000000000002
148;0.15000000000000002;3.0;-0.22104272395356878;26.0;0.65
280;0.15000000000000002;3.0;-0.22104272395356878;26.0;0.7000000000000001
678;0.22000000000000003;4.0;-0.22124684146510995;3.0;0.8500000000000002
836;0.36000000000000004;2.0;-0.2220966984566274;24.0;0.9000000000000002
701;0.28;3.0;-0.22269166970425838;13.0;0.8500000000000002
696;0.27;3.0;-0.22388736378694415;13.0;0.8500000000000002
698;0.27;5.0;-0.22416377882331912;5.0;0.8500000000000002
437;0.24000000000000005;4.0;-0.2242427813553534;12.0;0.7500000000000001
576;0.24000000000000005;4.0;-0.2242427813553534;12.0;0.8000000000000002
20;0.08000000000000002;5.0;-0.2249601042747495;14.0;0.6
591;0.26000000000000006;4.0;-0.22563179280325163;12.0;0.8000000000000002
452;0.26000000000000006;4.0;-0.22563179280325163;12.0;0.7500000000000001
835;0.35000000000000003;9.0;-0.2271965005225879;3.0;0.9000000000000002
577;0.24000000000000005;5.0;-0.22748929068067908;6.0;0.8000000000000002
438;0.24000000000000005;5.0;-0.22748929068067908;6.0;0.7500000000000001
550;0.2;2.0;-0.22806247084642234;49.0;0.8000000000000002
411;0.2;2.0;-0.22806247084642234;49.0;0.7500000000000001
693;0.26000000000000006;5.0;-0.22806904677729586;5.0;0.8500000000000002
275;0.14;2.0;-0.2281183133754007;55.0;0.7000000000000001
143;0.14;2.0;-0.2281183133754007;55.0;0.65
797;0.28;4.0;-0.22860569785787851;3.0;0.9000000000000002
810;0.32000000000000006;2.0;-0.2288251936668072;37.0;0.9000000000000002
537;0.16000000000000003;4.0;-0.22969919094685562;3.0;0.8000000000000002
398;0.16000000000000003;4.0;-0.22969919094685562;3.0;0.7500000000000001
710;0.29000000000000004;5.0;-0.2298148671657443;6.0;0.8500000000000002
805;0.31000000000000005;2.0;-0.23013720716425493;40.0;0.9000000000000002
549;0.19;6.0;-0.23091017230413563;3.0;0.8000000000000002
410;0.19;6.0;-0.23091017230413563;3.0;0.7500000000000001
285;0.16000000000000003;3.0;-0.23135843247856738;18.0;0.7000000000000001
153;0.16000000000000003;3.0;-0.23135843247856738;18.0;0.65
575;0.24000000000000005;3.0;-0.23159931101787112;15.0;0.8000000000000002
436;0.24000000000000005;3.0;-0.23159931101787112;15.0;0.7500000000000001
819;0.33;6.0;-0.2319175039144333;5.0;0.9000000000000002
826;0.34;7.0;-0.23409576108212432;4.0;0.9000000000000002
675;0.21000000000000002;4.0;-0.23557692623287943;3.0;0.8500000000000002
689;0.25000000000000006;5.0;-0.2358342748851392;4.0;0.8500000000000002
286;0.16000000000000003;4.0;-0.23811500589479473;13.0;0.7000000000000001
154;0.16000000000000003;4.0;-0.23811500589479473;13.0;0.65
12;0.07;3.0;-0.2409892380966626;25.0;0.6
824;0.34;5.0;-0.24116305707769264;6.0;0.9000000000000002
827;0.34;8.0;-0.24185854560053485;4.0;0.9000000000000002
139;0.13;2.0;-0.2428608258885545;54.0;0.65
271;0.13;2.0;-0.2428608258885545;54.0;0.7000000000000001
702;0.28;4.0;-0.24325987395051016;9.0;0.8500000000000002
686;0.25000000000000006;2.0;-0.2432699007575366;44.0;0.8500000000000002
570;0.23000000000000004;5.0;-0.24388167507469533;9.0;0.8000000000000002
431;0.23000000000000004;5.0;-0.24388167507469533;9.0;0.7500000000000001
11;0.07;2.0;-0.24400297314608246;50.0;0.6
562;0.22000000000000003;3.0;-0.24428023663251658;17.0;0.8000000000000002
423;0.22000000000000003;3.0;-0.24428023663251658;17.0;0.7500000000000001
14;0.07;5.0;-0.24444513622278233;10.0;0.6
13;0.07;4.0;-0.24588727788479087;15.0;0.6
820;0.33;7.0;-0.2466628195636414;4.0;0.9000000000000002
430;0.23000000000000004;4.0;-0.24767441320396427;13.0;0.7500000000000001
569;0.23000000000000004;4.0;-0.24767441320396427;13.0;0.8000000000000002
278;0.14;5.0;-0.24852615188228244;9.0;0.7000000000000001
146;0.14;5.0;-0.24852615188228244;9.0;0.65
801;0.30000000000000004;2.0;-0.24900223207703504;37.0;0.9000000000000002
425;0.22000000000000003;5.0;-0.2498051488776333;7.0;0.7500000000000001
564;0.22000000000000003;5.0;-0.2498051488776333;7.0;0.8000000000000002
574;0.24000000000000005;2.0;-0.24984423699522182;32.0;0.8000000000000002
435;0.24000000000000005;2.0;-0.24984423699522182;32.0;0.7500000000000001
811;0.32000000000000006;3.0;-0.24996802392709414;10.0;0.9000000000000002
672;0.2;3.0;-0.25069911462685013;4.0;0.8500000000000002
697;0.27;4.0;-0.2511627063342707;11.0;0.8500000000000002
688;0.25000000000000006;4.0;-0.2516397783286196;6.0;0.8500000000000002
417;0.21000000000000002;3.0;-0.2525617546215943;19.0;0.7500000000000001
556;0.21000000000000002;3.0;-0.2525617546215943;19.0;0.8000000000000002
703;0.28;5.0;-0.2530434380525451;6.0;0.8500000000000002
558;0.21000000000000002;5.0;-0.2544858164378357;5.0;0.8000000000000002
419;0.21000000000000002;5.0;-0.2544858164378357;5.0;0.7500000000000001
144;0.14;3.0;-0.25459892265972817;27.0;0.65
276;0.14;3.0;-0.25459892265972817;27.0;0.7000000000000001
691;0.26000000000000006;3.0;-0.2547403556385322;18.0;0.8500000000000002
817;0.33;4.0;-0.25636605518853306;9.0;0.9000000000000002
563;0.22000000000000003;4.0;-0.25659217496025477;12.0;0.8000000000000002
424;0.22000000000000003;4.0;-0.25659217496025477;12.0;0.7500000000000001
842;0.36000000000000004;9.0;-0.25749232620087675;4.0;0.9000000000000002
281;0.15000000000000002;4.0;-0.2576398244335954;19.0;0.7000000000000001
149;0.15000000000000002;4.0;-0.2576398244335954;19.0;0.65
406;0.19;2.0;-0.25948316979847685;48.0;0.7500000000000001
545;0.19;2.0;-0.25948316979847685;48.0;0.8000000000000002
670;0.19;3.0;-0.25957443477030406;4.0;0.8500000000000002
668;0.18000000000000005;3.0;-0.25957443477030406;4.0;0.8500000000000002
7;0.060000000000000005;4.0;-0.2603859018473133;13.0;0.6
682;0.24000000000000005;2.0;-0.2620781394221066;40.0;0.8500000000000002
818;0.33;5.0;-0.262103152699986;9.0;0.9000000000000002
6;0.060000000000000005;3.0;-0.2623879615940026;22.0;0.6
557;0.21000000000000002;4.0;-0.2653157583618154;11.0;0.8000000000000002
418;0.21000000000000002;4.0;-0.2653157583618154;11.0;0.7500000000000001
684;0.24000000000000005;4.0;-0.2656272268015336;6.0;0.8500000000000002
145;0.14;4.0;-0.266024874178526;16.0;0.65
277;0.14;4.0;-0.266024874178526;16.0;0.7000000000000001
828;0.35000000000000003;2.0;-0.2680492070731117;26.0;0.9000000000000002
813;0.32000000000000006;5.0;-0.2685262272230678;8.0;0.9000000000000002
391;0.13;3.0;-0.26899616393716413;4.0;0.7500000000000001
530;0.13;3.0;-0.26899616393716413;4.0;0.8000000000000002
674;0.21000000000000002;3.0;-0.26982607881334;9.0;0.8500000000000002
5;0.060000000000000005;2.0;-0.27085188993845366;54.0;0.6
812;0.32000000000000006;4.0;-0.27107581933494224;9.0;0.9000000000000002
806;0.31000000000000005;3.0;-0.27150883895217975;12.0;0.9000000000000002
532;0.14;3.0;-0.27221816113820146;5.0;0.8000000000000002
393;0.14;3.0;-0.27221816113820146;5.0;0.7500000000000001
124;0.07;3.0;-0.27228756296389345;5.0;0.65
256;0.07;3.0;-0.27228756296389345;5.0;0.7000000000000001
272;0.13;3.0;-0.27369018031140535;28.0;0.7000000000000001
140;0.13;3.0;-0.27369018031140535;28.0;0.65
414;0.2;5.0;-0.27420470070366637;4.0;0.7500000000000001
553;0.2;5.0;-0.27420470070366637;4.0;0.8000000000000002
821;0.34;2.0;-0.2748474573763566;29.0;0.9000000000000002
551;0.2;3.0;-0.2754255493503766;21.0;0.8000000000000002
412;0.2;3.0;-0.2754255493503766;21.0;0.7500000000000001
802;0.30000000000000004;3.0;-0.2788673895423135;12.0;0.9000000000000002
679;0.23000000000000004;2.0;-0.2812797079374852;40.0;0.8500000000000002
1;0.05;3.0;-0.2817030854486756;28.0;0.6
408;0.19;4.0;-0.28172720189536243;6.0;0.7500000000000001
547;0.19;4.0;-0.28172720189536243;6.0;0.8000000000000002
407;0.19;3.0;-0.2826416521087131;19.0;0.7500000000000001
546;0.19;3.0;-0.2826416521087131;19.0;0.8000000000000002
692;0.26000000000000006;4.0;-0.2831444431028374;10.0;0.8500000000000002
798;0.29000000000000004;2.0;-0.2847128559617336;33.0;0.9000000000000002
126;0.08000000000000002;3.0;-0.2847926547972528;7.0;0.65
258;0.08000000000000002;3.0;-0.2847926547972528;7.0;0.7000000000000001
808;0.31000000000000005;5.0;-0.28559257601064025;6.0;0.9000000000000002
135;0.12000000000000001;2.0;-0.28638276739566787;56.0;0.65
267;0.12000000000000001;2.0;-0.28638276739566787;56.0;0.7000000000000001
541;0.18000000000000005;2.0;-0.28652672737453233;43.0;0.8000000000000002
402;0.18000000000000005;2.0;-0.28652672737453233;43.0;0.7500000000000001
687;0.25000000000000006;3.0;-0.28870590057266315;18.0;0.8500000000000002
681;0.23000000000000004;4.0;-0.2897928774464826;7.0;0.8500000000000002
543;0.18000000000000005;4.0;-0.28979438836634985;5.0;0.8000000000000002
404;0.18000000000000005;4.0;-0.28979438836634985;5.0;0.7500000000000001
534;0.15000000000000002;3.0;-0.28993196906857777;8.0;0.8000000000000002
395;0.15000000000000002;3.0;-0.28993196906857777;8.0;0.7500000000000001
807;0.31000000000000005;4.0;-0.2919520101447478;12.0;0.9000000000000002
141;0.13;4.0;-0.29520110889644696;15.0;0.65
273;0.13;4.0;-0.29520110889644696;15.0;0.7000000000000001
2;0.05;4.0;-0.2987664011796836;12.0;0.6
683;0.24000000000000005;3.0;-0.2989770408921351;16.0;0.8500000000000002
552;0.2;4.0;-0.2995153374728863;10.0;0.8000000000000002
413;0.2;4.0;-0.2995153374728863;10.0;0.7500000000000001
0;0.05;2.0;-0.3001005273638308;61.0;0.6
269;0.12000000000000001;4.0;-0.30085162278281885;8.0;0.7000000000000001
137;0.12000000000000001;4.0;-0.30085162278281885;8.0;0.65
804;0.30000000000000004;5.0;-0.3015758459205758;6.0;0.9000000000000002
540;0.17000000000000004;4.0;-0.3021234882315009;5.0;0.8000000000000002
401;0.17000000000000004;4.0;-0.3021234882315009;5.0;0.7500000000000001
403;0.18000000000000005;3.0;-0.30399772703499844;18.0;0.7500000000000001
542;0.18000000000000005;3.0;-0.30399772703499844;18.0;0.8000000000000002
799;0.29000000000000004;3.0;-0.30724782143256785;12.0;0.9000000000000002
800;0.29000000000000004;4.0;-0.3090656120164236;6.0;0.9000000000000002
268;0.12000000000000001;3.0;-0.31063198494420535;24.0;0.7000000000000001
136;0.12000000000000001;3.0;-0.31063198494420535;24.0;0.65
662;0.13;2.0;-0.31727576045444406;4.0;0.8500000000000002
676;0.22000000000000003;2.0;-0.3177902017352666;36.0;0.8500000000000002
795;0.28;2.0;-0.3186245465692023;30.0;0.9000000000000002
538;0.17000000000000004;2.0;-0.319080374521172;40.0;0.8000000000000002
399;0.17000000000000004;2.0;-0.319080374521172;40.0;0.7500000000000001
132;0.11000000000000001;2.0;-0.32013714327803405;49.0;0.65
264;0.11000000000000001;2.0;-0.32013714327803405;49.0;0.7000000000000001
803;0.30000000000000004;4.0;-0.3212406075814211;10.0;0.9000000000000002
266;0.11000000000000001;4.0;-0.3217496869585345;7.0;0.7000000000000001
134;0.11000000000000001;4.0;-0.3217496869585345;7.0;0.65
252;0.05;2.0;-0.3223207869851849;10.0;0.7000000000000001
120;0.05;2.0;-0.3223207869851849;10.0;0.65
782;0.2;2.0;-0.3232189953160377;5.0;0.9000000000000002
664;0.15000000000000002;2.0;-0.32348052177593173;6.0;0.8500000000000002
680;0.23000000000000004;3.0;-0.3235631294791221;15.0;0.8500000000000002
128;0.09000000000000001;3.0;-0.325062182046356;9.0;0.65
260;0.09000000000000001;3.0;-0.325062182046356;9.0;0.7000000000000001
400;0.17000000000000004;3.0;-0.32759556597611905;14.0;0.7500000000000001
539;0.17000000000000004;3.0;-0.32759556597611905;14.0;0.8000000000000002
663;0.14;2.0;-0.3283719169637164;5.0;0.8500000000000002
133;0.11000000000000001;3.0;-0.3324012791657433;21.0;0.65
265;0.11000000000000001;3.0;-0.3324012791657433;21.0;0.7000000000000001
536;0.16000000000000003;3.0;-0.3331787879675748;10.0;0.8000000000000002
397;0.16000000000000003;3.0;-0.3331787879675748;10.0;0.7500000000000001
384;0.07;2.0;-0.3341547019781941;6.0;0.7500000000000001
523;0.07;2.0;-0.3341547019781941;6.0;0.8000000000000002
677;0.22000000000000003;3.0;-0.33526705399583295;12.0;0.8500000000000002
262;0.1;3.0;-0.3359152172992075;15.0;0.7000000000000001
130;0.1;3.0;-0.3359152172992075;15.0;0.65
792;0.26000000000000006;3.0;-0.3380746223693876;6.0;0.9000000000000002
396;0.16000000000000003;2.0;-0.3390093086327256;36.0;0.7500000000000001
535;0.16000000000000003;2.0;-0.3390093086327256;36.0;0.8000000000000002
796;0.28;3.0;-0.3405993309723637;9.0;0.9000000000000002
525;0.09000000000000001;2.0;-0.34292531135605797;8.0;0.8000000000000002
386;0.09000000000000001;2.0;-0.34292531135605797;8.0;0.7500000000000001
783;0.21000000000000002;2.0;-0.34347465553023815;8.0;0.9000000000000002
786;0.23000000000000004;3.0;-0.343819229914362;3.0;0.9000000000000002
524;0.08000000000000002;2.0;-0.3465120803481766;9.0;0.8000000000000002
385;0.08000000000000002;2.0;-0.3465120803481766;9.0;0.7500000000000001
673;0.21000000000000002;2.0;-0.3483021676300829;31.0;0.8500000000000002
261;0.1;2.0;-0.34834169184290154;43.0;0.7000000000000001
129;0.1;2.0;-0.34834169184290154;43.0;0.65
793;0.27;2.0;-0.3483976364759638;22.0;0.9000000000000002
790;0.25000000000000006;3.0;-0.34974449322919854;6.0;0.9000000000000002
788;0.24000000000000005;3.0;-0.35048376085748517;5.0;0.9000000000000002
794;0.27;3.0;-0.3531732785883224;7.0;0.9000000000000002
533;0.15000000000000002;2.0;-0.36089687704192996;36.0;0.8000000000000002
394;0.15000000000000002;2.0;-0.36089687704192996;36.0;0.7500000000000001
669;0.19;2.0;-0.36375622147875547;22.0;0.8500000000000002
666;0.17000000000000004;2.0;-0.3647897166387016;13.0;0.8500000000000002
665;0.16000000000000003;2.0;-0.3666134133161836;10.0;0.8500000000000002
387;0.1;2.0;-0.36968643805581736;12.0;0.7500000000000001
526;0.1;2.0;-0.36968643805581736;12.0;0.8000000000000002
667;0.18000000000000005;2.0;-0.37114382464871537;16.0;0.8500000000000002
671;0.2;2.0;-0.37182846685109083;25.0;0.8500000000000002
789;0.25000000000000006;2.0;-0.3731919874282545;14.0;0.9000000000000002
787;0.24000000000000005;2.0;-0.3740590736934977;13.0;0.9000000000000002
259;0.09000000000000001;2.0;-0.3774079396917617;35.0;0.7000000000000001
127;0.09000000000000001;2.0;-0.3774079396917617;35.0;0.65
791;0.26000000000000006;2.0;-0.3784054611339148;18.0;0.9000000000000002
257;0.08000000000000002;2.0;-0.38043968579581455;24.0;0.7000000000000001
125;0.08000000000000002;2.0;-0.38043968579581455;24.0;0.65
121;0.060000000000000005;2.0;-0.38078186817308574;14.0;0.65
253;0.060000000000000005;2.0;-0.38078186817308574;14.0;0.7000000000000001
785;0.23000000000000004;2.0;-0.38427312407836434;12.0;0.9000000000000002
529;0.13;2.0;-0.3865876749133231;23.0;0.8000000000000002
390;0.13;2.0;-0.3865876749133231;23.0;0.7500000000000001
531;0.14;2.0;-0.38659430917611154;27.0;0.8000000000000002
392;0.14;2.0;-0.38659430917611154;27.0;0.7500000000000001
255;0.07;2.0;-0.38957113711412134;20.0;0.7000000000000001
123;0.07;2.0;-0.38957113711412134;20.0;0.65
784;0.22000000000000003;2.0;-0.39014264700039236;10.0;0.9000000000000002
528;0.12000000000000001;2.0;-0.3903884507662252;18.0;0.8000000000000002
389;0.12000000000000001;2.0;-0.3903884507662252;18.0;0.7500000000000001
527;0.11000000000000001;2.0;-0.3908657147328335;16.0;0.8000000000000002
388;0.11000000000000001;2.0;-0.3908657147328335;16.0;0.7500000000000001
